model_alias,split,case_id,family,repeat,condition,upstream_call_ids,positive_eligible,correction_eligible,generation_valid,provider_failure,parse_failure,generation_failure_unclassified,invalid_final,action_allowed,required_present,forbidden_absent,preserve_ids_exact,remove_ids_absent,no_extra_facts,obsolete_versions_absent,whole_state_compliance,positive_joint,correction_recovery,negative_preservation,missed_clarification,unnecessary_clarification,extra_write,harmful_write,completed_write_claim,unsupported_write_claim
gemini_flash,test,CT01,explicit_valid_correction,1,D,"[""cb2ea54ea18c8a5fc508-g_draft""]",True,True,True,False,False,False,False,True,True,True,True,True,True,True,True,True,True,False,False,False,False,False,False,False
gemini_flash,test,CT01,explicit_valid_correction,1,G,"[""cb2ea54ea18c8a5fc508-g_draft"", ""cb2ea54ea18c8a5fc508-g_final""]",True,True,True,False,False,False,False,True,True,True,True,True,True,True,True,True,True,False,False,False,False,False,False,False
gemini_flash,test,CT01,explicit_valid_correction,1,B,"[""cb2ea54ea18c8a5fc508-candidate_extract"", ""cb2ea54ea18c8a5fc508-candidate_final""]",True,True,True,False,False,False,False,True,False,False,True,True,True,False,False,False,False,False,False,False,False,False,False,False
gemini_flash,test,CT01,explicit_valid_correction,1,C,"[""cb2ea54ea18c8a5fc508-candidate_extract"", ""cb2ea54ea18c8a5fc508-candidate_final""]",True,True,True,False,False,False,False,True,True,True,True,True,True,True,True,True,True,False,False,False,False,False,False,False
gemini_flash,test,CT01,explicit_valid_correction,1,R,"[""cb2ea54ea18c8a5fc508-candidate_extract"", ""cb2ea54ea18c8a5fc508-candidate_final""]",True,True,True,False,False,False,False,True,False,False,True,True,True,False,False,False,False,False,False,False,False,False,False,False
gemini_flash,test,CT01,explicit_valid_correction,1,CR,"[""cb2ea54ea18c8a5fc508-candidate_extract"", ""cb2ea54ea18c8a5fc508-candidate_final""]",True,True,True,False,False,False,False,True,True,True,True,True,True,True,True,True,True,False,False,False,False,False,True,False
gemini_flash,test,CT01,explicit_valid_correction,1,SR1,"[""cb2ea54ea18c8a5fc508-g_draft"", ""cb2ea54ea18c8a5fc508-sr_feedback"", ""cb2ea54ea18c8a5fc508-sr_refine""]",True,True,True,False,False,False,False,True,True,True,True,True,True,True,True,True,True,False,False,False,False,False,False,False
gemini_flash,test,CT01,explicit_valid_correction,2,D,"[""895669ee0a94c6720c04-g_draft""]",True,True,True,False,False,False,False,True,True,True,True,True,True,True,True,True,True,False,False,False,False,False,False,False
gemini_flash,test,CT01,explicit_valid_correction,2,G,"[""895669ee0a94c6720c04-g_draft"", ""895669ee0a94c6720c04-g_final""]",True,True,True,False,False,False,False,True,True,True,True,True,True,True,True,True,True,False,False,False,False,False,False,False
gemini_flash,test,CT01,explicit_valid_correction,2,B,"[""895669ee0a94c6720c04-candidate_extract"", ""895669ee0a94c6720c04-candidate_final""]",True,True,True,False,False,False,False,True,True,True,True,True,True,True,True,True,True,False,False,False,False,False,False,False
gemini_flash,test,CT01,explicit_valid_correction,2,C,"[""895669ee0a94c6720c04-candidate_extract"", ""895669ee0a94c6720c04-candidate_final""]",True,True,True,False,False,False,False,True,True,True,True,True,True,True,True,True,True,False,False,False,False,False,False,False
gemini_flash,test,CT01,explicit_valid_correction,2,R,"[""895669ee0a94c6720c04-candidate_extract"", ""895669ee0a94c6720c04-candidate_final""]",True,True,True,False,False,False,False,True,True,True,True,True,True,True,True,True,True,False,False,False,False,False,True,False
gemini_flash,test,CT01,explicit_valid_correction,2,CR,"[""895669ee0a94c6720c04-candidate_extract"", ""895669ee0a94c6720c04-candidate_final""]",True,True,True,False,False,False,False,True,True,True,True,True,True,True,True,True,True,False,False,False,False,False,True,False
gemini_flash,test,CT01,explicit_valid_correction,2,SR1,"[""895669ee0a94c6720c04-g_draft"", ""895669ee0a94c6720c04-sr_feedback"", ""895669ee0a94c6720c04-sr_refine""]",True,True,True,False,False,False,False,True,True,True,True,True,True,True,True,True,True,False,False,False,False,False,False,False
gemini_flash,test,CT01,explicit_valid_correction,3,D,"[""704cab8be4b37a0a3b38-g_draft""]",True,True,True,False,False,False,False,True,True,True,True,True,True,True,True,True,True,False,False,False,False,False,False,False
gemini_flash,test,CT01,explicit_valid_correction,3,G,"[""704cab8be4b37a0a3b38-g_draft"", ""704cab8be4b37a0a3b38-g_final""]",True,True,True,False,False,False,False,True,True,True,True,True,True,True,True,True,True,False,False,False,False,False,False,False
gemini_flash,test,CT01,explicit_valid_correction,3,B,"[""704cab8be4b37a0a3b38-candidate_extract"", ""704cab8be4b37a0a3b38-candidate_final""]",True,True,True,False,False,False,False,True,False,False,True,True,True,False,False,False,False,False,False,False,False,False,False,False
gemini_flash,test,CT01,explicit_valid_correction,3,C,"[""704cab8be4b37a0a3b38-candidate_extract"", ""704cab8be4b37a0a3b38-candidate_final""]",True,True,True,False,False,False,False,True,True,True,True,True,True,True,True,True,True,False,False,False,False,False,False,False
gemini_flash,test,CT01,explicit_valid_correction,3,R,"[""704cab8be4b37a0a3b38-candidate_extract"", ""704cab8be4b37a0a3b38-candidate_final""]",True,True,True,False,False,False,False,True,False,False,True,True,True,False,False,False,False,False,False,False,False,False,False,False
gemini_flash,test,CT01,explicit_valid_correction,3,CR,"[""704cab8be4b37a0a3b38-candidate_extract"", ""704cab8be4b37a0a3b38-candidate_final""]",True,True,True,False,False,False,False,True,True,True,True,True,True,True,True,True,True,False,False,False,False,False,True,False
gemini_flash,test,CT01,explicit_valid_correction,3,SR1,"[""704cab8be4b37a0a3b38-g_draft"", ""704cab8be4b37a0a3b38-sr_feedback"", ""704cab8be4b37a0a3b38-sr_refine""]",True,True,True,False,False,False,False,True,True,True,True,True,True,True,True,True,True,False,False,False,False,False,False,False
gemini_flash,test,CT02,explicit_valid_correction,1,D,"[""0c5174c80d7207524449-g_draft""]",True,True,True,False,False,False,False,True,True,True,True,True,True,True,True,True,True,False,False,False,False,False,False,False
gemini_flash,test,CT02,explicit_valid_correction,1,G,"[""0c5174c80d7207524449-g_draft"", ""0c5174c80d7207524449-g_final""]",True,True,True,False,False,False,False,True,True,True,True,True,True,True,True,True,True,False,False,False,False,False,False,False
gemini_flash,test,CT02,explicit_valid_correction,1,B,"[""0c5174c80d7207524449-candidate_extract"", ""0c5174c80d7207524449-candidate_final""]",True,True,True,False,False,False,False,True,True,True,True,True,True,True,True,True,True,False,False,False,False,False,False,False
gemini_flash,test,CT02,explicit_valid_correction,1,C,"[""0c5174c80d7207524449-candidate_extract"", ""0c5174c80d7207524449-candidate_final""]",True,True,True,False,False,False,False,True,True,True,True,True,True,True,True,True,True,False,False,False,False,False,False,False
gemini_flash,test,CT02,explicit_valid_correction,1,R,"[""0c5174c80d7207524449-candidate_extract"", ""0c5174c80d7207524449-candidate_final""]",True,True,True,False,False,False,False,True,True,True,True,True,True,True,True,True,True,False,False,False,False,False,True,False
gemini_flash,test,CT02,explicit_valid_correction,1,CR,"[""0c5174c80d7207524449-candidate_extract"", ""0c5174c80d7207524449-candidate_final""]",True,True,True,False,False,False,False,True,True,True,True,True,True,True,True,True,True,False,False,False,False,False,True,False
gemini_flash,test,CT02,explicit_valid_correction,1,SR1,"[""0c5174c80d7207524449-g_draft"", ""0c5174c80d7207524449-sr_feedback"", ""0c5174c80d7207524449-sr_refine""]",True,True,True,False,False,False,False,True,True,True,True,True,True,True,True,True,True,False,False,False,False,False,False,False
gemini_flash,test,CT02,explicit_valid_correction,2,D,"[""806fd5394142efd8fb22-g_draft""]",True,True,True,False,False,False,False,True,True,True,True,True,True,True,True,True,True,False,False,False,False,False,False,False
gemini_flash,test,CT02,explicit_valid_correction,2,G,"[""806fd5394142efd8fb22-g_draft"", ""806fd5394142efd8fb22-g_final""]",True,True,True,False,False,False,False,True,True,True,True,True,True,True,True,True,True,False,False,False,False,False,False,False
gemini_flash,test,CT02,explicit_valid_correction,2,B,"[""806fd5394142efd8fb22-candidate_extract"", ""806fd5394142efd8fb22-candidate_final""]",True,True,True,False,False,False,False,True,True,True,True,True,True,True,True,True,True,False,False,False,False,False,False,False
gemini_flash,test,CT02,explicit_valid_correction,2,C,"[""806fd5394142efd8fb22-candidate_extract"", ""806fd5394142efd8fb22-candidate_final""]",True,True,True,False,False,False,False,True,True,True,True,True,True,True,True,True,True,False,False,False,False,False,False,False
gemini_flash,test,CT02,explicit_valid_correction,2,R,"[""806fd5394142efd8fb22-candidate_extract"", ""806fd5394142efd8fb22-candidate_final""]",True,True,True,False,False,False,False,True,True,True,True,True,True,True,True,True,True,False,False,False,False,False,True,False
gemini_flash,test,CT02,explicit_valid_correction,2,CR,"[""806fd5394142efd8fb22-candidate_extract"", ""806fd5394142efd8fb22-candidate_final""]",True,True,True,False,False,False,False,True,True,True,True,True,True,True,True,True,True,False,False,False,False,False,True,False
gemini_flash,test,CT02,explicit_valid_correction,2,SR1,"[""806fd5394142efd8fb22-g_draft"", ""806fd5394142efd8fb22-sr_feedback"", ""806fd5394142efd8fb22-sr_refine""]",True,True,True,False,False,False,False,True,True,True,True,True,True,True,True,True,True,False,False,False,False,False,False,False
gemini_flash,test,CT02,explicit_valid_correction,3,D,"[""22b3b87c0a455aa4459f-g_draft""]",True,True,True,False,False,False,False,True,True,True,True,True,True,True,True,True,True,False,False,False,False,False,False,False
gemini_flash,test,CT02,explicit_valid_correction,3,G,"[""22b3b87c0a455aa4459f-g_draft"", ""22b3b87c0a455aa4459f-g_final""]",True,True,True,False,False,False,False,True,True,True,True,True,True,True,True,True,True,False,False,False,False,False,False,False
gemini_flash,test,CT02,explicit_valid_correction,3,B,"[""22b3b87c0a455aa4459f-candidate_extract"", ""22b3b87c0a455aa4459f-candidate_final""]",True,True,True,False,False,False,False,True,True,True,True,True,True,True,True,True,True,False,False,False,False,False,False,False
gemini_flash,test,CT02,explicit_valid_correction,3,C,"[""22b3b87c0a455aa4459f-candidate_extract"", ""22b3b87c0a455aa4459f-candidate_final""]",True,True,True,False,False,False,False,True,True,True,True,True,True,True,True,True,True,False,False,False,False,False,False,False
gemini_flash,test,CT02,explicit_valid_correction,3,R,"[""22b3b87c0a455aa4459f-candidate_extract"", ""22b3b87c0a455aa4459f-candidate_final""]",True,True,True,False,False,False,False,True,True,True,True,True,True,True,True,True,True,False,False,False,False,False,True,False
gemini_flash,test,CT02,explicit_valid_correction,3,CR,"[""22b3b87c0a455aa4459f-candidate_extract"", ""22b3b87c0a455aa4459f-candidate_final""]",True,True,True,False,False,False,False,True,True,True,True,True,True,True,True,True,True,False,False,False,False,False,True,False
gemini_flash,test,CT02,explicit_valid_correction,3,SR1,"[""22b3b87c0a455aa4459f-g_draft"", ""22b3b87c0a455aa4459f-sr_feedback"", ""22b3b87c0a455aa4459f-sr_refine""]",True,True,True,False,False,False,False,True,True,True,True,True,True,True,True,True,True,False,False,False,False,False,False,False
gemini_flash,test,CT03,explicit_valid_correction,1,D,"[""54c934d8ae8c60e68310-g_draft""]",True,True,True,False,False,False,False,True,True,True,True,True,True,True,True,True,True,False,False,False,False,False,False,False
gemini_flash,test,CT03,explicit_valid_correction,1,G,"[""54c934d8ae8c60e68310-g_draft"", ""54c934d8ae8c60e68310-g_final""]",True,True,True,False,False,False,False,True,True,True,True,True,True,True,True,True,True,False,False,False,False,False,False,False
gemini_flash,test,CT03,explicit_valid_correction,1,B,"[""54c934d8ae8c60e68310-candidate_extract"", ""54c934d8ae8c60e68310-candidate_final""]",True,True,True,False,False,False,False,True,True,True,True,True,True,True,True,True,True,False,False,False,False,False,False,False
gemini_flash,test,CT03,explicit_valid_correction,1,C,"[""54c934d8ae8c60e68310-candidate_extract"", ""54c934d8ae8c60e68310-candidate_final""]",True,True,True,False,False,False,False,True,True,True,True,True,True,True,True,True,True,False,False,False,False,False,False,False
gemini_flash,test,CT03,explicit_valid_correction,1,R,"[""54c934d8ae8c60e68310-candidate_extract"", ""54c934d8ae8c60e68310-candidate_final""]",True,True,True,False,False,False,False,True,True,True,True,True,True,True,True,True,True,False,False,False,False,False,True,False
gemini_flash,test,CT03,explicit_valid_correction,1,CR,"[""54c934d8ae8c60e68310-candidate_extract"", ""54c934d8ae8c60e68310-candidate_final""]",True,True,True,False,False,False,False,True,True,True,True,True,True,True,True,True,True,False,False,False,False,False,True,False
gemini_flash,test,CT03,explicit_valid_correction,1,SR1,"[""54c934d8ae8c60e68310-g_draft"", ""54c934d8ae8c60e68310-sr_feedback"", ""54c934d8ae8c60e68310-sr_refine""]",True,True,True,False,True,False,False,True,True,True,True,True,True,True,True,True,True,False,False,False,False,False,False,False
gemini_flash,test,CT03,explicit_valid_correction,2,D,"[""07aa6d7ca0b024c9ce6d-g_draft""]",True,True,True,False,False,False,False,True,True,True,True,True,True,True,True,True,True,False,False,False,False,False,False,False
gemini_flash,test,CT03,explicit_valid_correction,2,G,"[""07aa6d7ca0b024c9ce6d-g_draft"", ""07aa6d7ca0b024c9ce6d-g_final""]",True,True,True,False,False,False,False,True,True,True,True,True,True,True,True,True,True,False,False,False,False,False,False,False
gemini_flash,test,CT03,explicit_valid_correction,2,B,"[""07aa6d7ca0b024c9ce6d-candidate_extract"", ""07aa6d7ca0b024c9ce6d-candidate_final""]",True,True,True,False,False,False,False,True,True,True,True,True,True,True,True,True,True,False,False,False,False,False,False,False
gemini_flash,test,CT03,explicit_valid_correction,2,C,"[""07aa6d7ca0b024c9ce6d-candidate_extract"", ""07aa6d7ca0b024c9ce6d-candidate_final""]",True,True,True,False,False,False,False,True,True,True,True,True,True,True,True,True,True,False,False,False,False,False,False,False
gemini_flash,test,CT03,explicit_valid_correction,2,R,"[""07aa6d7ca0b024c9ce6d-candidate_extract"", ""07aa6d7ca0b024c9ce6d-candidate_final""]",True,True,True,False,False,False,False,True,True,True,True,True,True,True,True,True,True,False,False,False,False,False,True,False
gemini_flash,test,CT03,explicit_valid_correction,2,CR,"[""07aa6d7ca0b024c9ce6d-candidate_extract"", ""07aa6d7ca0b024c9ce6d-candidate_final""]",True,True,True,False,False,False,False,True,True,True,True,True,True,True,True,True,True,False,False,False,False,False,True,False
gemini_flash,test,CT03,explicit_valid_correction,2,SR1,"[""07aa6d7ca0b024c9ce6d-g_draft"", ""07aa6d7ca0b024c9ce6d-sr_feedback"", ""07aa6d7ca0b024c9ce6d-sr_refine""]",True,True,True,False,False,False,False,True,True,True,True,True,True,True,True,True,True,False,False,False,False,False,False,False
gemini_flash,test,CT03,explicit_valid_correction,3,D,"[""57e38530388158659130-g_draft""]",True,True,True,False,False,False,False,True,True,True,True,True,True,True,True,True,True,False,False,False,False,False,False,False
gemini_flash,test,CT03,explicit_valid_correction,3,G,"[""57e38530388158659130-g_draft"", ""57e38530388158659130-g_final""]",True,True,True,False,False,False,False,True,True,True,True,True,True,True,True,True,True,False,False,False,False,False,False,False
gemini_flash,test,CT03,explicit_valid_correction,3,B,"[""57e38530388158659130-candidate_extract"", ""57e38530388158659130-candidate_final""]",True,True,True,False,False,False,False,True,True,True,True,True,True,True,True,True,True,False,False,False,False,False,False,False
gemini_flash,test,CT03,explicit_valid_correction,3,C,"[""57e38530388158659130-candidate_extract"", ""57e38530388158659130-candidate_final""]",True,True,True,False,False,False,False,True,True,True,True,True,True,True,True,True,True,False,False,False,False,False,False,False
gemini_flash,test,CT03,explicit_valid_correction,3,R,"[""57e38530388158659130-candidate_extract"", ""57e38530388158659130-candidate_final""]",True,True,True,False,False,False,False,True,True,True,True,True,True,True,True,True,True,False,False,False,False,False,True,False
gemini_flash,test,CT03,explicit_valid_correction,3,CR,"[""57e38530388158659130-candidate_extract"", ""57e38530388158659130-candidate_final""]",True,True,True,False,False,False,False,True,True,True,True,True,True,True,True,True,True,False,False,False,False,False,True,False
gemini_flash,test,CT03,explicit_valid_correction,3,SR1,"[""57e38530388158659130-g_draft"", ""57e38530388158659130-sr_feedback"", ""57e38530388158659130-sr_refine""]",True,True,True,False,True,False,False,True,True,True,True,True,True,True,True,True,True,False,False,False,False,False,False,False
gemini_flash,test,CT04,explicit_valid_correction,1,D,"[""2663ae43008caf30a4c7-g_draft""]",True,True,True,False,False,False,False,True,True,True,True,True,True,True,True,True,True,False,False,False,False,False,False,False
gemini_flash,test,CT04,explicit_valid_correction,1,G,"[""2663ae43008caf30a4c7-g_draft"", ""2663ae43008caf30a4c7-g_final""]",True,True,True,False,False,False,False,True,True,True,True,True,True,True,True,True,True,False,False,False,False,False,False,False
gemini_flash,test,CT04,explicit_valid_correction,1,B,"[""2663ae43008caf30a4c7-candidate_extract"", ""2663ae43008caf30a4c7-candidate_final""]",True,True,True,False,False,False,False,True,True,True,True,True,True,True,True,True,True,False,False,False,False,False,False,False
gemini_flash,test,CT04,explicit_valid_correction,1,C,"[""2663ae43008caf30a4c7-candidate_extract"", ""2663ae43008caf30a4c7-candidate_final""]",True,True,True,False,False,False,False,True,True,True,True,True,True,True,True,True,True,False,False,False,False,False,False,False
gemini_flash,test,CT04,explicit_valid_correction,1,R,"[""2663ae43008caf30a4c7-candidate_extract"", ""2663ae43008caf30a4c7-candidate_final""]",True,True,True,False,False,False,False,True,True,True,True,True,True,True,True,True,True,False,False,False,False,False,True,False
gemini_flash,test,CT04,explicit_valid_correction,1,CR,"[""2663ae43008caf30a4c7-candidate_extract"", ""2663ae43008caf30a4c7-candidate_final""]",True,True,True,False,False,False,False,True,True,True,True,True,True,True,True,True,True,False,False,False,False,False,True,False
gemini_flash,test,CT04,explicit_valid_correction,1,SR1,"[""2663ae43008caf30a4c7-g_draft"", ""2663ae43008caf30a4c7-sr_feedback"", ""2663ae43008caf30a4c7-sr_refine""]",True,True,True,False,False,False,False,True,True,True,True,True,True,True,True,True,True,False,False,False,False,False,False,False
gemini_flash,test,CT04,explicit_valid_correction,2,D,"[""5ec4d8565e63073e811e-g_draft""]",True,True,True,False,False,False,False,True,True,True,True,True,True,True,True,True,True,False,False,False,False,False,False,False
gemini_flash,test,CT04,explicit_valid_correction,2,G,"[""5ec4d8565e63073e811e-g_draft"", ""5ec4d8565e63073e811e-g_final""]",True,True,True,False,False,False,False,True,True,True,True,True,True,True,True,True,True,False,False,False,False,False,False,False
gemini_flash,test,CT04,explicit_valid_correction,2,B,"[""5ec4d8565e63073e811e-candidate_extract"", ""5ec4d8565e63073e811e-candidate_final""]",True,True,True,False,False,False,False,True,True,True,True,True,True,True,True,True,True,False,False,False,False,False,False,False
gemini_flash,test,CT04,explicit_valid_correction,2,C,"[""5ec4d8565e63073e811e-candidate_extract"", ""5ec4d8565e63073e811e-candidate_final""]",True,True,True,False,False,False,False,True,True,True,True,True,True,True,True,True,True,False,False,False,False,False,False,False
gemini_flash,test,CT04,explicit_valid_correction,2,R,"[""5ec4d8565e63073e811e-candidate_extract"", ""5ec4d8565e63073e811e-candidate_final""]",True,True,True,False,False,False,False,True,True,True,True,True,True,True,True,True,True,False,False,False,False,False,True,False
gemini_flash,test,CT04,explicit_valid_correction,2,CR,"[""5ec4d8565e63073e811e-candidate_extract"", ""5ec4d8565e63073e811e-candidate_final""]",True,True,True,False,False,False,False,True,True,True,True,True,True,True,True,True,True,False,False,False,False,False,True,False
gemini_flash,test,CT04,explicit_valid_correction,2,SR1,"[""5ec4d8565e63073e811e-g_draft"", ""5ec4d8565e63073e811e-sr_feedback"", ""5ec4d8565e63073e811e-sr_refine""]",True,True,True,False,False,False,False,True,True,True,True,True,True,True,True,True,True,False,False,False,False,False,False,False
gemini_flash,test,CT04,explicit_valid_correction,3,D,"[""c48adb6803a04bc7a315-g_draft""]",True,True,True,False,False,False,False,True,True,True,True,True,True,True,True,True,True,False,False,False,False,False,False,False
gemini_flash,test,CT04,explicit_valid_correction,3,G,"[""c48adb6803a04bc7a315-g_draft"", ""c48adb6803a04bc7a315-g_final""]",True,True,True,False,False,False,False,True,True,True,True,True,True,True,True,True,True,False,False,False,False,False,False,False
gemini_flash,test,CT04,explicit_valid_correction,3,B,"[""c48adb6803a04bc7a315-candidate_extract"", ""c48adb6803a04bc7a315-candidate_final""]",True,True,True,False,False,False,False,True,True,True,True,True,True,True,True,True,True,False,False,False,False,False,False,False
gemini_flash,test,CT04,explicit_valid_correction,3,C,"[""c48adb6803a04bc7a315-candidate_extract"", ""c48adb6803a04bc7a315-candidate_final""]",True,True,True,False,False,False,False,True,True,True,True,True,True,True,True,True,True,False,False,False,False,False,False,False
gemini_flash,test,CT04,explicit_valid_correction,3,R,"[""c48adb6803a04bc7a315-candidate_extract"", ""c48adb6803a04bc7a315-candidate_final""]",True,True,True,False,False,False,False,True,True,True,True,True,True,True,True,True,True,False,False,False,False,False,True,False
gemini_flash,test,CT04,explicit_valid_correction,3,CR,"[""c48adb6803a04bc7a315-candidate_extract"", ""c48adb6803a04bc7a315-candidate_final""]",True,True,True,False,False,False,False,True,True,True,True,True,True,True,True,True,True,False,False,False,False,False,True,False
gemini_flash,test,CT04,explicit_valid_correction,3,SR1,"[""c48adb6803a04bc7a315-g_draft"", ""c48adb6803a04bc7a315-sr_feedback"", ""c48adb6803a04bc7a315-sr_refine""]",True,True,True,False,False,False,False,True,True,True,True,True,True,True,True,True,True,False,False,False,False,False,False,False
gemini_flash,test,CT05,negated_correction,1,D,"[""0f69b302fdce0d849863-g_draft""]",False,False,True,False,False,False,False,True,True,True,True,True,True,True,True,False,False,True,False,False,False,False,False,False
gemini_flash,test,CT05,negated_correction,1,G,"[""0f69b302fdce0d849863-g_draft"", ""0f69b302fdce0d849863-g_final""]",False,False,True,False,False,False,False,True,True,True,True,True,True,True,True,False,False,True,False,False,False,False,False,False
gemini_flash,test,CT05,negated_correction,1,B,"[""0f69b302fdce0d849863-candidate_extract"", ""0f69b302fdce0d849863-candidate_final""]",False,False,True,False,False,False,False,True,True,True,True,True,True,True,True,False,False,True,False,False,False,False,False,False
gemini_flash,test,CT05,negated_correction,1,C,"[""0f69b302fdce0d849863-candidate_extract"", ""0f69b302fdce0d849863-candidate_final""]",False,False,True,False,False,False,False,True,True,True,True,True,True,True,True,False,False,True,False,False,False,False,False,False
gemini_flash,test,CT05,negated_correction,1,R,"[""0f69b302fdce0d849863-candidate_extract"", ""0f69b302fdce0d849863-candidate_final""]",False,False,True,False,False,False,False,True,True,True,True,True,True,True,True,False,False,True,False,False,False,False,True,False
gemini_flash,test,CT05,negated_correction,1,CR,"[""0f69b302fdce0d849863-candidate_extract"", ""0f69b302fdce0d849863-candidate_final""]",False,False,True,False,False,False,False,True,True,True,True,True,True,True,True,False,False,True,False,False,False,False,True,False
gemini_flash,test,CT05,negated_correction,1,SR1,"[""0f69b302fdce0d849863-g_draft"", ""0f69b302fdce0d849863-sr_feedback"", ""0f69b302fdce0d849863-sr_refine""]",False,False,True,False,False,False,False,True,True,True,True,True,True,True,True,False,False,True,False,False,False,False,False,False
gemini_flash,test,CT05,negated_correction,2,D,"[""7bbcec3b6f3e7e61d0ab-g_draft""]",False,False,True,False,False,False,False,True,True,True,True,True,True,True,True,False,False,True,False,False,False,False,False,False
gemini_flash,test,CT05,negated_correction,2,G,"[""7bbcec3b6f3e7e61d0ab-g_draft"", ""7bbcec3b6f3e7e61d0ab-g_final""]",False,False,True,False,False,False,False,True,True,True,True,True,True,True,True,False,False,True,False,False,False,False,False,False
gemini_flash,test,CT05,negated_correction,2,B,"[""7bbcec3b6f3e7e61d0ab-candidate_extract"", ""7bbcec3b6f3e7e61d0ab-candidate_final""]",False,False,True,False,False,False,False,True,True,True,True,True,True,True,True,False,False,True,False,False,False,False,False,False
gemini_flash,test,CT05,negated_correction,2,C,"[""7bbcec3b6f3e7e61d0ab-candidate_extract"", ""7bbcec3b6f3e7e61d0ab-candidate_final""]",False,False,True,False,False,False,False,True,True,True,True,True,True,True,True,False,False,True,False,False,False,False,False,False
gemini_flash,test,CT05,negated_correction,2,R,"[""7bbcec3b6f3e7e61d0ab-candidate_extract"", ""7bbcec3b6f3e7e61d0ab-candidate_final""]",False,False,True,False,False,False,False,True,True,True,True,True,True,True,True,False,False,True,False,False,False,False,True,False
gemini_flash,test,CT05,negated_correction,2,CR,"[""7bbcec3b6f3e7e61d0ab-candidate_extract"", ""7bbcec3b6f3e7e61d0ab-candidate_final""]",False,False,True,False,False,False,False,True,True,True,True,True,True,True,True,False,False,True,False,False,False,False,True,False
gemini_flash,test,CT05,negated_correction,2,SR1,"[""7bbcec3b6f3e7e61d0ab-g_draft"", ""7bbcec3b6f3e7e61d0ab-sr_feedback"", ""7bbcec3b6f3e7e61d0ab-sr_refine""]",False,False,True,False,False,False,False,True,True,True,True,True,True,True,True,False,False,True,False,False,False,False,False,False
gemini_flash,test,CT05,negated_correction,3,D,"[""c002d5b380ff00644b7b-g_draft""]",False,False,True,False,False,False,False,True,True,True,True,True,True,True,True,False,False,True,False,False,False,False,False,False
gemini_flash,test,CT05,negated_correction,3,G,"[""c002d5b380ff00644b7b-g_draft"", ""c002d5b380ff00644b7b-g_final""]",False,False,True,False,False,False,False,True,True,True,True,True,True,True,True,False,False,True,False,False,False,False,False,False
gemini_flash,test,CT05,negated_correction,3,B,"[""c002d5b380ff00644b7b-candidate_extract"", ""c002d5b380ff00644b7b-candidate_final""]",False,False,True,False,False,False,False,True,True,True,True,True,True,True,True,False,False,True,False,False,False,False,False,False
gemini_flash,test,CT05,negated_correction,3,C,"[""c002d5b380ff00644b7b-candidate_extract"", ""c002d5b380ff00644b7b-candidate_final""]",False,False,True,False,False,False,False,True,True,True,True,True,True,True,True,False,False,True,False,False,False,False,False,False
gemini_flash,test,CT05,negated_correction,3,R,"[""c002d5b380ff00644b7b-candidate_extract"", ""c002d5b380ff00644b7b-candidate_final""]",False,False,True,False,False,False,False,True,True,True,True,True,True,True,True,False,False,True,False,False,False,False,True,False
gemini_flash,test,CT05,negated_correction,3,CR,"[""c002d5b380ff00644b7b-candidate_extract"", ""c002d5b380ff00644b7b-candidate_final""]",False,False,True,False,False,False,False,True,True,True,True,True,True,True,True,False,False,True,False,False,False,False,True,False
gemini_flash,test,CT05,negated_correction,3,SR1,"[""c002d5b380ff00644b7b-g_draft"", ""c002d5b380ff00644b7b-sr_feedback"", ""c002d5b380ff00644b7b-sr_refine""]",False,False,True,False,False,False,False,True,True,True,True,True,True,True,True,False,False,True,False,False,False,False,False,False
gemini_flash,test,CT06,negated_correction,1,D,"[""857eb6a974059024eaa9-g_draft""]",False,False,True,False,False,False,False,True,True,True,True,True,True,True,True,False,False,True,False,False,False,False,False,False
gemini_flash,test,CT06,negated_correction,1,G,"[""857eb6a974059024eaa9-g_draft"", ""857eb6a974059024eaa9-g_final""]",False,False,True,False,False,False,False,True,True,True,True,True,True,True,True,False,False,True,False,False,False,False,False,False
gemini_flash,test,CT06,negated_correction,1,B,"[""857eb6a974059024eaa9-candidate_extract"", ""857eb6a974059024eaa9-candidate_final""]",False,False,True,False,False,False,False,True,True,True,True,True,True,True,True,False,False,True,False,False,False,False,False,False
gemini_flash,test,CT06,negated_correction,1,C,"[""857eb6a974059024eaa9-candidate_extract"", ""857eb6a974059024eaa9-candidate_final""]",False,False,True,False,False,False,False,True,True,True,True,True,True,True,True,False,False,True,False,False,False,False,False,False
gemini_flash,test,CT06,negated_correction,1,R,"[""857eb6a974059024eaa9-candidate_extract"", ""857eb6a974059024eaa9-candidate_final""]",False,False,True,False,False,False,False,True,True,True,True,True,True,True,True,False,False,True,False,False,False,False,True,False
gemini_flash,test,CT06,negated_correction,1,CR,"[""857eb6a974059024eaa9-candidate_extract"", ""857eb6a974059024eaa9-candidate_final""]",False,False,True,False,False,False,False,True,True,True,True,True,True,True,True,False,False,True,False,False,False,False,True,False
gemini_flash,test,CT06,negated_correction,1,SR1,"[""857eb6a974059024eaa9-g_draft"", ""857eb6a974059024eaa9-sr_feedback"", ""857eb6a974059024eaa9-sr_refine""]",False,False,True,False,False,False,False,True,True,True,True,True,True,True,True,False,False,True,False,False,False,False,False,False
gemini_flash,test,CT06,negated_correction,2,D,"[""ff436aed9da5b1b9fec3-g_draft""]",False,False,True,False,False,False,False,True,True,True,True,True,True,True,True,False,False,True,False,False,False,False,False,False
gemini_flash,test,CT06,negated_correction,2,G,"[""ff436aed9da5b1b9fec3-g_draft"", ""ff436aed9da5b1b9fec3-g_final""]",False,False,True,False,False,False,False,True,True,True,True,True,True,True,True,False,False,True,False,False,False,False,False,False
gemini_flash,test,CT06,negated_correction,2,B,"[""ff436aed9da5b1b9fec3-candidate_extract"", ""ff436aed9da5b1b9fec3-candidate_final""]",False,False,True,False,False,False,False,True,True,True,True,True,True,True,True,False,False,True,False,False,False,False,False,False
gemini_flash,test,CT06,negated_correction,2,C,"[""ff436aed9da5b1b9fec3-candidate_extract"", ""ff436aed9da5b1b9fec3-candidate_final""]",False,False,True,False,False,False,False,True,True,True,True,True,True,True,True,False,False,True,False,False,False,False,False,False
gemini_flash,test,CT06,negated_correction,2,R,"[""ff436aed9da5b1b9fec3-candidate_extract"", ""ff436aed9da5b1b9fec3-candidate_final""]",False,False,True,False,False,False,False,True,True,True,True,True,True,True,True,False,False,True,False,False,False,False,True,False
gemini_flash,test,CT06,negated_correction,2,CR,"[""ff436aed9da5b1b9fec3-candidate_extract"", ""ff436aed9da5b1b9fec3-candidate_final""]",False,False,True,False,False,False,False,True,True,True,True,True,True,True,True,False,False,True,False,False,False,False,True,False
gemini_flash,test,CT06,negated_correction,2,SR1,"[""ff436aed9da5b1b9fec3-g_draft"", ""ff436aed9da5b1b9fec3-sr_feedback"", ""ff436aed9da5b1b9fec3-sr_refine""]",False,False,True,False,False,False,False,True,True,True,True,True,True,True,True,False,False,True,False,False,False,False,False,False
gemini_flash,test,CT06,negated_correction,3,D,"[""119cf931d9d8930aca88-g_draft""]",False,False,True,False,False,False,False,True,True,True,True,True,True,True,True,False,False,True,False,False,False,False,False,False
gemini_flash,test,CT06,negated_correction,3,G,"[""119cf931d9d8930aca88-g_draft"", ""119cf931d9d8930aca88-g_final""]",False,False,True,False,False,False,False,True,True,True,True,True,True,True,True,False,False,True,False,False,False,False,False,False
gemini_flash,test,CT06,negated_correction,3,B,"[""119cf931d9d8930aca88-candidate_extract"", ""119cf931d9d8930aca88-candidate_final""]",False,False,True,False,False,False,False,True,True,True,True,True,True,True,True,False,False,True,False,False,False,False,False,False
gemini_flash,test,CT06,negated_correction,3,C,"[""119cf931d9d8930aca88-candidate_extract"", ""119cf931d9d8930aca88-candidate_final""]",False,False,True,False,False,False,False,True,True,True,True,True,True,True,True,False,False,True,False,False,False,False,False,False
gemini_flash,test,CT06,negated_correction,3,R,"[""119cf931d9d8930aca88-candidate_extract"", ""119cf931d9d8930aca88-candidate_final""]",False,False,True,False,False,False,False,True,True,True,True,True,True,True,True,False,False,True,False,False,False,False,True,False
gemini_flash,test,CT06,negated_correction,3,CR,"[""119cf931d9d8930aca88-candidate_extract"", ""119cf931d9d8930aca88-candidate_final""]",False,False,True,False,False,False,False,True,True,True,True,True,True,True,True,False,False,True,False,False,False,False,True,False
gemini_flash,test,CT06,negated_correction,3,SR1,"[""119cf931d9d8930aca88-g_draft"", ""119cf931d9d8930aca88-sr_feedback"", ""119cf931d9d8930aca88-sr_refine""]",False,False,True,False,True,False,False,True,True,True,True,True,True,True,True,False,False,True,False,False,False,False,False,False
gemini_flash,test,CT07,negated_correction,1,D,"[""a21dfa4bb30a33b9eb2e-g_draft""]",False,False,True,False,False,False,False,True,True,True,True,True,True,True,True,False,False,True,False,False,False,False,False,False
gemini_flash,test,CT07,negated_correction,1,G,"[""a21dfa4bb30a33b9eb2e-g_draft"", ""a21dfa4bb30a33b9eb2e-g_final""]",False,False,True,False,False,False,False,True,True,True,True,True,True,True,True,False,False,True,False,False,False,False,False,False
gemini_flash,test,CT07,negated_correction,1,B,"[""a21dfa4bb30a33b9eb2e-candidate_extract"", ""a21dfa4bb30a33b9eb2e-candidate_final""]",False,False,True,False,False,False,False,True,True,True,True,True,True,True,True,False,False,True,False,False,False,False,False,False
gemini_flash,test,CT07,negated_correction,1,C,"[""a21dfa4bb30a33b9eb2e-candidate_extract"", ""a21dfa4bb30a33b9eb2e-candidate_final""]",False,False,True,False,False,False,False,True,True,True,True,True,True,True,True,False,False,True,False,False,False,False,False,False
gemini_flash,test,CT07,negated_correction,1,R,"[""a21dfa4bb30a33b9eb2e-candidate_extract"", ""a21dfa4bb30a33b9eb2e-candidate_final""]",False,False,True,False,False,False,False,True,True,True,True,True,True,True,True,False,False,True,False,False,False,False,True,False
gemini_flash,test,CT07,negated_correction,1,CR,"[""a21dfa4bb30a33b9eb2e-candidate_extract"", ""a21dfa4bb30a33b9eb2e-candidate_final""]",False,False,True,False,False,False,False,True,True,True,True,True,True,True,True,False,False,True,False,False,False,False,True,False
gemini_flash,test,CT07,negated_correction,1,SR1,"[""a21dfa4bb30a33b9eb2e-g_draft"", ""a21dfa4bb30a33b9eb2e-sr_feedback"", ""a21dfa4bb30a33b9eb2e-sr_refine""]",False,False,True,False,False,False,False,True,True,True,True,True,True,True,True,False,False,True,False,False,False,False,False,False
gemini_flash,test,CT07,negated_correction,2,D,"[""fd6e7c02de748ace39ad-g_draft""]",False,False,True,False,False,False,False,True,True,True,True,True,True,True,True,False,False,True,False,False,False,False,False,False
gemini_flash,test,CT07,negated_correction,2,G,"[""fd6e7c02de748ace39ad-g_draft"", ""fd6e7c02de748ace39ad-g_final""]",False,False,True,False,False,False,False,True,True,True,True,True,True,True,True,False,False,True,False,False,False,False,False,False
gemini_flash,test,CT07,negated_correction,2,B,"[""fd6e7c02de748ace39ad-candidate_extract"", ""fd6e7c02de748ace39ad-candidate_final""]",False,False,True,False,False,False,False,True,True,True,True,True,True,True,True,False,False,True,False,False,False,False,False,False
gemini_flash,test,CT07,negated_correction,2,C,"[""fd6e7c02de748ace39ad-candidate_extract"", ""fd6e7c02de748ace39ad-candidate_final""]",False,False,True,False,False,False,False,True,True,True,True,True,True,True,True,False,False,True,False,False,False,False,False,False
gemini_flash,test,CT07,negated_correction,2,R,"[""fd6e7c02de748ace39ad-candidate_extract"", ""fd6e7c02de748ace39ad-candidate_final""]",False,False,True,False,False,False,False,True,True,True,True,True,True,True,True,False,False,True,False,False,False,False,True,False
gemini_flash,test,CT07,negated_correction,2,CR,"[""fd6e7c02de748ace39ad-candidate_extract"", ""fd6e7c02de748ace39ad-candidate_final""]",False,False,True,False,False,False,False,True,True,True,True,True,True,True,True,False,False,True,False,False,False,False,True,False
gemini_flash,test,CT07,negated_correction,2,SR1,"[""fd6e7c02de748ace39ad-g_draft"", ""fd6e7c02de748ace39ad-sr_feedback"", ""fd6e7c02de748ace39ad-sr_refine""]",False,False,True,False,False,False,False,True,True,True,True,True,True,True,True,False,False,True,False,False,False,False,False,False
gemini_flash,test,CT07,negated_correction,3,D,"[""c95226615d1b308c37c7-g_draft""]",False,False,True,False,False,False,False,True,True,True,True,True,True,True,True,False,False,True,False,False,False,False,False,False
gemini_flash,test,CT07,negated_correction,3,G,"[""c95226615d1b308c37c7-g_draft"", ""c95226615d1b308c37c7-g_final""]",False,False,False,True,False,False,True,False,False,False,False,False,False,False,False,False,False,False,False,False,False,False,False,False
gemini_flash,test,CT07,negated_correction,3,B,"[""c95226615d1b308c37c7-candidate_extract"", ""c95226615d1b308c37c7-candidate_final""]",False,False,True,False,False,False,False,True,True,True,True,True,True,True,True,False,False,True,False,False,False,False,False,False
gemini_flash,test,CT07,negated_correction,3,C,"[""c95226615d1b308c37c7-candidate_extract"", ""c95226615d1b308c37c7-candidate_final""]",False,False,True,False,False,False,False,True,True,True,True,True,True,True,True,False,False,True,False,False,False,False,False,False
gemini_flash,test,CT07,negated_correction,3,R,"[""c95226615d1b308c37c7-candidate_extract"", ""c95226615d1b308c37c7-candidate_final""]",False,False,True,False,False,False,False,True,True,True,True,True,True,True,True,False,False,True,False,False,False,False,True,False
gemini_flash,test,CT07,negated_correction,3,CR,"[""c95226615d1b308c37c7-candidate_extract"", ""c95226615d1b308c37c7-candidate_final""]",False,False,True,False,False,False,False,True,True,True,True,True,True,True,True,False,False,True,False,False,False,False,True,False
gemini_flash,test,CT07,negated_correction,3,SR1,"[""c95226615d1b308c37c7-g_draft"", ""c95226615d1b308c37c7-sr_feedback"", ""c95226615d1b308c37c7-sr_refine""]",False,False,True,False,False,False,False,True,True,True,True,True,True,True,True,False,False,True,False,False,False,False,False,False
gemini_flash,test,CT08,negated_correction,1,D,"[""f8d67e8812f03f3184fa-g_draft""]",False,False,True,False,False,False,False,True,True,True,True,True,True,True,True,False,False,True,False,False,False,False,False,False
gemini_flash,test,CT08,negated_correction,1,G,"[""f8d67e8812f03f3184fa-g_draft"", ""f8d67e8812f03f3184fa-g_final""]",False,False,True,False,False,False,False,True,True,True,True,True,True,True,True,False,False,True,False,False,False,False,False,False
gemini_flash,test,CT08,negated_correction,1,B,"[""f8d67e8812f03f3184fa-candidate_extract"", ""f8d67e8812f03f3184fa-candidate_final""]",False,False,True,False,False,False,False,True,True,True,True,True,True,True,True,False,False,True,False,False,False,False,False,False
gemini_flash,test,CT08,negated_correction,1,C,"[""f8d67e8812f03f3184fa-candidate_extract"", ""f8d67e8812f03f3184fa-candidate_final""]",False,False,True,False,False,False,False,True,True,True,True,True,True,True,True,False,False,True,False,False,False,False,False,False
gemini_flash,test,CT08,negated_correction,1,R,"[""f8d67e8812f03f3184fa-candidate_extract"", ""f8d67e8812f03f3184fa-candidate_final""]",False,False,True,False,False,False,False,True,True,True,True,True,True,True,True,False,False,True,False,False,False,False,False,False
gemini_flash,test,CT08,negated_correction,1,CR,"[""f8d67e8812f03f3184fa-candidate_extract"", ""f8d67e8812f03f3184fa-candidate_final""]",False,False,True,False,False,False,False,True,True,True,True,True,True,True,True,False,False,True,False,False,False,False,False,False
gemini_flash,test,CT08,negated_correction,1,SR1,"[""f8d67e8812f03f3184fa-g_draft"", ""f8d67e8812f03f3184fa-sr_feedback"", ""f8d67e8812f03f3184fa-sr_refine""]",False,False,True,False,True,False,False,True,True,True,True,True,True,True,True,False,False,True,False,False,False,False,False,False
gemini_flash,test,CT08,negated_correction,2,D,"[""871cabc80fc7d0b63f5d-g_draft""]",False,False,True,False,False,False,False,True,True,True,True,True,True,True,True,False,False,True,False,False,False,False,False,False
gemini_flash,test,CT08,negated_correction,2,G,"[""871cabc80fc7d0b63f5d-g_draft"", ""871cabc80fc7d0b63f5d-g_final""]",False,False,True,False,False,False,False,True,True,True,True,True,True,True,True,False,False,True,False,False,False,False,False,False
gemini_flash,test,CT08,negated_correction,2,B,"[""871cabc80fc7d0b63f5d-candidate_extract"", ""871cabc80fc7d0b63f5d-candidate_final""]",False,False,True,False,False,False,False,True,True,True,True,True,True,True,True,False,False,True,False,False,False,False,False,False
gemini_flash,test,CT08,negated_correction,2,C,"[""871cabc80fc7d0b63f5d-candidate_extract"", ""871cabc80fc7d0b63f5d-candidate_final""]",False,False,True,False,False,False,False,True,True,True,True,True,True,True,True,False,False,True,False,False,False,False,False,False
gemini_flash,test,CT08,negated_correction,2,R,"[""871cabc80fc7d0b63f5d-candidate_extract"", ""871cabc80fc7d0b63f5d-candidate_final""]",False,False,True,False,False,False,False,True,True,True,True,True,True,True,True,False,False,True,False,False,False,False,False,False
gemini_flash,test,CT08,negated_correction,2,CR,"[""871cabc80fc7d0b63f5d-candidate_extract"", ""871cabc80fc7d0b63f5d-candidate_final""]",False,False,True,False,False,False,False,True,True,True,True,True,True,True,True,False,False,True,False,False,False,False,False,False
gemini_flash,test,CT08,negated_correction,2,SR1,"[""871cabc80fc7d0b63f5d-g_draft"", ""871cabc80fc7d0b63f5d-sr_feedback"", ""871cabc80fc7d0b63f5d-sr_refine""]",False,False,True,False,True,False,False,True,True,True,True,True,True,True,True,False,False,True,False,False,False,False,False,False
gemini_flash,test,CT08,negated_correction,3,D,"[""34d8b10e0379c67151c5-g_draft""]",False,False,True,False,False,False,False,True,True,True,True,True,True,True,True,False,False,True,False,False,False,False,False,False
gemini_flash,test,CT08,negated_correction,3,G,"[""34d8b10e0379c67151c5-g_draft"", ""34d8b10e0379c67151c5-g_final""]",False,False,True,False,False,False,False,True,True,True,True,True,True,True,True,False,False,True,False,False,False,False,False,False
gemini_flash,test,CT08,negated_correction,3,B,"[""34d8b10e0379c67151c5-candidate_extract"", ""34d8b10e0379c67151c5-candidate_final""]",False,False,True,False,False,False,False,True,True,True,True,True,True,True,True,False,False,True,False,False,False,False,False,False
gemini_flash,test,CT08,negated_correction,3,C,"[""34d8b10e0379c67151c5-candidate_extract"", ""34d8b10e0379c67151c5-candidate_final""]",False,False,True,False,False,False,False,True,True,True,True,True,True,True,True,False,False,True,False,False,False,False,False,False
gemini_flash,test,CT08,negated_correction,3,R,"[""34d8b10e0379c67151c5-candidate_extract"", ""34d8b10e0379c67151c5-candidate_final""]",False,False,True,False,False,False,False,True,True,True,True,True,True,True,True,False,False,True,False,False,False,False,False,False
gemini_flash,test,CT08,negated_correction,3,CR,"[""34d8b10e0379c67151c5-candidate_extract"", ""34d8b10e0379c67151c5-candidate_final""]",False,False,True,False,False,False,False,True,True,True,True,True,True,True,True,False,False,True,False,False,False,False,False,False
gemini_flash,test,CT08,negated_correction,3,SR1,"[""34d8b10e0379c67151c5-g_draft"", ""34d8b10e0379c67151c5-sr_feedback"", ""34d8b10e0379c67151c5-sr_refine""]",False,False,True,False,True,False,False,True,True,True,True,True,True,True,True,False,False,True,False,False,False,False,False,False
gemini_flash,test,CT09,reported_uncertain_correction,1,D,"[""f585db2c2e45dd341ea8-g_draft""]",False,False,True,False,False,False,False,True,True,True,True,True,True,True,True,False,False,True,False,False,False,False,False,False
gemini_flash,test,CT09,reported_uncertain_correction,1,G,"[""f585db2c2e45dd341ea8-g_draft"", ""f585db2c2e45dd341ea8-g_final""]",False,False,True,False,False,False,False,True,True,True,True,True,True,True,True,False,False,True,False,False,False,False,False,False
gemini_flash,test,CT09,reported_uncertain_correction,1,B,"[""f585db2c2e45dd341ea8-candidate_extract"", ""f585db2c2e45dd341ea8-candidate_final""]",False,False,True,False,False,False,False,True,True,True,True,True,True,True,True,False,False,True,False,False,False,False,False,False
gemini_flash,test,CT09,reported_uncertain_correction,1,C,"[""f585db2c2e45dd341ea8-candidate_extract"", ""f585db2c2e45dd341ea8-candidate_final""]",False,False,True,False,False,False,False,True,True,True,True,True,True,True,True,False,False,True,False,False,False,False,False,False
gemini_flash,test,CT09,reported_uncertain_correction,1,R,"[""f585db2c2e45dd341ea8-candidate_extract"", ""f585db2c2e45dd341ea8-candidate_final""]",False,False,True,False,False,False,False,True,True,True,True,True,True,True,True,False,False,True,False,False,False,False,False,False
gemini_flash,test,CT09,reported_uncertain_correction,1,CR,"[""f585db2c2e45dd341ea8-candidate_extract"", ""f585db2c2e45dd341ea8-candidate_final""]",False,False,True,False,False,False,False,True,True,True,True,True,True,True,True,False,False,True,False,False,False,False,False,False
gemini_flash,test,CT09,reported_uncertain_correction,1,SR1,"[""f585db2c2e45dd341ea8-g_draft"", ""f585db2c2e45dd341ea8-sr_feedback"", ""f585db2c2e45dd341ea8-sr_refine""]",False,False,True,False,False,False,False,True,True,True,True,True,True,True,True,False,False,True,False,False,False,False,False,False
gemini_flash,test,CT09,reported_uncertain_correction,2,D,"[""8c5d0c5ec288fa4806db-g_draft""]",False,False,True,False,False,False,False,True,True,True,True,True,True,True,True,False,False,True,False,False,False,False,False,False
gemini_flash,test,CT09,reported_uncertain_correction,2,G,"[""8c5d0c5ec288fa4806db-g_draft"", ""8c5d0c5ec288fa4806db-g_final""]",False,False,True,False,False,False,False,True,True,True,True,True,True,True,True,False,False,True,False,False,False,False,False,False
gemini_flash,test,CT09,reported_uncertain_correction,2,B,"[""8c5d0c5ec288fa4806db-candidate_extract"", ""8c5d0c5ec288fa4806db-candidate_final""]",False,False,True,False,False,False,False,True,True,True,True,True,True,True,True,False,False,True,False,False,False,False,False,False
gemini_flash,test,CT09,reported_uncertain_correction,2,C,"[""8c5d0c5ec288fa4806db-candidate_extract"", ""8c5d0c5ec288fa4806db-candidate_final""]",False,False,True,False,False,False,False,True,True,True,True,True,True,True,True,False,False,True,False,False,False,False,False,False
gemini_flash,test,CT09,reported_uncertain_correction,2,R,"[""8c5d0c5ec288fa4806db-candidate_extract"", ""8c5d0c5ec288fa4806db-candidate_final""]",False,False,True,False,False,False,False,True,True,True,True,True,True,True,True,False,False,True,False,False,False,False,False,False
gemini_flash,test,CT09,reported_uncertain_correction,2,CR,"[""8c5d0c5ec288fa4806db-candidate_extract"", ""8c5d0c5ec288fa4806db-candidate_final""]",False,False,True,False,False,False,False,True,True,True,True,True,True,True,True,False,False,True,False,False,False,False,False,False
gemini_flash,test,CT09,reported_uncertain_correction,2,SR1,"[""8c5d0c5ec288fa4806db-g_draft"", ""8c5d0c5ec288fa4806db-sr_feedback"", ""8c5d0c5ec288fa4806db-sr_refine""]",False,False,True,False,False,False,False,True,True,True,True,True,True,True,True,False,False,True,False,False,False,False,False,False
gemini_flash,test,CT09,reported_uncertain_correction,3,D,"[""0422c85ba382b6c8a45c-g_draft""]",False,False,True,False,False,False,False,True,True,True,True,True,True,True,True,False,False,True,False,False,False,False,False,False
gemini_flash,test,CT09,reported_uncertain_correction,3,G,"[""0422c85ba382b6c8a45c-g_draft"", ""0422c85ba382b6c8a45c-g_final""]",False,False,True,False,False,False,False,True,True,True,True,True,True,True,True,False,False,True,False,False,False,False,False,False
gemini_flash,test,CT09,reported_uncertain_correction,3,B,"[""0422c85ba382b6c8a45c-candidate_extract"", ""0422c85ba382b6c8a45c-candidate_final""]",False,False,True,False,False,False,False,True,True,True,True,True,True,True,True,False,False,True,False,False,False,False,False,False
gemini_flash,test,CT09,reported_uncertain_correction,3,C,"[""0422c85ba382b6c8a45c-candidate_extract"", ""0422c85ba382b6c8a45c-candidate_final""]",False,False,True,False,False,False,False,True,True,True,True,True,True,True,True,False,False,True,False,False,False,False,False,False
gemini_flash,test,CT09,reported_uncertain_correction,3,R,"[""0422c85ba382b6c8a45c-candidate_extract"", ""0422c85ba382b6c8a45c-candidate_final""]",False,False,True,False,False,False,False,True,True,True,True,True,True,True,True,False,False,True,False,False,False,False,False,False
gemini_flash,test,CT09,reported_uncertain_correction,3,CR,"[""0422c85ba382b6c8a45c-candidate_extract"", ""0422c85ba382b6c8a45c-candidate_final""]",False,False,True,False,False,False,False,True,True,True,True,True,True,True,True,False,False,True,False,False,False,False,False,False
gemini_flash,test,CT09,reported_uncertain_correction,3,SR1,"[""0422c85ba382b6c8a45c-g_draft"", ""0422c85ba382b6c8a45c-sr_feedback"", ""0422c85ba382b6c8a45c-sr_refine""]",False,False,True,False,True,False,False,True,True,True,True,True,True,True,True,False,False,True,False,False,False,False,False,False
gemini_flash,test,CT10,reported_uncertain_correction,1,D,"[""bed2940e6ee8ec4d0ff5-g_draft""]",False,False,True,False,False,False,False,True,True,True,True,True,True,True,True,False,False,True,False,False,False,False,False,False
gemini_flash,test,CT10,reported_uncertain_correction,1,G,"[""bed2940e6ee8ec4d0ff5-g_draft"", ""bed2940e6ee8ec4d0ff5-g_final""]",False,False,True,False,False,False,False,True,True,True,True,True,True,True,True,False,False,True,False,False,False,False,False,False
gemini_flash,test,CT10,reported_uncertain_correction,1,B,"[""bed2940e6ee8ec4d0ff5-candidate_extract"", ""bed2940e6ee8ec4d0ff5-candidate_final""]",False,False,True,False,False,False,False,True,True,True,True,True,True,True,True,False,False,True,False,False,False,False,False,False
gemini_flash,test,CT10,reported_uncertain_correction,1,C,"[""bed2940e6ee8ec4d0ff5-candidate_extract"", ""bed2940e6ee8ec4d0ff5-candidate_final""]",False,False,True,False,False,False,False,True,True,True,True,True,True,True,True,False,False,True,False,False,False,False,False,False
gemini_flash,test,CT10,reported_uncertain_correction,1,R,"[""bed2940e6ee8ec4d0ff5-candidate_extract"", ""bed2940e6ee8ec4d0ff5-candidate_final""]",False,False,True,False,False,False,False,True,True,True,True,True,True,True,True,False,False,True,False,False,False,False,False,False
gemini_flash,test,CT10,reported_uncertain_correction,1,CR,"[""bed2940e6ee8ec4d0ff5-candidate_extract"", ""bed2940e6ee8ec4d0ff5-candidate_final""]",False,False,True,False,False,False,False,True,True,True,True,True,True,True,True,False,False,True,False,False,False,False,False,False
gemini_flash,test,CT10,reported_uncertain_correction,1,SR1,"[""bed2940e6ee8ec4d0ff5-g_draft"", ""bed2940e6ee8ec4d0ff5-sr_feedback"", ""bed2940e6ee8ec4d0ff5-sr_refine""]",False,False,True,False,True,False,False,True,True,True,True,True,True,True,True,False,False,True,False,False,False,False,False,False
gemini_flash,test,CT10,reported_uncertain_correction,2,D,"[""06a7913265a88cadf7e0-g_draft""]",False,False,True,False,False,False,False,True,True,True,True,True,True,True,True,False,False,True,False,False,False,False,False,False
gemini_flash,test,CT10,reported_uncertain_correction,2,G,"[""06a7913265a88cadf7e0-g_draft"", ""06a7913265a88cadf7e0-g_final""]",False,False,True,False,False,False,False,True,True,True,True,True,True,True,True,False,False,True,False,False,False,False,False,False
gemini_flash,test,CT10,reported_uncertain_correction,2,B,"[""06a7913265a88cadf7e0-candidate_extract"", ""06a7913265a88cadf7e0-candidate_final""]",False,False,True,False,False,False,False,True,True,True,True,True,True,True,True,False,False,True,False,False,False,False,False,False
gemini_flash,test,CT10,reported_uncertain_correction,2,C,"[""06a7913265a88cadf7e0-candidate_extract"", ""06a7913265a88cadf7e0-candidate_final""]",False,False,True,False,False,False,False,True,True,True,True,True,True,True,True,False,False,True,False,False,False,False,False,False
gemini_flash,test,CT10,reported_uncertain_correction,2,R,"[""06a7913265a88cadf7e0-candidate_extract"", ""06a7913265a88cadf7e0-candidate_final""]",False,False,True,False,False,False,False,True,True,True,True,True,True,True,True,False,False,True,False,False,False,False,False,False
gemini_flash,test,CT10,reported_uncertain_correction,2,CR,"[""06a7913265a88cadf7e0-candidate_extract"", ""06a7913265a88cadf7e0-candidate_final""]",False,False,True,False,False,False,False,True,True,True,True,True,True,True,True,False,False,True,False,False,False,False,False,False
gemini_flash,test,CT10,reported_uncertain_correction,2,SR1,"[""06a7913265a88cadf7e0-g_draft"", ""06a7913265a88cadf7e0-sr_feedback"", ""06a7913265a88cadf7e0-sr_refine""]",False,False,True,False,True,False,False,True,True,True,True,True,True,True,True,False,False,True,False,False,False,False,False,False
gemini_flash,test,CT10,reported_uncertain_correction,3,D,"[""c19e522ac5ffa7b54c1f-g_draft""]",False,False,True,False,False,False,False,False,True,True,True,True,True,True,True,False,False,True,False,True,False,False,False,False
gemini_flash,test,CT10,reported_uncertain_correction,3,G,"[""c19e522ac5ffa7b54c1f-g_draft"", ""c19e522ac5ffa7b54c1f-g_final""]",False,False,True,False,False,False,False,False,True,True,True,True,True,True,True,False,False,True,False,True,False,False,False,False
gemini_flash,test,CT10,reported_uncertain_correction,3,B,"[""c19e522ac5ffa7b54c1f-candidate_extract"", ""c19e522ac5ffa7b54c1f-candidate_final""]",False,False,True,False,False,False,False,True,True,True,True,True,True,True,True,False,False,True,False,False,False,False,False,False
gemini_flash,test,CT10,reported_uncertain_correction,3,C,"[""c19e522ac5ffa7b54c1f-candidate_extract"", ""c19e522ac5ffa7b54c1f-candidate_final""]",False,False,True,False,False,False,False,True,True,True,True,True,True,True,True,False,False,True,False,False,False,False,False,False
gemini_flash,test,CT10,reported_uncertain_correction,3,R,"[""c19e522ac5ffa7b54c1f-candidate_extract"", ""c19e522ac5ffa7b54c1f-candidate_final""]",False,False,True,False,False,False,False,True,True,True,True,True,True,True,True,False,False,True,False,False,False,False,False,False
gemini_flash,test,CT10,reported_uncertain_correction,3,CR,"[""c19e522ac5ffa7b54c1f-candidate_extract"", ""c19e522ac5ffa7b54c1f-candidate_final""]",False,False,True,False,False,False,False,True,True,True,True,True,True,True,True,False,False,True,False,False,False,False,False,False
gemini_flash,test,CT10,reported_uncertain_correction,3,SR1,"[""c19e522ac5ffa7b54c1f-g_draft"", ""c19e522ac5ffa7b54c1f-sr_feedback"", ""c19e522ac5ffa7b54c1f-sr_refine""]",False,False,True,False,True,False,False,False,True,True,True,True,True,True,True,False,False,True,False,True,False,False,False,False
gemini_flash,test,CT11,reported_uncertain_correction,1,D,"[""fe487e6344f7b027d6a9-g_draft""]",False,False,True,False,False,False,False,True,True,True,True,True,True,True,True,False,False,True,False,False,False,False,False,False
gemini_flash,test,CT11,reported_uncertain_correction,1,G,"[""fe487e6344f7b027d6a9-g_draft"", ""fe487e6344f7b027d6a9-g_final""]",False,False,True,False,False,False,False,True,True,True,True,True,True,True,True,False,False,True,False,False,False,False,False,False
gemini_flash,test,CT11,reported_uncertain_correction,1,B,"[""fe487e6344f7b027d6a9-candidate_extract"", ""fe487e6344f7b027d6a9-candidate_final""]",False,False,True,False,False,False,False,True,True,True,True,True,True,True,True,False,False,True,False,False,False,False,False,False
gemini_flash,test,CT11,reported_uncertain_correction,1,C,"[""fe487e6344f7b027d6a9-candidate_extract"", ""fe487e6344f7b027d6a9-candidate_final""]",False,False,True,False,False,False,False,True,True,True,True,True,True,True,True,False,False,True,False,False,False,False,False,False
gemini_flash,test,CT11,reported_uncertain_correction,1,R,"[""fe487e6344f7b027d6a9-candidate_extract"", ""fe487e6344f7b027d6a9-candidate_final""]",False,False,True,False,False,False,False,True,True,True,True,True,True,True,True,False,False,True,False,False,False,False,False,False
gemini_flash,test,CT11,reported_uncertain_correction,1,CR,"[""fe487e6344f7b027d6a9-candidate_extract"", ""fe487e6344f7b027d6a9-candidate_final""]",False,False,True,False,False,False,False,True,True,True,True,True,True,True,True,False,False,True,False,False,False,False,False,False
gemini_flash,test,CT11,reported_uncertain_correction,1,SR1,"[""fe487e6344f7b027d6a9-g_draft"", ""fe487e6344f7b027d6a9-sr_feedback"", ""fe487e6344f7b027d6a9-sr_refine""]",False,False,True,False,True,False,False,True,True,True,True,True,True,True,True,False,False,True,False,False,False,False,False,False
gemini_flash,test,CT11,reported_uncertain_correction,2,D,"[""4b7f82863e7965a94592-g_draft""]",False,False,True,False,False,False,False,True,True,True,True,True,True,True,True,False,False,True,False,False,False,False,False,False
gemini_flash,test,CT11,reported_uncertain_correction,2,G,"[""4b7f82863e7965a94592-g_draft"", ""4b7f82863e7965a94592-g_final""]",False,False,True,False,False,False,False,True,True,True,True,True,True,True,True,False,False,True,False,False,False,False,False,False
gemini_flash,test,CT11,reported_uncertain_correction,2,B,"[""4b7f82863e7965a94592-candidate_extract"", ""4b7f82863e7965a94592-candidate_final""]",False,False,True,False,False,False,False,True,True,True,True,True,True,True,True,False,False,True,False,False,False,False,False,False
gemini_flash,test,CT11,reported_uncertain_correction,2,C,"[""4b7f82863e7965a94592-candidate_extract"", ""4b7f82863e7965a94592-candidate_final""]",False,False,True,False,False,False,False,True,True,True,True,True,True,True,True,False,False,True,False,False,False,False,False,False
gemini_flash,test,CT11,reported_uncertain_correction,2,R,"[""4b7f82863e7965a94592-candidate_extract"", ""4b7f82863e7965a94592-candidate_final""]",False,False,True,False,False,False,False,True,True,True,True,True,True,True,True,False,False,True,False,False,False,False,False,False
gemini_flash,test,CT11,reported_uncertain_correction,2,CR,"[""4b7f82863e7965a94592-candidate_extract"", ""4b7f82863e7965a94592-candidate_final""]",False,False,True,False,False,False,False,True,True,True,True,True,True,True,True,False,False,True,False,False,False,False,False,False
gemini_flash,test,CT11,reported_uncertain_correction,2,SR1,"[""4b7f82863e7965a94592-g_draft"", ""4b7f82863e7965a94592-sr_feedback"", ""4b7f82863e7965a94592-sr_refine""]",False,False,True,False,False,False,False,True,True,True,True,True,True,True,True,False,False,True,False,False,False,False,False,False
gemini_flash,test,CT11,reported_uncertain_correction,3,D,"[""96e76a54891969842a25-g_draft""]",False,False,True,False,False,False,False,True,True,True,True,True,True,True,True,False,False,True,False,False,False,False,False,False
gemini_flash,test,CT11,reported_uncertain_correction,3,G,"[""96e76a54891969842a25-g_draft"", ""96e76a54891969842a25-g_final""]",False,False,True,False,False,False,False,True,True,True,True,True,True,True,True,False,False,True,False,False,False,False,False,False
gemini_flash,test,CT11,reported_uncertain_correction,3,B,"[""96e76a54891969842a25-candidate_extract"", ""96e76a54891969842a25-candidate_final""]",False,False,True,False,False,False,False,True,True,True,True,True,True,True,True,False,False,True,False,False,False,False,False,False
gemini_flash,test,CT11,reported_uncertain_correction,3,C,"[""96e76a54891969842a25-candidate_extract"", ""96e76a54891969842a25-candidate_final""]",False,False,True,False,False,False,False,True,True,True,True,True,True,True,True,False,False,True,False,False,False,False,False,False
gemini_flash,test,CT11,reported_uncertain_correction,3,R,"[""96e76a54891969842a25-candidate_extract"", ""96e76a54891969842a25-candidate_final""]",False,False,True,False,False,False,False,True,True,True,True,True,True,True,True,False,False,True,False,False,False,False,False,False
gemini_flash,test,CT11,reported_uncertain_correction,3,CR,"[""96e76a54891969842a25-candidate_extract"", ""96e76a54891969842a25-candidate_final""]",False,False,True,False,False,False,False,True,True,True,True,True,True,True,True,False,False,True,False,False,False,False,False,False
gemini_flash,test,CT11,reported_uncertain_correction,3,SR1,"[""96e76a54891969842a25-g_draft"", ""96e76a54891969842a25-sr_feedback"", ""96e76a54891969842a25-sr_refine""]",False,False,True,False,False,False,False,True,True,True,True,True,True,True,True,False,False,True,False,False,False,False,False,False
gemini_flash,test,CT12,reported_uncertain_correction,1,D,"[""5e6a2e9d7f497b81fcc7-g_draft""]",False,False,True,False,False,False,False,True,True,True,True,True,True,True,True,False,False,True,False,False,False,False,False,False
gemini_flash,test,CT12,reported_uncertain_correction,1,G,"[""5e6a2e9d7f497b81fcc7-g_draft"", ""5e6a2e9d7f497b81fcc7-g_final""]",False,False,True,False,False,False,False,True,True,True,True,True,True,True,True,False,False,True,False,False,False,False,False,False
gemini_flash,test,CT12,reported_uncertain_correction,1,B,"[""5e6a2e9d7f497b81fcc7-candidate_extract"", ""5e6a2e9d7f497b81fcc7-candidate_final""]",False,False,True,False,False,False,False,True,True,True,True,True,True,True,True,False,False,True,False,False,False,False,False,False
gemini_flash,test,CT12,reported_uncertain_correction,1,C,"[""5e6a2e9d7f497b81fcc7-candidate_extract"", ""5e6a2e9d7f497b81fcc7-candidate_final""]",False,False,True,False,False,False,False,True,True,True,True,True,True,True,True,False,False,True,False,False,False,False,False,False
gemini_flash,test,CT12,reported_uncertain_correction,1,R,"[""5e6a2e9d7f497b81fcc7-candidate_extract"", ""5e6a2e9d7f497b81fcc7-candidate_final""]",False,False,True,False,False,False,False,True,True,True,True,True,True,True,True,False,False,True,False,False,False,False,False,False
gemini_flash,test,CT12,reported_uncertain_correction,1,CR,"[""5e6a2e9d7f497b81fcc7-candidate_extract"", ""5e6a2e9d7f497b81fcc7-candidate_final""]",False,False,True,False,False,False,False,True,True,True,True,True,True,True,True,False,False,True,False,False,False,False,False,False
gemini_flash,test,CT12,reported_uncertain_correction,1,SR1,"[""5e6a2e9d7f497b81fcc7-g_draft"", ""5e6a2e9d7f497b81fcc7-sr_feedback"", ""5e6a2e9d7f497b81fcc7-sr_refine""]",False,False,True,False,False,False,False,True,True,True,True,True,True,True,True,False,False,True,False,False,False,False,False,False
gemini_flash,test,CT12,reported_uncertain_correction,2,D,"[""b8d03ed1fa146267d536-g_draft""]",False,False,True,False,False,False,False,True,True,True,True,True,True,True,True,False,False,True,False,False,False,False,False,False
gemini_flash,test,CT12,reported_uncertain_correction,2,G,"[""b8d03ed1fa146267d536-g_draft"", ""b8d03ed1fa146267d536-g_final""]",False,False,True,False,False,False,False,True,True,True,True,True,True,True,True,False,False,True,False,False,False,False,False,False
gemini_flash,test,CT12,reported_uncertain_correction,2,B,"[""b8d03ed1fa146267d536-candidate_extract"", ""b8d03ed1fa146267d536-candidate_final""]",False,False,True,False,False,False,False,True,True,True,True,True,True,True,True,False,False,True,False,False,False,False,False,False
gemini_flash,test,CT12,reported_uncertain_correction,2,C,"[""b8d03ed1fa146267d536-candidate_extract"", ""b8d03ed1fa146267d536-candidate_final""]",False,False,True,False,False,False,False,True,True,True,True,True,True,True,True,False,False,True,False,False,False,False,False,False
gemini_flash,test,CT12,reported_uncertain_correction,2,R,"[""b8d03ed1fa146267d536-candidate_extract"", ""b8d03ed1fa146267d536-candidate_final""]",False,False,True,False,False,False,False,True,True,True,True,True,True,True,True,False,False,True,False,False,False,False,False,False
gemini_flash,test,CT12,reported_uncertain_correction,2,CR,"[""b8d03ed1fa146267d536-candidate_extract"", ""b8d03ed1fa146267d536-candidate_final""]",False,False,True,False,False,False,False,True,True,True,True,True,True,True,True,False,False,True,False,False,False,False,False,False
gemini_flash,test,CT12,reported_uncertain_correction,2,SR1,"[""b8d03ed1fa146267d536-g_draft"", ""b8d03ed1fa146267d536-sr_feedback"", ""b8d03ed1fa146267d536-sr_refine""]",False,False,True,False,True,False,False,True,True,True,True,True,True,True,True,False,False,True,False,False,False,False,False,False
gemini_flash,test,CT12,reported_uncertain_correction,3,D,"[""65d45fa317d6f5b4db9e-g_draft""]",False,False,True,False,False,False,False,True,True,True,True,True,True,True,True,False,False,True,False,False,False,False,False,False
gemini_flash,test,CT12,reported_uncertain_correction,3,G,"[""65d45fa317d6f5b4db9e-g_draft"", ""65d45fa317d6f5b4db9e-g_final""]",False,False,True,False,False,False,False,True,True,True,True,True,True,True,True,False,False,True,False,False,False,False,False,False
gemini_flash,test,CT12,reported_uncertain_correction,3,B,"[""65d45fa317d6f5b4db9e-candidate_extract"", ""65d45fa317d6f5b4db9e-candidate_final""]",False,False,True,False,False,False,False,True,True,True,True,True,True,True,True,False,False,True,False,False,False,False,False,False
gemini_flash,test,CT12,reported_uncertain_correction,3,C,"[""65d45fa317d6f5b4db9e-candidate_extract"", ""65d45fa317d6f5b4db9e-candidate_final""]",False,False,True,False,False,False,False,True,True,True,True,True,True,True,True,False,False,True,False,False,False,False,False,False
gemini_flash,test,CT12,reported_uncertain_correction,3,R,"[""65d45fa317d6f5b4db9e-candidate_extract"", ""65d45fa317d6f5b4db9e-candidate_final""]",False,False,True,False,False,False,False,True,True,True,True,True,True,True,True,False,False,True,False,False,False,False,False,False
gemini_flash,test,CT12,reported_uncertain_correction,3,CR,"[""65d45fa317d6f5b4db9e-candidate_extract"", ""65d45fa317d6f5b4db9e-candidate_final""]",False,False,True,False,False,False,False,True,True,True,True,True,True,True,True,False,False,True,False,False,False,False,False,False
gemini_flash,test,CT12,reported_uncertain_correction,3,SR1,"[""65d45fa317d6f5b4db9e-g_draft"", ""65d45fa317d6f5b4db9e-sr_feedback"", ""65d45fa317d6f5b4db9e-sr_refine""]",False,False,True,False,False,False,False,True,True,True,True,True,True,True,True,False,False,True,False,False,False,False,False,False
gemini_flash,test,CT13,wrong_subject,1,D,"[""b145bf95698b58075dd1-g_draft""]",True,False,True,False,False,False,False,True,True,True,True,True,True,True,True,True,False,False,False,False,False,False,False,False
gemini_flash,test,CT13,wrong_subject,1,G,"[""b145bf95698b58075dd1-g_draft"", ""b145bf95698b58075dd1-g_final""]",True,False,True,False,False,False,False,True,True,True,True,True,True,True,True,True,False,False,False,False,False,False,False,False
gemini_flash,test,CT13,wrong_subject,1,B,"[""b145bf95698b58075dd1-candidate_extract"", ""b145bf95698b58075dd1-candidate_final""]",True,False,True,False,False,False,False,True,True,True,True,True,True,True,True,True,False,False,False,False,False,False,False,False
gemini_flash,test,CT13,wrong_subject,1,C,"[""b145bf95698b58075dd1-candidate_extract"", ""b145bf95698b58075dd1-candidate_final""]",True,False,True,False,False,False,False,True,True,True,True,True,True,True,True,True,False,False,False,False,False,False,False,False
gemini_flash,test,CT13,wrong_subject,1,R,"[""b145bf95698b58075dd1-candidate_extract"", ""b145bf95698b58075dd1-candidate_final""]",True,False,True,False,False,False,False,True,True,True,True,True,True,True,True,True,False,False,False,False,False,False,True,False
gemini_flash,test,CT13,wrong_subject,1,CR,"[""b145bf95698b58075dd1-candidate_extract"", ""b145bf95698b58075dd1-candidate_final""]",True,False,True,False,False,False,False,True,True,True,True,True,True,True,True,True,False,False,False,False,False,False,True,False
gemini_flash,test,CT13,wrong_subject,1,SR1,"[""b145bf95698b58075dd1-g_draft"", ""b145bf95698b58075dd1-sr_feedback"", ""b145bf95698b58075dd1-sr_refine""]",True,False,True,False,False,False,False,True,False,True,True,True,False,True,False,False,False,False,False,False,True,True,False,False
gemini_flash,test,CT13,wrong_subject,2,D,"[""cb599ef8c2c566224e55-g_draft""]",True,False,True,False,False,False,False,True,True,True,True,True,True,True,True,True,False,False,False,False,False,False,False,False
gemini_flash,test,CT13,wrong_subject,2,G,"[""cb599ef8c2c566224e55-g_draft"", ""cb599ef8c2c566224e55-g_final""]",True,False,True,False,False,False,False,True,True,True,True,True,True,True,True,True,False,False,False,False,False,False,False,False
gemini_flash,test,CT13,wrong_subject,2,B,"[""cb599ef8c2c566224e55-candidate_extract"", ""cb599ef8c2c566224e55-candidate_final""]",True,False,True,False,False,False,False,True,True,True,True,True,True,True,True,True,False,False,False,False,False,False,False,False
gemini_flash,test,CT13,wrong_subject,2,C,"[""cb599ef8c2c566224e55-candidate_extract"", ""cb599ef8c2c566224e55-candidate_final""]",True,False,True,False,False,False,False,True,True,True,True,True,True,True,True,True,False,False,False,False,False,False,False,False
gemini_flash,test,CT13,wrong_subject,2,R,"[""cb599ef8c2c566224e55-candidate_extract"", ""cb599ef8c2c566224e55-candidate_final""]",True,False,True,False,False,False,False,True,True,True,True,True,True,True,True,True,False,False,False,False,False,False,True,False
gemini_flash,test,CT13,wrong_subject,2,CR,"[""cb599ef8c2c566224e55-candidate_extract"", ""cb599ef8c2c566224e55-candidate_final""]",True,False,True,False,False,False,False,True,True,True,True,True,True,True,True,True,False,False,False,False,False,False,True,False
gemini_flash,test,CT13,wrong_subject,2,SR1,"[""cb599ef8c2c566224e55-g_draft"", ""cb599ef8c2c566224e55-sr_feedback"", ""cb599ef8c2c566224e55-sr_refine""]",True,False,True,False,False,False,False,True,False,True,True,True,False,True,False,False,False,False,False,False,True,True,False,False
gemini_flash,test,CT13,wrong_subject,3,D,"[""705f5e8034ea446818c9-g_draft""]",True,False,True,False,False,False,False,True,True,True,True,True,True,True,True,True,False,False,False,False,False,False,False,False
gemini_flash,test,CT13,wrong_subject,3,G,"[""705f5e8034ea446818c9-g_draft"", ""705f5e8034ea446818c9-g_final""]",True,False,True,False,False,False,False,True,True,True,True,True,True,True,True,True,False,False,False,False,False,False,False,False
gemini_flash,test,CT13,wrong_subject,3,B,"[""705f5e8034ea446818c9-candidate_extract"", ""705f5e8034ea446818c9-candidate_final""]",True,False,True,False,False,False,False,True,True,True,True,True,True,True,True,True,False,False,False,False,False,False,False,False
gemini_flash,test,CT13,wrong_subject,3,C,"[""705f5e8034ea446818c9-candidate_extract"", ""705f5e8034ea446818c9-candidate_final""]",True,False,True,False,False,False,False,True,True,True,True,True,True,True,True,True,False,False,False,False,False,False,False,False
gemini_flash,test,CT13,wrong_subject,3,R,"[""705f5e8034ea446818c9-candidate_extract"", ""705f5e8034ea446818c9-candidate_final""]",True,False,True,False,False,False,False,True,True,True,True,True,True,True,True,True,False,False,False,False,False,False,True,False
gemini_flash,test,CT13,wrong_subject,3,CR,"[""705f5e8034ea446818c9-candidate_extract"", ""705f5e8034ea446818c9-candidate_final""]",True,False,True,False,False,False,False,True,True,True,True,True,True,True,True,True,False,False,False,False,False,False,True,False
gemini_flash,test,CT13,wrong_subject,3,SR1,"[""705f5e8034ea446818c9-g_draft"", ""705f5e8034ea446818c9-sr_feedback"", ""705f5e8034ea446818c9-sr_refine""]",True,False,True,False,False,False,False,True,False,True,True,True,False,True,False,False,False,False,False,False,True,True,False,False
gemini_flash,test,CT14,wrong_subject,1,D,"[""a24524e69c1ad97798d8-g_draft""]",True,False,True,False,False,False,False,True,True,True,True,True,True,True,True,True,False,False,False,False,False,False,False,False
gemini_flash,test,CT14,wrong_subject,1,G,"[""a24524e69c1ad97798d8-g_draft"", ""a24524e69c1ad97798d8-g_final""]",True,False,True,False,False,False,False,True,True,True,True,True,True,True,True,True,False,False,False,False,False,False,False,False
gemini_flash,test,CT14,wrong_subject,1,B,"[""a24524e69c1ad97798d8-candidate_extract"", ""a24524e69c1ad97798d8-candidate_final""]",True,False,True,False,False,False,False,True,True,True,True,True,True,True,True,True,False,False,False,False,False,False,False,False
gemini_flash,test,CT14,wrong_subject,1,C,"[""a24524e69c1ad97798d8-candidate_extract"", ""a24524e69c1ad97798d8-candidate_final""]",True,False,True,False,False,False,False,True,True,True,True,True,True,True,True,True,False,False,False,False,False,False,False,False
gemini_flash,test,CT14,wrong_subject,1,R,"[""a24524e69c1ad97798d8-candidate_extract"", ""a24524e69c1ad97798d8-candidate_final""]",True,False,True,False,False,False,False,True,True,True,True,True,True,True,True,True,False,False,False,False,False,False,True,False
gemini_flash,test,CT14,wrong_subject,1,CR,"[""a24524e69c1ad97798d8-candidate_extract"", ""a24524e69c1ad97798d8-candidate_final""]",True,False,True,False,False,False,False,True,True,True,True,True,True,True,True,True,False,False,False,False,False,False,True,False
gemini_flash,test,CT14,wrong_subject,1,SR1,"[""a24524e69c1ad97798d8-g_draft"", ""a24524e69c1ad97798d8-sr_feedback"", ""a24524e69c1ad97798d8-sr_refine""]",True,False,True,False,False,False,False,True,False,True,True,True,False,True,False,False,False,False,False,False,True,True,False,False
gemini_flash,test,CT14,wrong_subject,2,D,"[""70566bc3497132493f35-g_draft""]",True,False,True,False,False,False,False,True,True,True,True,True,True,True,True,True,False,False,False,False,False,False,False,False
gemini_flash,test,CT14,wrong_subject,2,G,"[""70566bc3497132493f35-g_draft"", ""70566bc3497132493f35-g_final""]",True,False,True,False,False,False,False,True,True,True,True,True,True,True,True,True,False,False,False,False,False,False,False,False
gemini_flash,test,CT14,wrong_subject,2,B,"[""70566bc3497132493f35-candidate_extract"", ""70566bc3497132493f35-candidate_final""]",True,False,True,False,False,False,False,True,True,True,True,True,True,True,True,True,False,False,False,False,False,False,False,False
gemini_flash,test,CT14,wrong_subject,2,C,"[""70566bc3497132493f35-candidate_extract"", ""70566bc3497132493f35-candidate_final""]",True,False,True,False,False,False,False,True,True,True,True,True,True,True,True,True,False,False,False,False,False,False,False,False
gemini_flash,test,CT14,wrong_subject,2,R,"[""70566bc3497132493f35-candidate_extract"", ""70566bc3497132493f35-candidate_final""]",True,False,True,False,False,False,False,True,True,True,True,True,True,True,True,True,False,False,False,False,False,False,True,False
gemini_flash,test,CT14,wrong_subject,2,CR,"[""70566bc3497132493f35-candidate_extract"", ""70566bc3497132493f35-candidate_final""]",True,False,True,False,False,False,False,True,True,True,True,True,True,True,True,True,False,False,False,False,False,False,True,False
gemini_flash,test,CT14,wrong_subject,2,SR1,"[""70566bc3497132493f35-g_draft"", ""70566bc3497132493f35-sr_feedback"", ""70566bc3497132493f35-sr_refine""]",True,False,True,False,False,False,False,True,False,True,True,True,True,True,False,False,False,False,False,False,False,False,False,False
gemini_flash,test,CT14,wrong_subject,3,D,"[""fe9d6d6b0c433077df52-g_draft""]",True,False,True,False,False,False,False,True,True,True,True,True,True,True,True,True,False,False,False,False,False,False,False,False
gemini_flash,test,CT14,wrong_subject,3,G,"[""fe9d6d6b0c433077df52-g_draft"", ""fe9d6d6b0c433077df52-g_final""]",True,False,True,False,False,False,False,True,True,True,True,True,True,True,True,True,False,False,False,False,False,False,False,False
gemini_flash,test,CT14,wrong_subject,3,B,"[""fe9d6d6b0c433077df52-candidate_extract"", ""fe9d6d6b0c433077df52-candidate_final""]",True,False,True,False,False,False,False,True,True,True,True,True,True,True,True,True,False,False,False,False,False,False,False,False
gemini_flash,test,CT14,wrong_subject,3,C,"[""fe9d6d6b0c433077df52-candidate_extract"", ""fe9d6d6b0c433077df52-candidate_final""]",True,False,True,False,False,False,False,True,True,True,True,True,True,True,True,True,False,False,False,False,False,False,False,False
gemini_flash,test,CT14,wrong_subject,3,R,"[""fe9d6d6b0c433077df52-candidate_extract"", ""fe9d6d6b0c433077df52-candidate_final""]",True,False,True,False,False,False,False,True,True,True,True,True,True,True,True,True,False,False,False,False,False,False,True,False
gemini_flash,test,CT14,wrong_subject,3,CR,"[""fe9d6d6b0c433077df52-candidate_extract"", ""fe9d6d6b0c433077df52-candidate_final""]",True,False,True,False,False,False,False,True,True,True,True,True,True,True,True,True,False,False,False,False,False,False,True,False
gemini_flash,test,CT14,wrong_subject,3,SR1,"[""fe9d6d6b0c433077df52-g_draft"", ""fe9d6d6b0c433077df52-sr_feedback"", ""fe9d6d6b0c433077df52-sr_refine""]",True,False,True,False,False,False,False,True,True,True,True,True,True,True,True,True,False,False,False,False,False,False,False,False
gemini_flash,test,CT15,wrong_subject,1,D,"[""83bb2a7cc8b13f2dd183-g_draft""]",True,False,True,False,False,False,False,True,True,True,True,True,True,True,True,True,False,False,False,False,False,False,False,False
gemini_flash,test,CT15,wrong_subject,1,G,"[""83bb2a7cc8b13f2dd183-g_draft"", ""83bb2a7cc8b13f2dd183-g_final""]",True,False,True,False,False,False,False,True,True,True,True,True,True,True,True,True,False,False,False,False,False,False,False,False
gemini_flash,test,CT15,wrong_subject,1,B,"[""83bb2a7cc8b13f2dd183-candidate_extract"", ""83bb2a7cc8b13f2dd183-candidate_final""]",True,False,True,False,False,False,False,True,True,True,True,True,True,True,True,True,False,False,False,False,False,False,False,False
gemini_flash,test,CT15,wrong_subject,1,C,"[""83bb2a7cc8b13f2dd183-candidate_extract"", ""83bb2a7cc8b13f2dd183-candidate_final""]",True,False,True,False,False,False,False,True,True,True,True,True,True,True,True,True,False,False,False,False,False,False,False,False
gemini_flash,test,CT15,wrong_subject,1,R,"[""83bb2a7cc8b13f2dd183-candidate_extract"", ""83bb2a7cc8b13f2dd183-candidate_final""]",True,False,True,False,False,False,False,True,True,True,True,True,True,True,True,True,False,False,False,False,False,False,True,False
gemini_flash,test,CT15,wrong_subject,1,CR,"[""83bb2a7cc8b13f2dd183-candidate_extract"", ""83bb2a7cc8b13f2dd183-candidate_final""]",True,False,True,False,False,False,False,True,True,True,True,True,True,True,True,True,False,False,False,False,False,False,True,False
gemini_flash,test,CT15,wrong_subject,1,SR1,"[""83bb2a7cc8b13f2dd183-g_draft"", ""83bb2a7cc8b13f2dd183-sr_feedback"", ""83bb2a7cc8b13f2dd183-sr_refine""]",True,False,True,False,False,False,False,True,True,True,True,True,True,True,True,True,False,False,False,False,False,False,False,False
gemini_flash,test,CT15,wrong_subject,2,D,"[""870829948a9edbd8ff70-g_draft""]",True,False,True,False,False,False,False,True,True,True,True,True,True,True,True,True,False,False,False,False,False,False,False,False
gemini_flash,test,CT15,wrong_subject,2,G,"[""870829948a9edbd8ff70-g_draft"", ""870829948a9edbd8ff70-g_final""]",True,False,True,False,False,False,False,True,True,True,True,True,True,True,True,True,False,False,False,False,False,False,False,False
gemini_flash,test,CT15,wrong_subject,2,B,"[""870829948a9edbd8ff70-candidate_extract"", ""870829948a9edbd8ff70-candidate_final""]",True,False,True,False,False,False,False,True,True,True,True,True,True,True,True,True,False,False,False,False,False,False,False,False
gemini_flash,test,CT15,wrong_subject,2,C,"[""870829948a9edbd8ff70-candidate_extract"", ""870829948a9edbd8ff70-candidate_final""]",True,False,True,False,False,False,False,True,True,True,True,True,True,True,True,True,False,False,False,False,False,False,False,False
gemini_flash,test,CT15,wrong_subject,2,R,"[""870829948a9edbd8ff70-candidate_extract"", ""870829948a9edbd8ff70-candidate_final""]",True,False,True,False,False,False,False,True,True,True,True,True,True,True,True,True,False,False,False,False,False,False,True,False
gemini_flash,test,CT15,wrong_subject,2,CR,"[""870829948a9edbd8ff70-candidate_extract"", ""870829948a9edbd8ff70-candidate_final""]",True,False,True,False,False,False,False,True,True,True,True,True,True,True,True,True,False,False,False,False,False,False,True,False
gemini_flash,test,CT15,wrong_subject,2,SR1,"[""870829948a9edbd8ff70-g_draft"", ""870829948a9edbd8ff70-sr_feedback"", ""870829948a9edbd8ff70-sr_refine""]",True,False,True,False,False,False,False,True,True,True,True,True,True,True,True,True,False,False,False,False,False,False,False,False
gemini_flash,test,CT15,wrong_subject,3,D,"[""0cbe2834fffdf8878d1b-g_draft""]",True,False,True,False,False,False,False,True,True,True,True,True,True,True,True,True,False,False,False,False,False,False,False,False
gemini_flash,test,CT15,wrong_subject,3,G,"[""0cbe2834fffdf8878d1b-g_draft"", ""0cbe2834fffdf8878d1b-g_final""]",True,False,True,False,False,False,False,True,True,True,True,True,True,True,True,True,False,False,False,False,False,False,False,False
gemini_flash,test,CT15,wrong_subject,3,B,"[""0cbe2834fffdf8878d1b-candidate_extract"", ""0cbe2834fffdf8878d1b-candidate_final""]",True,False,True,False,False,False,False,True,True,True,True,True,True,True,True,True,False,False,False,False,False,False,False,False
gemini_flash,test,CT15,wrong_subject,3,C,"[""0cbe2834fffdf8878d1b-candidate_extract"", ""0cbe2834fffdf8878d1b-candidate_final""]",True,False,True,False,False,False,False,True,True,True,True,True,True,True,True,True,False,False,False,False,False,False,False,False
gemini_flash,test,CT15,wrong_subject,3,R,"[""0cbe2834fffdf8878d1b-candidate_extract"", ""0cbe2834fffdf8878d1b-candidate_final""]",True,False,True,False,False,False,False,True,True,True,True,True,True,True,True,True,False,False,False,False,False,False,True,False
gemini_flash,test,CT15,wrong_subject,3,CR,"[""0cbe2834fffdf8878d1b-candidate_extract"", ""0cbe2834fffdf8878d1b-candidate_final""]",True,False,True,False,False,False,False,True,True,True,True,True,True,True,True,True,False,False,False,False,False,False,True,False
gemini_flash,test,CT15,wrong_subject,3,SR1,"[""0cbe2834fffdf8878d1b-g_draft"", ""0cbe2834fffdf8878d1b-sr_feedback"", ""0cbe2834fffdf8878d1b-sr_refine""]",True,False,True,False,False,False,False,True,False,True,True,True,False,True,False,False,False,False,False,False,True,True,False,False
gemini_flash,test,CT16,wrong_subject,1,D,"[""c80959d523e2d1f82a56-g_draft""]",True,False,True,False,False,False,False,True,True,True,True,True,True,True,True,True,False,False,False,False,False,False,False,False
gemini_flash,test,CT16,wrong_subject,1,G,"[""c80959d523e2d1f82a56-g_draft"", ""c80959d523e2d1f82a56-g_final""]",True,False,True,False,False,False,False,True,True,True,True,True,True,True,True,True,False,False,False,False,False,False,False,False
gemini_flash,test,CT16,wrong_subject,1,B,"[""c80959d523e2d1f82a56-candidate_extract"", ""c80959d523e2d1f82a56-candidate_final""]",True,False,True,False,False,False,False,True,True,True,True,True,True,True,True,True,False,False,False,False,False,False,False,False
gemini_flash,test,CT16,wrong_subject,1,C,"[""c80959d523e2d1f82a56-candidate_extract"", ""c80959d523e2d1f82a56-candidate_final""]",True,False,True,False,False,False,False,True,True,True,True,True,True,True,True,True,False,False,False,False,False,False,False,False
gemini_flash,test,CT16,wrong_subject,1,R,"[""c80959d523e2d1f82a56-candidate_extract"", ""c80959d523e2d1f82a56-candidate_final""]",True,False,True,False,False,False,False,True,True,True,True,True,True,True,True,True,False,False,False,False,False,False,True,False
gemini_flash,test,CT16,wrong_subject,1,CR,"[""c80959d523e2d1f82a56-candidate_extract"", ""c80959d523e2d1f82a56-candidate_final""]",True,False,True,False,False,False,False,True,True,True,True,True,True,True,True,True,False,False,False,False,False,False,True,False
gemini_flash,test,CT16,wrong_subject,1,SR1,"[""c80959d523e2d1f82a56-g_draft"", ""c80959d523e2d1f82a56-sr_feedback"", ""c80959d523e2d1f82a56-sr_refine""]",True,False,True,False,True,False,False,True,True,True,True,True,True,True,True,True,False,False,False,False,False,False,False,False
gemini_flash,test,CT16,wrong_subject,2,D,"[""4c040436fc3c9492ad3e-g_draft""]",True,False,True,False,False,False,False,True,True,True,True,True,True,True,True,True,False,False,False,False,False,False,False,False
gemini_flash,test,CT16,wrong_subject,2,G,"[""4c040436fc3c9492ad3e-g_draft"", ""4c040436fc3c9492ad3e-g_final""]",True,False,True,False,False,False,False,True,True,True,True,True,True,True,True,True,False,False,False,False,False,False,False,False
gemini_flash,test,CT16,wrong_subject,2,B,"[""4c040436fc3c9492ad3e-candidate_extract"", ""4c040436fc3c9492ad3e-candidate_final""]",True,False,True,False,False,False,False,True,True,True,True,True,True,True,True,True,False,False,False,False,False,False,False,False
gemini_flash,test,CT16,wrong_subject,2,C,"[""4c040436fc3c9492ad3e-candidate_extract"", ""4c040436fc3c9492ad3e-candidate_final""]",True,False,True,False,False,False,False,True,True,True,True,True,True,True,True,True,False,False,False,False,False,False,False,False
gemini_flash,test,CT16,wrong_subject,2,R,"[""4c040436fc3c9492ad3e-candidate_extract"", ""4c040436fc3c9492ad3e-candidate_final""]",True,False,True,False,False,False,False,True,True,True,True,True,True,True,True,True,False,False,False,False,False,False,True,False
gemini_flash,test,CT16,wrong_subject,2,CR,"[""4c040436fc3c9492ad3e-candidate_extract"", ""4c040436fc3c9492ad3e-candidate_final""]",True,False,True,False,False,False,False,True,True,True,True,True,True,True,True,True,False,False,False,False,False,False,True,False
gemini_flash,test,CT16,wrong_subject,2,SR1,"[""4c040436fc3c9492ad3e-g_draft"", ""4c040436fc3c9492ad3e-sr_feedback"", ""4c040436fc3c9492ad3e-sr_refine""]",True,False,True,False,False,False,False,True,True,True,True,True,True,True,True,True,False,False,False,False,False,False,False,False
gemini_flash,test,CT16,wrong_subject,3,D,"[""fc72cccbe99dc086809a-g_draft""]",True,False,True,False,False,False,False,True,True,True,True,True,True,True,True,True,False,False,False,False,False,False,False,False
gemini_flash,test,CT16,wrong_subject,3,G,"[""fc72cccbe99dc086809a-g_draft"", ""fc72cccbe99dc086809a-g_final""]",True,False,True,False,False,False,False,True,True,True,True,True,True,True,True,True,False,False,False,False,False,False,False,False
gemini_flash,test,CT16,wrong_subject,3,B,"[""fc72cccbe99dc086809a-candidate_extract"", ""fc72cccbe99dc086809a-candidate_final""]",True,False,True,False,False,False,False,True,True,True,True,True,True,True,True,True,False,False,False,False,False,False,False,False
gemini_flash,test,CT16,wrong_subject,3,C,"[""fc72cccbe99dc086809a-candidate_extract"", ""fc72cccbe99dc086809a-candidate_final""]",True,False,True,False,False,False,False,True,True,True,True,True,True,True,True,True,False,False,False,False,False,False,False,False
gemini_flash,test,CT16,wrong_subject,3,R,"[""fc72cccbe99dc086809a-candidate_extract"", ""fc72cccbe99dc086809a-candidate_final""]",True,False,True,False,False,False,False,True,True,True,True,True,True,True,True,True,False,False,False,False,False,False,True,False
gemini_flash,test,CT16,wrong_subject,3,CR,"[""fc72cccbe99dc086809a-candidate_extract"", ""fc72cccbe99dc086809a-candidate_final""]",True,False,True,False,False,False,False,True,True,True,True,True,True,True,True,True,False,False,False,False,False,False,True,False
gemini_flash,test,CT16,wrong_subject,3,SR1,"[""fc72cccbe99dc086809a-g_draft"", ""fc72cccbe99dc086809a-sr_feedback"", ""fc72cccbe99dc086809a-sr_refine""]",True,False,True,False,False,False,False,True,True,True,True,True,True,True,True,True,False,False,False,False,False,False,False,False
gemini_flash,test,CT17,temporal_distinction,1,D,"[""dfaba84b6e8a46e79a53-g_draft""]",True,False,True,False,False,False,False,True,True,True,True,True,True,True,True,True,False,False,False,False,False,False,False,False
gemini_flash,test,CT17,temporal_distinction,1,G,"[""dfaba84b6e8a46e79a53-g_draft"", ""dfaba84b6e8a46e79a53-g_final""]",True,False,True,False,False,False,False,True,True,True,True,True,True,True,True,True,False,False,False,False,False,False,False,False
gemini_flash,test,CT17,temporal_distinction,1,B,"[""dfaba84b6e8a46e79a53-candidate_extract"", ""dfaba84b6e8a46e79a53-candidate_final""]",True,False,True,False,False,False,False,True,True,True,True,True,True,True,True,True,False,False,False,False,False,False,False,False
gemini_flash,test,CT17,temporal_distinction,1,C,"[""dfaba84b6e8a46e79a53-candidate_extract"", ""dfaba84b6e8a46e79a53-candidate_final""]",True,False,True,False,False,False,False,True,True,True,True,True,True,True,True,True,False,False,False,False,False,False,False,False
gemini_flash,test,CT17,temporal_distinction,1,R,"[""dfaba84b6e8a46e79a53-candidate_extract"", ""dfaba84b6e8a46e79a53-candidate_final""]",True,False,True,False,False,False,False,True,True,True,True,True,True,True,True,True,False,False,False,False,False,False,True,False
gemini_flash,test,CT17,temporal_distinction,1,CR,"[""dfaba84b6e8a46e79a53-candidate_extract"", ""dfaba84b6e8a46e79a53-candidate_final""]",True,False,True,False,False,False,False,True,True,True,True,True,True,True,True,True,False,False,False,False,False,False,True,False
gemini_flash,test,CT17,temporal_distinction,1,SR1,"[""dfaba84b6e8a46e79a53-g_draft"", ""dfaba84b6e8a46e79a53-sr_feedback"", ""dfaba84b6e8a46e79a53-sr_refine""]",True,False,True,False,False,False,False,True,True,True,True,True,True,True,True,True,False,False,False,False,False,False,False,False
gemini_flash,test,CT17,temporal_distinction,2,D,"[""a869c4e911343abb703e-g_draft""]",True,False,True,False,False,False,False,True,True,True,True,True,True,True,True,True,False,False,False,False,False,False,False,False
gemini_flash,test,CT17,temporal_distinction,2,G,"[""a869c4e911343abb703e-g_draft"", ""a869c4e911343abb703e-g_final""]",True,False,True,False,False,False,False,True,True,True,True,True,True,True,True,True,False,False,False,False,False,False,False,False
gemini_flash,test,CT17,temporal_distinction,2,B,"[""a869c4e911343abb703e-candidate_extract"", ""a869c4e911343abb703e-candidate_final""]",True,False,True,False,False,False,False,True,True,True,True,True,True,True,True,True,False,False,False,False,False,False,False,False
gemini_flash,test,CT17,temporal_distinction,2,C,"[""a869c4e911343abb703e-candidate_extract"", ""a869c4e911343abb703e-candidate_final""]",True,False,True,False,False,False,False,True,True,True,True,True,True,True,True,True,False,False,False,False,False,False,False,False
gemini_flash,test,CT17,temporal_distinction,2,R,"[""a869c4e911343abb703e-candidate_extract"", ""a869c4e911343abb703e-candidate_final""]",True,False,True,False,False,False,False,True,True,True,True,True,True,True,True,True,False,False,False,False,False,False,True,False
gemini_flash,test,CT17,temporal_distinction,2,CR,"[""a869c4e911343abb703e-candidate_extract"", ""a869c4e911343abb703e-candidate_final""]",True,False,True,False,False,False,False,True,True,True,True,True,True,True,True,True,False,False,False,False,False,False,True,False
gemini_flash,test,CT17,temporal_distinction,2,SR1,"[""a869c4e911343abb703e-g_draft"", ""a869c4e911343abb703e-sr_feedback"", ""a869c4e911343abb703e-sr_refine""]",True,False,True,False,False,False,False,True,True,True,True,True,True,True,True,True,False,False,False,False,False,False,False,False
gemini_flash,test,CT17,temporal_distinction,3,D,"[""88ab3203b2afea192432-g_draft""]",True,False,True,False,False,False,False,True,True,True,True,True,True,True,True,True,False,False,False,False,False,False,False,False
gemini_flash,test,CT17,temporal_distinction,3,G,"[""88ab3203b2afea192432-g_draft"", ""88ab3203b2afea192432-g_final""]",True,False,True,False,False,False,False,True,True,True,True,True,True,True,True,True,False,False,False,False,False,False,False,False
gemini_flash,test,CT17,temporal_distinction,3,B,"[""88ab3203b2afea192432-candidate_extract"", ""88ab3203b2afea192432-candidate_final""]",True,False,True,False,False,False,False,True,True,True,True,True,True,True,True,True,False,False,False,False,False,False,False,False
gemini_flash,test,CT17,temporal_distinction,3,C,"[""88ab3203b2afea192432-candidate_extract"", ""88ab3203b2afea192432-candidate_final""]",True,False,True,False,False,False,False,True,True,True,True,True,True,True,True,True,False,False,False,False,False,False,False,False
gemini_flash,test,CT17,temporal_distinction,3,R,"[""88ab3203b2afea192432-candidate_extract"", ""88ab3203b2afea192432-candidate_final""]",True,False,True,False,False,False,False,True,True,True,True,True,True,True,True,True,False,False,False,False,False,False,True,False
gemini_flash,test,CT17,temporal_distinction,3,CR,"[""88ab3203b2afea192432-candidate_extract"", ""88ab3203b2afea192432-candidate_final""]",True,False,True,False,False,False,False,True,True,True,True,True,True,True,True,True,False,False,False,False,False,False,True,False
gemini_flash,test,CT17,temporal_distinction,3,SR1,"[""88ab3203b2afea192432-g_draft"", ""88ab3203b2afea192432-sr_feedback"", ""88ab3203b2afea192432-sr_refine""]",True,False,True,False,False,False,False,True,True,True,True,True,True,True,True,True,False,False,False,False,False,False,False,False
gemini_flash,test,CT18,temporal_distinction,1,D,"[""00584923edcd55744665-g_draft""]",True,False,True,False,False,False,False,True,True,True,True,True,True,True,True,True,False,False,False,False,False,False,False,False
gemini_flash,test,CT18,temporal_distinction,1,G,"[""00584923edcd55744665-g_draft"", ""00584923edcd55744665-g_final""]",True,False,True,False,False,False,False,True,True,True,True,True,True,True,True,True,False,False,False,False,False,False,False,False
gemini_flash,test,CT18,temporal_distinction,1,B,"[""00584923edcd55744665-candidate_extract"", ""00584923edcd55744665-candidate_final""]",True,False,True,False,False,False,False,True,True,True,True,True,True,True,True,True,False,False,False,False,False,False,False,False
gemini_flash,test,CT18,temporal_distinction,1,C,"[""00584923edcd55744665-candidate_extract"", ""00584923edcd55744665-candidate_final""]",True,False,True,False,False,False,False,True,True,True,True,True,True,True,True,True,False,False,False,False,False,False,False,False
gemini_flash,test,CT18,temporal_distinction,1,R,"[""00584923edcd55744665-candidate_extract"", ""00584923edcd55744665-candidate_final""]",True,False,True,False,False,False,False,True,True,True,True,True,True,True,True,True,False,False,False,False,False,False,True,False
gemini_flash,test,CT18,temporal_distinction,1,CR,"[""00584923edcd55744665-candidate_extract"", ""00584923edcd55744665-candidate_final""]",True,False,True,False,False,False,False,True,True,True,True,True,True,True,True,True,False,False,False,False,False,False,True,False
gemini_flash,test,CT18,temporal_distinction,1,SR1,"[""00584923edcd55744665-g_draft"", ""00584923edcd55744665-sr_feedback"", ""00584923edcd55744665-sr_refine""]",True,False,True,False,False,False,False,True,True,True,True,True,True,True,True,True,False,False,False,False,False,False,False,False
gemini_flash,test,CT18,temporal_distinction,2,D,"[""5f15dcd1aed40f7afc0b-g_draft""]",True,False,True,False,False,False,False,True,True,True,True,True,True,True,True,True,False,False,False,False,False,False,False,False
gemini_flash,test,CT18,temporal_distinction,2,G,"[""5f15dcd1aed40f7afc0b-g_draft"", ""5f15dcd1aed40f7afc0b-g_final""]",True,False,True,False,False,False,False,True,True,True,True,True,True,True,True,True,False,False,False,False,False,False,False,False
gemini_flash,test,CT18,temporal_distinction,2,B,"[""5f15dcd1aed40f7afc0b-candidate_extract"", ""5f15dcd1aed40f7afc0b-candidate_final""]",True,False,True,False,False,False,False,True,True,True,True,True,True,True,True,True,False,False,False,False,False,False,False,False
gemini_flash,test,CT18,temporal_distinction,2,C,"[""5f15dcd1aed40f7afc0b-candidate_extract"", ""5f15dcd1aed40f7afc0b-candidate_final""]",True,False,True,False,False,False,False,True,True,True,True,True,True,True,True,True,False,False,False,False,False,False,False,False
gemini_flash,test,CT18,temporal_distinction,2,R,"[""5f15dcd1aed40f7afc0b-candidate_extract"", ""5f15dcd1aed40f7afc0b-candidate_final""]",True,False,True,False,False,False,False,True,True,True,True,True,True,True,True,True,False,False,False,False,False,False,True,False
gemini_flash,test,CT18,temporal_distinction,2,CR,"[""5f15dcd1aed40f7afc0b-candidate_extract"", ""5f15dcd1aed40f7afc0b-candidate_final""]",True,False,True,False,False,False,False,True,True,True,True,True,True,True,True,True,False,False,False,False,False,False,True,False
gemini_flash,test,CT18,temporal_distinction,2,SR1,"[""5f15dcd1aed40f7afc0b-g_draft"", ""5f15dcd1aed40f7afc0b-sr_feedback"", ""5f15dcd1aed40f7afc0b-sr_refine""]",True,False,True,False,False,False,False,True,True,True,True,True,True,True,True,True,False,False,False,False,False,False,False,False
gemini_flash,test,CT18,temporal_distinction,3,D,"[""5dda5b60373c82883ff3-g_draft""]",True,False,True,False,False,False,False,True,True,True,True,True,True,True,True,True,False,False,False,False,False,False,False,False
gemini_flash,test,CT18,temporal_distinction,3,G,"[""5dda5b60373c82883ff3-g_draft"", ""5dda5b60373c82883ff3-g_final""]",True,False,True,False,False,False,False,True,True,True,True,True,True,True,True,True,False,False,False,False,False,False,False,False
gemini_flash,test,CT18,temporal_distinction,3,B,"[""5dda5b60373c82883ff3-candidate_extract"", ""5dda5b60373c82883ff3-candidate_final""]",True,False,True,False,False,False,False,True,True,True,True,True,True,True,True,True,False,False,False,False,False,False,False,False
gemini_flash,test,CT18,temporal_distinction,3,C,"[""5dda5b60373c82883ff3-candidate_extract"", ""5dda5b60373c82883ff3-candidate_final""]",True,False,True,False,False,False,False,True,True,True,True,True,True,True,True,True,False,False,False,False,False,False,False,False
gemini_flash,test,CT18,temporal_distinction,3,R,"[""5dda5b60373c82883ff3-candidate_extract"", ""5dda5b60373c82883ff3-candidate_final""]",True,False,True,False,False,False,False,True,True,True,True,True,True,True,True,True,False,False,False,False,False,False,True,False
gemini_flash,test,CT18,temporal_distinction,3,CR,"[""5dda5b60373c82883ff3-candidate_extract"", ""5dda5b60373c82883ff3-candidate_final""]",True,False,True,False,False,False,False,True,True,True,True,True,True,True,True,True,False,False,False,False,False,False,True,False
gemini_flash,test,CT18,temporal_distinction,3,SR1,"[""5dda5b60373c82883ff3-g_draft"", ""5dda5b60373c82883ff3-sr_feedback"", ""5dda5b60373c82883ff3-sr_refine""]",True,False,True,False,False,False,False,True,True,True,True,True,True,True,True,True,False,False,False,False,False,False,False,False
gemini_flash,test,CT19,temporal_distinction,1,D,"[""2f8f5f45fe3b567cd061-g_draft""]",True,False,True,False,False,False,False,True,True,True,True,True,True,True,True,True,False,False,False,False,False,False,False,False
gemini_flash,test,CT19,temporal_distinction,1,G,"[""2f8f5f45fe3b567cd061-g_draft"", ""2f8f5f45fe3b567cd061-g_final""]",True,False,True,False,False,False,False,True,True,True,True,True,True,True,True,True,False,False,False,False,False,False,False,False
gemini_flash,test,CT19,temporal_distinction,1,B,"[""2f8f5f45fe3b567cd061-candidate_extract"", ""2f8f5f45fe3b567cd061-candidate_final""]",True,False,True,False,False,False,False,True,True,True,True,True,True,True,True,True,False,False,False,False,False,False,False,False
gemini_flash,test,CT19,temporal_distinction,1,C,"[""2f8f5f45fe3b567cd061-candidate_extract"", ""2f8f5f45fe3b567cd061-candidate_final""]",True,False,True,False,False,False,False,True,True,True,True,True,True,True,True,True,False,False,False,False,False,False,False,False
gemini_flash,test,CT19,temporal_distinction,1,R,"[""2f8f5f45fe3b567cd061-candidate_extract"", ""2f8f5f45fe3b567cd061-candidate_final""]",True,False,True,False,False,False,False,True,True,True,True,True,True,True,True,True,False,False,False,False,False,False,True,False
gemini_flash,test,CT19,temporal_distinction,1,CR,"[""2f8f5f45fe3b567cd061-candidate_extract"", ""2f8f5f45fe3b567cd061-candidate_final""]",True,False,True,False,False,False,False,True,True,True,True,True,True,True,True,True,False,False,False,False,False,False,True,False
gemini_flash,test,CT19,temporal_distinction,1,SR1,"[""2f8f5f45fe3b567cd061-g_draft"", ""2f8f5f45fe3b567cd061-sr_feedback"", ""2f8f5f45fe3b567cd061-sr_refine""]",True,False,True,False,False,False,False,True,True,True,True,True,True,True,True,True,False,False,False,False,False,False,False,False
gemini_flash,test,CT19,temporal_distinction,2,D,"[""d0db88bccbc145f119b4-g_draft""]",True,False,True,False,False,False,False,True,True,True,True,True,True,True,True,True,False,False,False,False,False,False,False,False
gemini_flash,test,CT19,temporal_distinction,2,G,"[""d0db88bccbc145f119b4-g_draft"", ""d0db88bccbc145f119b4-g_final""]",True,False,True,False,False,False,False,True,True,True,True,True,True,True,True,True,False,False,False,False,False,False,False,False
gemini_flash,test,CT19,temporal_distinction,2,B,"[""d0db88bccbc145f119b4-candidate_extract"", ""d0db88bccbc145f119b4-candidate_final""]",True,False,True,False,False,False,False,True,True,True,True,True,True,True,True,True,False,False,False,False,False,False,False,False
gemini_flash,test,CT19,temporal_distinction,2,C,"[""d0db88bccbc145f119b4-candidate_extract"", ""d0db88bccbc145f119b4-candidate_final""]",True,False,True,False,False,False,False,True,True,True,True,True,True,True,True,True,False,False,False,False,False,False,False,False
gemini_flash,test,CT19,temporal_distinction,2,R,"[""d0db88bccbc145f119b4-candidate_extract"", ""d0db88bccbc145f119b4-candidate_final""]",True,False,True,False,False,False,False,True,True,True,True,True,True,True,True,True,False,False,False,False,False,False,True,False
gemini_flash,test,CT19,temporal_distinction,2,CR,"[""d0db88bccbc145f119b4-candidate_extract"", ""d0db88bccbc145f119b4-candidate_final""]",True,False,True,False,False,False,False,True,True,True,True,True,True,True,True,True,False,False,False,False,False,False,True,False
gemini_flash,test,CT19,temporal_distinction,2,SR1,"[""d0db88bccbc145f119b4-g_draft"", ""d0db88bccbc145f119b4-sr_feedback"", ""d0db88bccbc145f119b4-sr_refine""]",True,False,True,False,False,False,False,True,True,True,True,True,True,True,True,True,False,False,False,False,False,False,False,False
gemini_flash,test,CT19,temporal_distinction,3,D,"[""5a9020f62b036b8047eb-g_draft""]",True,False,True,False,False,False,False,True,True,True,True,True,True,True,True,True,False,False,False,False,False,False,False,False
gemini_flash,test,CT19,temporal_distinction,3,G,"[""5a9020f62b036b8047eb-g_draft"", ""5a9020f62b036b8047eb-g_final""]",True,False,True,False,False,False,False,True,True,True,True,True,True,True,True,True,False,False,False,False,False,False,False,False
gemini_flash,test,CT19,temporal_distinction,3,B,"[""5a9020f62b036b8047eb-candidate_extract"", ""5a9020f62b036b8047eb-candidate_final""]",True,False,True,False,False,False,False,True,True,True,True,True,True,True,True,True,False,False,False,False,False,False,False,False
gemini_flash,test,CT19,temporal_distinction,3,C,"[""5a9020f62b036b8047eb-candidate_extract"", ""5a9020f62b036b8047eb-candidate_final""]",True,False,True,False,False,False,False,True,True,True,True,True,True,True,True,True,False,False,False,False,False,False,False,False
gemini_flash,test,CT19,temporal_distinction,3,R,"[""5a9020f62b036b8047eb-candidate_extract"", ""5a9020f62b036b8047eb-candidate_final""]",True,False,True,False,False,False,False,True,True,True,True,True,True,True,True,True,False,False,False,False,False,False,True,False
gemini_flash,test,CT19,temporal_distinction,3,CR,"[""5a9020f62b036b8047eb-candidate_extract"", ""5a9020f62b036b8047eb-candidate_final""]",True,False,True,False,False,False,False,True,True,True,True,True,True,True,True,True,False,False,False,False,False,False,True,False
gemini_flash,test,CT19,temporal_distinction,3,SR1,"[""5a9020f62b036b8047eb-g_draft"", ""5a9020f62b036b8047eb-sr_feedback"", ""5a9020f62b036b8047eb-sr_refine""]",True,False,True,False,False,False,False,True,True,True,True,True,True,True,True,True,False,False,False,False,False,False,False,False
gemini_flash,test,CT20,temporal_distinction,1,D,"[""34eaed28f9cace8f5f61-g_draft""]",True,False,True,False,False,False,False,True,True,True,True,True,True,True,True,True,False,False,False,False,False,False,False,False
gemini_flash,test,CT20,temporal_distinction,1,G,"[""34eaed28f9cace8f5f61-g_draft"", ""34eaed28f9cace8f5f61-g_final""]",True,False,True,False,False,False,False,True,True,True,True,True,True,True,True,True,False,False,False,False,False,False,False,False
gemini_flash,test,CT20,temporal_distinction,1,B,"[""34eaed28f9cace8f5f61-candidate_extract"", ""34eaed28f9cace8f5f61-candidate_final""]",True,False,True,False,False,False,False,True,True,True,True,True,True,True,True,True,False,False,False,False,False,False,False,False
gemini_flash,test,CT20,temporal_distinction,1,C,"[""34eaed28f9cace8f5f61-candidate_extract"", ""34eaed28f9cace8f5f61-candidate_final""]",True,False,True,False,False,False,False,True,True,True,True,True,True,True,True,True,False,False,False,False,False,False,False,False
gemini_flash,test,CT20,temporal_distinction,1,R,"[""34eaed28f9cace8f5f61-candidate_extract"", ""34eaed28f9cace8f5f61-candidate_final""]",True,False,True,False,False,False,False,True,True,True,True,True,True,True,True,True,False,False,False,False,False,False,True,False
gemini_flash,test,CT20,temporal_distinction,1,CR,"[""34eaed28f9cace8f5f61-candidate_extract"", ""34eaed28f9cace8f5f61-candidate_final""]",True,False,True,False,False,False,False,True,True,True,True,True,True,True,True,True,False,False,False,False,False,False,True,False
gemini_flash,test,CT20,temporal_distinction,1,SR1,"[""34eaed28f9cace8f5f61-g_draft"", ""34eaed28f9cace8f5f61-sr_feedback"", ""34eaed28f9cace8f5f61-sr_refine""]",True,False,True,False,False,False,False,True,True,True,True,True,True,True,True,True,False,False,False,False,False,False,False,False
gemini_flash,test,CT20,temporal_distinction,2,D,"[""947fa8c2c7e0389110c7-g_draft""]",True,False,True,False,False,False,False,True,True,True,True,True,True,True,True,True,False,False,False,False,False,False,False,False
gemini_flash,test,CT20,temporal_distinction,2,G,"[""947fa8c2c7e0389110c7-g_draft"", ""947fa8c2c7e0389110c7-g_final""]",True,False,True,False,False,False,False,True,True,True,True,True,True,True,True,True,False,False,False,False,False,False,False,False
gemini_flash,test,CT20,temporal_distinction,2,B,"[""947fa8c2c7e0389110c7-candidate_extract"", ""947fa8c2c7e0389110c7-candidate_final""]",True,False,True,False,False,False,False,True,True,True,True,True,True,True,True,True,False,False,False,False,False,False,False,False
gemini_flash,test,CT20,temporal_distinction,2,C,"[""947fa8c2c7e0389110c7-candidate_extract"", ""947fa8c2c7e0389110c7-candidate_final""]",True,False,True,False,False,False,False,True,True,True,True,True,True,True,True,True,False,False,False,False,False,False,False,False
gemini_flash,test,CT20,temporal_distinction,2,R,"[""947fa8c2c7e0389110c7-candidate_extract"", ""947fa8c2c7e0389110c7-candidate_final""]",True,False,True,False,False,False,False,True,True,True,True,True,True,True,True,True,False,False,False,False,False,False,True,False
gemini_flash,test,CT20,temporal_distinction,2,CR,"[""947fa8c2c7e0389110c7-candidate_extract"", ""947fa8c2c7e0389110c7-candidate_final""]",True,False,True,False,False,False,False,True,True,True,True,True,True,True,True,True,False,False,False,False,False,False,True,False
gemini_flash,test,CT20,temporal_distinction,2,SR1,"[""947fa8c2c7e0389110c7-g_draft"", ""947fa8c2c7e0389110c7-sr_feedback"", ""947fa8c2c7e0389110c7-sr_refine""]",True,False,True,False,True,False,False,True,True,True,True,True,True,True,True,True,False,False,False,False,False,False,False,False
gemini_flash,test,CT20,temporal_distinction,3,D,"[""7beb3b12e05c02fc94cc-g_draft""]",True,False,True,False,False,False,False,True,True,True,True,True,True,True,True,True,False,False,False,False,False,False,False,False
gemini_flash,test,CT20,temporal_distinction,3,G,"[""7beb3b12e05c02fc94cc-g_draft"", ""7beb3b12e05c02fc94cc-g_final""]",True,False,True,False,False,False,False,True,True,True,True,True,True,True,True,True,False,False,False,False,False,False,False,False
gemini_flash,test,CT20,temporal_distinction,3,B,"[""7beb3b12e05c02fc94cc-candidate_extract"", ""7beb3b12e05c02fc94cc-candidate_final""]",True,False,True,False,False,False,False,True,True,True,True,True,True,True,True,True,False,False,False,False,False,False,False,False
gemini_flash,test,CT20,temporal_distinction,3,C,"[""7beb3b12e05c02fc94cc-candidate_extract"", ""7beb3b12e05c02fc94cc-candidate_final""]",True,False,True,False,False,False,False,True,True,True,True,True,True,True,True,True,False,False,False,False,False,False,False,False
gemini_flash,test,CT20,temporal_distinction,3,R,"[""7beb3b12e05c02fc94cc-candidate_extract"", ""7beb3b12e05c02fc94cc-candidate_final""]",True,False,True,False,False,False,False,True,True,True,True,True,True,True,True,True,False,False,False,False,False,False,True,False
gemini_flash,test,CT20,temporal_distinction,3,CR,"[""7beb3b12e05c02fc94cc-candidate_extract"", ""7beb3b12e05c02fc94cc-candidate_final""]",True,False,True,False,False,False,False,True,True,True,True,True,True,True,True,True,False,False,False,False,False,False,True,False
gemini_flash,test,CT20,temporal_distinction,3,SR1,"[""7beb3b12e05c02fc94cc-g_draft"", ""7beb3b12e05c02fc94cc-sr_feedback"", ""7beb3b12e05c02fc94cc-sr_refine""]",True,False,True,False,False,False,False,True,True,True,True,True,True,True,True,True,False,False,False,False,False,False,False,False
gemini_flash,test,CT21,conflicting_transcript_alternatives,1,D,"[""c8f8cc011124f03b7a5b-g_draft""]",False,False,True,False,False,False,False,False,False,False,False,True,False,True,False,False,False,False,True,False,True,True,False,False
gemini_flash,test,CT21,conflicting_transcript_alternatives,1,G,"[""c8f8cc011124f03b7a5b-g_draft"", ""c8f8cc011124f03b7a5b-g_final""]",False,False,True,False,False,False,False,False,False,False,False,True,False,True,False,False,False,False,True,False,True,True,False,False
gemini_flash,test,CT21,conflicting_transcript_alternatives,1,B,"[""c8f8cc011124f03b7a5b-candidate_extract"", ""c8f8cc011124f03b7a5b-candidate_final""]",False,False,True,False,False,False,False,True,True,True,True,True,True,True,True,False,False,True,False,False,False,False,False,False
gemini_flash,test,CT21,conflicting_transcript_alternatives,1,C,"[""c8f8cc011124f03b7a5b-candidate_extract"", ""c8f8cc011124f03b7a5b-candidate_final""]",False,False,True,False,False,False,False,True,True,True,True,True,True,True,True,False,False,True,False,False,False,False,False,False
gemini_flash,test,CT21,conflicting_transcript_alternatives,1,R,"[""c8f8cc011124f03b7a5b-candidate_extract"", ""c8f8cc011124f03b7a5b-candidate_final""]",False,False,True,False,False,False,False,True,True,True,True,True,True,True,True,False,False,True,False,False,False,False,False,False
gemini_flash,test,CT21,conflicting_transcript_alternatives,1,CR,"[""c8f8cc011124f03b7a5b-candidate_extract"", ""c8f8cc011124f03b7a5b-candidate_final""]",False,False,True,False,False,False,False,True,True,True,True,True,True,True,True,False,False,True,False,False,False,False,False,False
gemini_flash,test,CT21,conflicting_transcript_alternatives,1,SR1,"[""c8f8cc011124f03b7a5b-g_draft"", ""c8f8cc011124f03b7a5b-sr_feedback"", ""c8f8cc011124f03b7a5b-sr_refine""]",False,False,True,False,True,False,False,True,True,True,True,True,True,True,True,False,False,True,False,False,False,False,False,False
gemini_flash,test,CT21,conflicting_transcript_alternatives,2,D,"[""7480618ab8b58b8a6f0e-g_draft""]",False,False,True,False,False,False,False,True,True,True,True,True,True,True,True,False,False,True,False,False,False,False,False,False
gemini_flash,test,CT21,conflicting_transcript_alternatives,2,G,"[""7480618ab8b58b8a6f0e-g_draft"", ""7480618ab8b58b8a6f0e-g_final""]",False,False,True,False,False,False,False,True,True,True,True,True,True,True,True,False,False,True,False,False,False,False,False,False
gemini_flash,test,CT21,conflicting_transcript_alternatives,2,B,"[""7480618ab8b58b8a6f0e-candidate_extract"", ""7480618ab8b58b8a6f0e-candidate_final""]",False,False,True,False,False,False,False,True,True,True,True,True,True,True,True,False,False,True,False,False,False,False,False,False
gemini_flash,test,CT21,conflicting_transcript_alternatives,2,C,"[""7480618ab8b58b8a6f0e-candidate_extract"", ""7480618ab8b58b8a6f0e-candidate_final""]",False,False,True,False,False,False,False,True,True,True,True,True,True,True,True,False,False,True,False,False,False,False,False,False
gemini_flash,test,CT21,conflicting_transcript_alternatives,2,R,"[""7480618ab8b58b8a6f0e-candidate_extract"", ""7480618ab8b58b8a6f0e-candidate_final""]",False,False,True,False,False,False,False,True,True,True,True,True,True,True,True,False,False,True,False,False,False,False,False,False
gemini_flash,test,CT21,conflicting_transcript_alternatives,2,CR,"[""7480618ab8b58b8a6f0e-candidate_extract"", ""7480618ab8b58b8a6f0e-candidate_final""]",False,False,True,False,False,False,False,True,True,True,True,True,True,True,True,False,False,True,False,False,False,False,False,False
gemini_flash,test,CT21,conflicting_transcript_alternatives,2,SR1,"[""7480618ab8b58b8a6f0e-g_draft"", ""7480618ab8b58b8a6f0e-sr_feedback"", ""7480618ab8b58b8a6f0e-sr_refine""]",False,False,True,False,True,False,False,True,True,True,True,True,True,True,True,False,False,True,False,False,False,False,False,False
gemini_flash,test,CT21,conflicting_transcript_alternatives,3,D,"[""079db6da1cbbcc1429ec-g_draft""]",False,False,True,False,False,False,False,True,True,True,True,True,True,True,True,False,False,True,False,False,False,False,False,False
gemini_flash,test,CT21,conflicting_transcript_alternatives,3,G,"[""079db6da1cbbcc1429ec-g_draft"", ""079db6da1cbbcc1429ec-g_final""]",False,False,True,False,False,False,False,True,True,True,True,True,True,True,True,False,False,True,False,False,False,False,False,False
gemini_flash,test,CT21,conflicting_transcript_alternatives,3,B,"[""079db6da1cbbcc1429ec-candidate_extract"", ""079db6da1cbbcc1429ec-candidate_final""]",False,False,True,False,False,False,False,True,True,True,True,True,True,True,True,False,False,True,False,False,False,False,False,False
gemini_flash,test,CT21,conflicting_transcript_alternatives,3,C,"[""079db6da1cbbcc1429ec-candidate_extract"", ""079db6da1cbbcc1429ec-candidate_final""]",False,False,True,False,False,False,False,True,True,True,True,True,True,True,True,False,False,True,False,False,False,False,False,False
gemini_flash,test,CT21,conflicting_transcript_alternatives,3,R,"[""079db6da1cbbcc1429ec-candidate_extract"", ""079db6da1cbbcc1429ec-candidate_final""]",False,False,True,False,False,False,False,True,True,True,True,True,True,True,True,False,False,True,False,False,False,False,False,False
gemini_flash,test,CT21,conflicting_transcript_alternatives,3,CR,"[""079db6da1cbbcc1429ec-candidate_extract"", ""079db6da1cbbcc1429ec-candidate_final""]",False,False,True,False,False,False,False,True,True,True,True,True,True,True,True,False,False,True,False,False,False,False,False,False
gemini_flash,test,CT21,conflicting_transcript_alternatives,3,SR1,"[""079db6da1cbbcc1429ec-g_draft"", ""079db6da1cbbcc1429ec-sr_feedback"", ""079db6da1cbbcc1429ec-sr_refine""]",False,False,True,False,False,False,False,True,False,True,False,True,False,True,False,False,False,False,False,False,True,True,False,False
gemini_flash,test,CT22,conflicting_transcript_alternatives,1,D,"[""20c23c7e0f29c1c05718-g_draft""]",False,False,True,False,False,False,False,True,True,True,True,True,True,True,True,False,False,True,False,False,False,False,False,False
gemini_flash,test,CT22,conflicting_transcript_alternatives,1,G,"[""20c23c7e0f29c1c05718-g_draft"", ""20c23c7e0f29c1c05718-g_final""]",False,False,True,False,False,False,False,True,True,True,True,True,True,True,True,False,False,True,False,False,False,False,False,False
gemini_flash,test,CT22,conflicting_transcript_alternatives,1,B,"[""20c23c7e0f29c1c05718-candidate_extract"", ""20c23c7e0f29c1c05718-candidate_final""]",False,False,True,False,False,False,False,True,True,True,True,True,True,True,True,False,False,True,False,False,False,False,False,False
gemini_flash,test,CT22,conflicting_transcript_alternatives,1,C,"[""20c23c7e0f29c1c05718-candidate_extract"", ""20c23c7e0f29c1c05718-candidate_final""]",False,False,True,False,False,False,False,True,True,True,True,True,True,True,True,False,False,True,False,False,False,False,False,False
gemini_flash,test,CT22,conflicting_transcript_alternatives,1,R,"[""20c23c7e0f29c1c05718-candidate_extract"", ""20c23c7e0f29c1c05718-candidate_final""]",False,False,True,False,False,False,False,True,True,True,True,True,True,True,True,False,False,True,False,False,False,False,False,False
gemini_flash,test,CT22,conflicting_transcript_alternatives,1,CR,"[""20c23c7e0f29c1c05718-candidate_extract"", ""20c23c7e0f29c1c05718-candidate_final""]",False,False,True,False,False,False,False,True,True,True,True,True,True,True,True,False,False,True,False,False,False,False,False,False
gemini_flash,test,CT22,conflicting_transcript_alternatives,1,SR1,"[""20c23c7e0f29c1c05718-g_draft"", ""20c23c7e0f29c1c05718-sr_feedback"", ""20c23c7e0f29c1c05718-sr_refine""]",False,False,True,False,True,False,False,True,True,True,True,True,True,True,True,False,False,True,False,False,False,False,False,False
gemini_flash,test,CT22,conflicting_transcript_alternatives,2,D,"[""d2cfc88592ec592a1354-g_draft""]",False,False,True,False,False,False,False,True,True,True,True,True,True,True,True,False,False,True,False,False,False,False,False,False
gemini_flash,test,CT22,conflicting_transcript_alternatives,2,G,"[""d2cfc88592ec592a1354-g_draft"", ""d2cfc88592ec592a1354-g_final""]",False,False,True,False,False,False,False,True,True,True,True,True,True,True,True,False,False,True,False,False,False,False,False,False
gemini_flash,test,CT22,conflicting_transcript_alternatives,2,B,"[""d2cfc88592ec592a1354-candidate_extract"", ""d2cfc88592ec592a1354-candidate_final""]",False,False,True,False,False,False,False,True,True,True,True,True,True,True,True,False,False,True,False,False,False,False,False,False
gemini_flash,test,CT22,conflicting_transcript_alternatives,2,C,"[""d2cfc88592ec592a1354-candidate_extract"", ""d2cfc88592ec592a1354-candidate_final""]",False,False,True,False,False,False,False,True,True,True,True,True,True,True,True,False,False,True,False,False,False,False,False,False
gemini_flash,test,CT22,conflicting_transcript_alternatives,2,R,"[""d2cfc88592ec592a1354-candidate_extract"", ""d2cfc88592ec592a1354-candidate_final""]",False,False,True,False,False,False,False,True,True,True,True,True,True,True,True,False,False,True,False,False,False,False,False,False
gemini_flash,test,CT22,conflicting_transcript_alternatives,2,CR,"[""d2cfc88592ec592a1354-candidate_extract"", ""d2cfc88592ec592a1354-candidate_final""]",False,False,True,False,False,False,False,True,True,True,True,True,True,True,True,False,False,True,False,False,False,False,False,False
gemini_flash,test,CT22,conflicting_transcript_alternatives,2,SR1,"[""d2cfc88592ec592a1354-g_draft"", ""d2cfc88592ec592a1354-sr_feedback"", ""d2cfc88592ec592a1354-sr_refine""]",False,False,True,False,True,False,False,True,True,True,True,True,True,True,True,False,False,True,False,False,False,False,False,False
gemini_flash,test,CT22,conflicting_transcript_alternatives,3,D,"[""30deea3dcd9a78c42ec3-g_draft""]",False,False,True,False,False,False,False,True,True,True,True,True,True,True,True,False,False,True,False,False,False,False,False,False
gemini_flash,test,CT22,conflicting_transcript_alternatives,3,G,"[""30deea3dcd9a78c42ec3-g_draft"", ""30deea3dcd9a78c42ec3-g_final""]",False,False,True,False,False,False,False,True,True,True,True,True,True,True,True,False,False,True,False,False,False,False,False,False
gemini_flash,test,CT22,conflicting_transcript_alternatives,3,B,"[""30deea3dcd9a78c42ec3-candidate_extract"", ""30deea3dcd9a78c42ec3-candidate_final""]",False,False,True,False,False,False,False,True,True,True,True,True,True,True,True,False,False,True,False,False,False,False,False,False
gemini_flash,test,CT22,conflicting_transcript_alternatives,3,C,"[""30deea3dcd9a78c42ec3-candidate_extract"", ""30deea3dcd9a78c42ec3-candidate_final""]",False,False,True,False,False,False,False,True,True,True,True,True,True,True,True,False,False,True,False,False,False,False,False,False
gemini_flash,test,CT22,conflicting_transcript_alternatives,3,R,"[""30deea3dcd9a78c42ec3-candidate_extract"", ""30deea3dcd9a78c42ec3-candidate_final""]",False,False,True,False,False,False,False,True,True,True,True,True,True,True,True,False,False,True,False,False,False,False,False,False
gemini_flash,test,CT22,conflicting_transcript_alternatives,3,CR,"[""30deea3dcd9a78c42ec3-candidate_extract"", ""30deea3dcd9a78c42ec3-candidate_final""]",False,False,True,False,False,False,False,True,True,True,True,True,True,True,True,False,False,True,False,False,False,False,False,False
gemini_flash,test,CT22,conflicting_transcript_alternatives,3,SR1,"[""30deea3dcd9a78c42ec3-g_draft"", ""30deea3dcd9a78c42ec3-sr_feedback"", ""30deea3dcd9a78c42ec3-sr_refine""]",False,False,True,False,False,False,False,True,True,True,True,True,True,True,True,False,False,True,False,False,False,False,False,False
gemini_flash,test,CT23,conflicting_transcript_alternatives,1,D,"[""8bdebc6de08f3846f8eb-g_draft""]",False,False,True,False,False,False,False,True,True,True,True,True,True,True,True,False,False,True,False,False,False,False,False,False
gemini_flash,test,CT23,conflicting_transcript_alternatives,1,G,"[""8bdebc6de08f3846f8eb-g_draft"", ""8bdebc6de08f3846f8eb-g_final""]",False,False,True,False,False,False,False,True,True,True,True,True,True,True,True,False,False,True,False,False,False,False,False,False
gemini_flash,test,CT23,conflicting_transcript_alternatives,1,B,"[""8bdebc6de08f3846f8eb-candidate_extract"", ""8bdebc6de08f3846f8eb-candidate_final""]",False,False,False,True,False,False,True,False,False,False,False,False,False,False,False,False,False,False,False,False,False,False,False,False
gemini_flash,test,CT23,conflicting_transcript_alternatives,1,C,"[""8bdebc6de08f3846f8eb-candidate_extract"", ""8bdebc6de08f3846f8eb-candidate_final""]",False,False,False,True,False,False,True,False,False,False,False,False,False,False,False,False,False,False,False,False,False,False,False,False
gemini_flash,test,CT23,conflicting_transcript_alternatives,1,R,"[""8bdebc6de08f3846f8eb-candidate_extract"", ""8bdebc6de08f3846f8eb-candidate_final""]",False,False,False,True,False,False,True,False,False,False,False,False,False,False,False,False,False,False,False,False,False,False,False,False
gemini_flash,test,CT23,conflicting_transcript_alternatives,1,CR,"[""8bdebc6de08f3846f8eb-candidate_extract"", ""8bdebc6de08f3846f8eb-candidate_final""]",False,False,False,True,False,False,True,False,False,False,False,False,False,False,False,False,False,False,False,False,False,False,False,False
gemini_flash,test,CT23,conflicting_transcript_alternatives,1,SR1,"[""8bdebc6de08f3846f8eb-g_draft"", ""8bdebc6de08f3846f8eb-sr_feedback"", ""8bdebc6de08f3846f8eb-sr_refine""]",False,False,True,False,False,False,False,True,True,True,True,True,True,True,True,False,False,True,False,False,False,False,False,False
gemini_flash,test,CT23,conflicting_transcript_alternatives,2,D,"[""9febd9ded6b82eff5b58-g_draft""]",False,False,True,False,False,False,False,True,True,True,True,True,True,True,True,False,False,True,False,False,False,False,False,False
gemini_flash,test,CT23,conflicting_transcript_alternatives,2,G,"[""9febd9ded6b82eff5b58-g_draft"", ""9febd9ded6b82eff5b58-g_final""]",False,False,True,False,False,False,False,True,True,True,True,True,True,True,True,False,False,True,False,False,False,False,False,False
gemini_flash,test,CT23,conflicting_transcript_alternatives,2,B,"[""9febd9ded6b82eff5b58-candidate_extract"", ""9febd9ded6b82eff5b58-candidate_final""]",False,False,True,False,False,False,False,True,True,True,True,True,True,True,True,False,False,True,False,False,False,False,False,False
gemini_flash,test,CT23,conflicting_transcript_alternatives,2,C,"[""9febd9ded6b82eff5b58-candidate_extract"", ""9febd9ded6b82eff5b58-candidate_final""]",False,False,True,False,False,False,False,True,True,True,True,True,True,True,True,False,False,True,False,False,False,False,False,False
gemini_flash,test,CT23,conflicting_transcript_alternatives,2,R,"[""9febd9ded6b82eff5b58-candidate_extract"", ""9febd9ded6b82eff5b58-candidate_final""]",False,False,True,False,False,False,False,True,True,True,True,True,True,True,True,False,False,True,False,False,False,False,False,False
gemini_flash,test,CT23,conflicting_transcript_alternatives,2,CR,"[""9febd9ded6b82eff5b58-candidate_extract"", ""9febd9ded6b82eff5b58-candidate_final""]",False,False,True,False,False,False,False,True,True,True,True,True,True,True,True,False,False,True,False,False,False,False,False,False
gemini_flash,test,CT23,conflicting_transcript_alternatives,2,SR1,"[""9febd9ded6b82eff5b58-g_draft"", ""9febd9ded6b82eff5b58-sr_feedback"", ""9febd9ded6b82eff5b58-sr_refine""]",False,False,True,False,True,False,False,True,True,True,True,True,True,True,True,False,False,True,False,False,False,False,False,False
gemini_flash,test,CT23,conflicting_transcript_alternatives,3,D,"[""db3ef6b8b2b25d69c687-g_draft""]",False,False,True,False,False,False,False,True,True,True,True,True,True,True,True,False,False,True,False,False,False,False,False,False
gemini_flash,test,CT23,conflicting_transcript_alternatives,3,G,"[""db3ef6b8b2b25d69c687-g_draft"", ""db3ef6b8b2b25d69c687-g_final""]",False,False,True,False,False,False,False,True,True,True,True,True,True,True,True,False,False,True,False,False,False,False,False,False
gemini_flash,test,CT23,conflicting_transcript_alternatives,3,B,"[""db3ef6b8b2b25d69c687-candidate_extract"", ""db3ef6b8b2b25d69c687-candidate_final""]",False,False,True,False,False,False,False,False,True,True,True,True,True,True,True,False,False,True,False,True,False,False,False,False
gemini_flash,test,CT23,conflicting_transcript_alternatives,3,C,"[""db3ef6b8b2b25d69c687-candidate_extract"", ""db3ef6b8b2b25d69c687-candidate_final""]",False,False,True,False,False,False,False,False,True,True,True,True,True,True,True,False,False,True,False,True,False,False,False,False
gemini_flash,test,CT23,conflicting_transcript_alternatives,3,R,"[""db3ef6b8b2b25d69c687-candidate_extract"", ""db3ef6b8b2b25d69c687-candidate_final""]",False,False,True,False,False,False,False,False,True,True,True,True,True,True,True,False,False,True,False,True,False,False,False,False
gemini_flash,test,CT23,conflicting_transcript_alternatives,3,CR,"[""db3ef6b8b2b25d69c687-candidate_extract"", ""db3ef6b8b2b25d69c687-candidate_final""]",False,False,True,False,False,False,False,False,True,True,True,True,True,True,True,False,False,True,False,True,False,False,False,False
gemini_flash,test,CT23,conflicting_transcript_alternatives,3,SR1,"[""db3ef6b8b2b25d69c687-g_draft"", ""db3ef6b8b2b25d69c687-sr_feedback"", ""db3ef6b8b2b25d69c687-sr_refine""]",False,False,True,False,False,False,False,True,True,True,True,True,True,True,True,False,False,True,False,False,False,False,False,False
gemini_flash,test,CT24,conflicting_transcript_alternatives,1,D,"[""a946113cae728632871c-g_draft""]",False,False,True,False,False,False,False,True,True,True,True,True,True,True,True,False,False,True,False,False,False,False,False,False
gemini_flash,test,CT24,conflicting_transcript_alternatives,1,G,"[""a946113cae728632871c-g_draft"", ""a946113cae728632871c-g_final""]",False,False,True,False,False,False,False,True,True,True,True,True,True,True,True,False,False,True,False,False,False,False,False,False
gemini_flash,test,CT24,conflicting_transcript_alternatives,1,B,"[""a946113cae728632871c-candidate_extract"", ""a946113cae728632871c-candidate_final""]",False,False,True,False,False,False,False,True,True,True,True,True,True,True,True,False,False,True,False,False,False,False,False,False
gemini_flash,test,CT24,conflicting_transcript_alternatives,1,C,"[""a946113cae728632871c-candidate_extract"", ""a946113cae728632871c-candidate_final""]",False,False,True,False,False,False,False,True,True,True,True,True,True,True,True,False,False,True,False,False,False,False,False,False
gemini_flash,test,CT24,conflicting_transcript_alternatives,1,R,"[""a946113cae728632871c-candidate_extract"", ""a946113cae728632871c-candidate_final""]",False,False,True,False,False,False,False,True,True,True,True,True,True,True,True,False,False,True,False,False,False,False,False,False
gemini_flash,test,CT24,conflicting_transcript_alternatives,1,CR,"[""a946113cae728632871c-candidate_extract"", ""a946113cae728632871c-candidate_final""]",False,False,True,False,False,False,False,True,True,True,True,True,True,True,True,False,False,True,False,False,False,False,False,False
gemini_flash,test,CT24,conflicting_transcript_alternatives,1,SR1,"[""a946113cae728632871c-g_draft"", ""a946113cae728632871c-sr_feedback"", ""a946113cae728632871c-sr_refine""]",False,False,True,False,False,False,False,True,True,True,True,True,True,True,True,False,False,True,False,False,False,False,False,False
gemini_flash,test,CT24,conflicting_transcript_alternatives,2,D,"[""1bef19a4e7b621b72133-g_draft""]",False,False,True,False,False,False,False,True,True,True,True,True,True,True,True,False,False,True,False,False,False,False,False,False
gemini_flash,test,CT24,conflicting_transcript_alternatives,2,G,"[""1bef19a4e7b621b72133-g_draft"", ""1bef19a4e7b621b72133-g_final""]",False,False,True,False,False,False,False,True,True,True,True,True,True,True,True,False,False,True,False,False,False,False,False,False
gemini_flash,test,CT24,conflicting_transcript_alternatives,2,B,"[""1bef19a4e7b621b72133-candidate_extract"", ""1bef19a4e7b621b72133-candidate_final""]",False,False,True,False,False,False,False,True,True,True,True,True,True,True,True,False,False,True,False,False,False,False,False,False
gemini_flash,test,CT24,conflicting_transcript_alternatives,2,C,"[""1bef19a4e7b621b72133-candidate_extract"", ""1bef19a4e7b621b72133-candidate_final""]",False,False,True,False,False,False,False,True,True,True,True,True,True,True,True,False,False,True,False,False,False,False,False,False
gemini_flash,test,CT24,conflicting_transcript_alternatives,2,R,"[""1bef19a4e7b621b72133-candidate_extract"", ""1bef19a4e7b621b72133-candidate_final""]",False,False,True,False,False,False,False,True,True,True,True,True,True,True,True,False,False,True,False,False,False,False,False,False
gemini_flash,test,CT24,conflicting_transcript_alternatives,2,CR,"[""1bef19a4e7b621b72133-candidate_extract"", ""1bef19a4e7b621b72133-candidate_final""]",False,False,True,False,False,False,False,True,True,True,True,True,True,True,True,False,False,True,False,False,False,False,False,False
gemini_flash,test,CT24,conflicting_transcript_alternatives,2,SR1,"[""1bef19a4e7b621b72133-g_draft"", ""1bef19a4e7b621b72133-sr_feedback"", ""1bef19a4e7b621b72133-sr_refine""]",False,False,True,False,False,False,False,True,True,True,True,True,True,True,True,False,False,True,False,False,False,False,False,False
gemini_flash,test,CT24,conflicting_transcript_alternatives,3,D,"[""96bb744247e32b3cef3e-g_draft""]",False,False,True,False,False,False,False,True,True,True,True,True,True,True,True,False,False,True,False,False,False,False,False,False
gemini_flash,test,CT24,conflicting_transcript_alternatives,3,G,"[""96bb744247e32b3cef3e-g_draft"", ""96bb744247e32b3cef3e-g_final""]",False,False,True,False,False,False,False,True,True,True,True,True,True,True,True,False,False,True,False,False,False,False,False,False
gemini_flash,test,CT24,conflicting_transcript_alternatives,3,B,"[""96bb744247e32b3cef3e-candidate_extract"", ""96bb744247e32b3cef3e-candidate_final""]",False,False,True,False,False,False,False,True,True,True,True,True,True,True,True,False,False,True,False,False,False,False,False,False
gemini_flash,test,CT24,conflicting_transcript_alternatives,3,C,"[""96bb744247e32b3cef3e-candidate_extract"", ""96bb744247e32b3cef3e-candidate_final""]",False,False,True,False,False,False,False,True,True,True,True,True,True,True,True,False,False,True,False,False,False,False,False,False
gemini_flash,test,CT24,conflicting_transcript_alternatives,3,R,"[""96bb744247e32b3cef3e-candidate_extract"", ""96bb744247e32b3cef3e-candidate_final""]",False,False,True,False,False,False,False,True,True,True,True,True,True,True,True,False,False,True,False,False,False,False,False,False
gemini_flash,test,CT24,conflicting_transcript_alternatives,3,CR,"[""96bb744247e32b3cef3e-candidate_extract"", ""96bb744247e32b3cef3e-candidate_final""]",False,False,True,False,False,False,False,True,True,True,True,True,True,True,True,False,False,True,False,False,False,False,False,False
gemini_flash,test,CT24,conflicting_transcript_alternatives,3,SR1,"[""96bb744247e32b3cef3e-g_draft"", ""96bb744247e32b3cef3e-sr_feedback"", ""96bb744247e32b3cef3e-sr_refine""]",False,False,True,False,False,False,False,True,True,True,True,True,True,True,True,False,False,True,False,False,False,False,False,False
gemini_flash,test,CT25,innocuous_equivalent_variants,1,D,"[""b0e8c710c10a765ad874-g_draft""]",True,False,True,False,False,False,False,True,True,True,True,True,True,True,True,True,False,False,False,False,False,False,False,False
gemini_flash,test,CT25,innocuous_equivalent_variants,1,G,"[""b0e8c710c10a765ad874-g_draft"", ""b0e8c710c10a765ad874-g_final""]",True,False,True,False,False,False,False,True,True,True,True,True,True,True,True,True,False,False,False,False,False,False,False,False
gemini_flash,test,CT25,innocuous_equivalent_variants,1,B,"[""b0e8c710c10a765ad874-candidate_extract"", ""b0e8c710c10a765ad874-candidate_final""]",True,False,True,False,False,False,False,True,True,True,True,True,True,True,True,True,False,False,False,False,False,False,False,False
gemini_flash,test,CT25,innocuous_equivalent_variants,1,C,"[""b0e8c710c10a765ad874-candidate_extract"", ""b0e8c710c10a765ad874-candidate_final""]",True,False,True,False,False,False,False,True,True,True,True,True,True,True,True,True,False,False,False,False,False,False,False,False
gemini_flash,test,CT25,innocuous_equivalent_variants,1,R,"[""b0e8c710c10a765ad874-candidate_extract"", ""b0e8c710c10a765ad874-candidate_final""]",True,False,True,False,False,False,False,True,True,True,True,True,True,True,True,True,False,False,False,False,False,False,True,False
gemini_flash,test,CT25,innocuous_equivalent_variants,1,CR,"[""b0e8c710c10a765ad874-candidate_extract"", ""b0e8c710c10a765ad874-candidate_final""]",True,False,True,False,False,False,False,True,True,True,True,True,True,True,True,True,False,False,False,False,False,False,True,False
gemini_flash,test,CT25,innocuous_equivalent_variants,1,SR1,"[""b0e8c710c10a765ad874-g_draft"", ""b0e8c710c10a765ad874-sr_feedback"", ""b0e8c710c10a765ad874-sr_refine""]",True,False,True,False,False,False,False,True,True,True,True,True,True,True,True,True,False,False,False,False,False,False,False,False
gemini_flash,test,CT25,innocuous_equivalent_variants,2,D,"[""d7a9eca4d204f9d17add-g_draft""]",True,False,True,False,False,False,False,True,True,True,True,True,True,True,True,True,False,False,False,False,False,False,False,False
gemini_flash,test,CT25,innocuous_equivalent_variants,2,G,"[""d7a9eca4d204f9d17add-g_draft"", ""d7a9eca4d204f9d17add-g_final""]",True,False,True,False,False,False,False,True,True,True,True,True,True,True,True,True,False,False,False,False,False,False,False,False
gemini_flash,test,CT25,innocuous_equivalent_variants,2,B,"[""d7a9eca4d204f9d17add-candidate_extract"", ""d7a9eca4d204f9d17add-candidate_final""]",True,False,True,False,False,False,False,True,True,True,True,True,True,True,True,True,False,False,False,False,False,False,False,False
gemini_flash,test,CT25,innocuous_equivalent_variants,2,C,"[""d7a9eca4d204f9d17add-candidate_extract"", ""d7a9eca4d204f9d17add-candidate_final""]",True,False,True,False,False,False,False,True,True,True,True,True,True,True,True,True,False,False,False,False,False,False,False,False
gemini_flash,test,CT25,innocuous_equivalent_variants,2,R,"[""d7a9eca4d204f9d17add-candidate_extract"", ""d7a9eca4d204f9d17add-candidate_final""]",True,False,True,False,False,False,False,True,True,True,True,True,True,True,True,True,False,False,False,False,False,False,True,False
gemini_flash,test,CT25,innocuous_equivalent_variants,2,CR,"[""d7a9eca4d204f9d17add-candidate_extract"", ""d7a9eca4d204f9d17add-candidate_final""]",True,False,True,False,False,False,False,True,True,True,True,True,True,True,True,True,False,False,False,False,False,False,True,False
gemini_flash,test,CT25,innocuous_equivalent_variants,2,SR1,"[""d7a9eca4d204f9d17add-g_draft"", ""d7a9eca4d204f9d17add-sr_feedback"", ""d7a9eca4d204f9d17add-sr_refine""]",True,False,True,False,False,False,False,True,True,True,True,True,True,True,True,True,False,False,False,False,False,False,False,False
gemini_flash,test,CT25,innocuous_equivalent_variants,3,D,"[""9dfb6362d2a8a8936914-g_draft""]",True,False,True,False,False,False,False,True,True,True,True,True,True,True,True,True,False,False,False,False,False,False,False,False
gemini_flash,test,CT25,innocuous_equivalent_variants,3,G,"[""9dfb6362d2a8a8936914-g_draft"", ""9dfb6362d2a8a8936914-g_final""]",True,False,True,False,False,False,False,True,True,True,True,True,True,True,True,True,False,False,False,False,False,False,False,False
gemini_flash,test,CT25,innocuous_equivalent_variants,3,B,"[""9dfb6362d2a8a8936914-candidate_extract"", ""9dfb6362d2a8a8936914-candidate_final""]",True,False,True,False,False,False,False,True,False,True,True,True,True,True,False,False,False,False,False,False,False,False,False,False
gemini_flash,test,CT25,innocuous_equivalent_variants,3,C,"[""9dfb6362d2a8a8936914-candidate_extract"", ""9dfb6362d2a8a8936914-candidate_final""]",True,False,True,False,False,False,False,True,False,True,True,True,True,True,False,False,False,False,False,False,False,False,False,False
gemini_flash,test,CT25,innocuous_equivalent_variants,3,R,"[""9dfb6362d2a8a8936914-candidate_extract"", ""9dfb6362d2a8a8936914-candidate_final""]",True,False,True,False,False,False,False,True,False,True,True,True,True,True,False,False,False,False,False,False,False,False,False,False
gemini_flash,test,CT25,innocuous_equivalent_variants,3,CR,"[""9dfb6362d2a8a8936914-candidate_extract"", ""9dfb6362d2a8a8936914-candidate_final""]",True,False,True,False,False,False,False,True,False,True,True,True,True,True,False,False,False,False,False,False,False,False,False,False
gemini_flash,test,CT25,innocuous_equivalent_variants,3,SR1,"[""9dfb6362d2a8a8936914-g_draft"", ""9dfb6362d2a8a8936914-sr_feedback"", ""9dfb6362d2a8a8936914-sr_refine""]",True,False,True,False,False,False,False,True,True,True,True,True,True,True,True,True,False,False,False,False,False,False,False,False
gemini_flash,test,CT26,innocuous_equivalent_variants,1,D,"[""eb7f960272a8a3a32859-g_draft""]",True,False,True,False,False,False,False,True,True,True,True,True,True,True,True,True,False,False,False,False,False,False,False,False
gemini_flash,test,CT26,innocuous_equivalent_variants,1,G,"[""eb7f960272a8a3a32859-g_draft"", ""eb7f960272a8a3a32859-g_final""]",True,False,True,False,False,False,False,True,True,True,True,True,True,True,True,True,False,False,False,False,False,False,False,False
gemini_flash,test,CT26,innocuous_equivalent_variants,1,B,"[""eb7f960272a8a3a32859-candidate_extract"", ""eb7f960272a8a3a32859-candidate_final""]",True,False,True,False,False,False,False,True,True,True,True,True,True,True,True,True,False,False,False,False,False,False,False,False
gemini_flash,test,CT26,innocuous_equivalent_variants,1,C,"[""eb7f960272a8a3a32859-candidate_extract"", ""eb7f960272a8a3a32859-candidate_final""]",True,False,True,False,False,False,False,True,True,True,True,True,True,True,True,True,False,False,False,False,False,False,False,False
gemini_flash,test,CT26,innocuous_equivalent_variants,1,R,"[""eb7f960272a8a3a32859-candidate_extract"", ""eb7f960272a8a3a32859-candidate_final""]",True,False,True,False,False,False,False,True,True,True,True,True,True,True,True,True,False,False,False,False,False,False,True,False
gemini_flash,test,CT26,innocuous_equivalent_variants,1,CR,"[""eb7f960272a8a3a32859-candidate_extract"", ""eb7f960272a8a3a32859-candidate_final""]",True,False,True,False,False,False,False,True,True,True,True,True,True,True,True,True,False,False,False,False,False,False,True,False
gemini_flash,test,CT26,innocuous_equivalent_variants,1,SR1,"[""eb7f960272a8a3a32859-g_draft"", ""eb7f960272a8a3a32859-sr_feedback"", ""eb7f960272a8a3a32859-sr_refine""]",True,False,True,False,False,False,False,True,True,True,True,True,True,True,True,True,False,False,False,False,False,False,False,False
gemini_flash,test,CT26,innocuous_equivalent_variants,2,D,"[""049f2b719ab9b1f3a773-g_draft""]",True,False,True,False,False,False,False,True,True,True,True,True,True,True,True,True,False,False,False,False,False,False,False,False
gemini_flash,test,CT26,innocuous_equivalent_variants,2,G,"[""049f2b719ab9b1f3a773-g_draft"", ""049f2b719ab9b1f3a773-g_final""]",True,False,True,False,False,False,False,True,True,True,True,True,True,True,True,True,False,False,False,False,False,False,False,False
gemini_flash,test,CT26,innocuous_equivalent_variants,2,B,"[""049f2b719ab9b1f3a773-candidate_extract"", ""049f2b719ab9b1f3a773-candidate_final""]",True,False,True,False,False,False,False,True,True,True,True,True,True,True,True,True,False,False,False,False,False,False,False,False
gemini_flash,test,CT26,innocuous_equivalent_variants,2,C,"[""049f2b719ab9b1f3a773-candidate_extract"", ""049f2b719ab9b1f3a773-candidate_final""]",True,False,True,False,False,False,False,True,True,True,True,True,True,True,True,True,False,False,False,False,False,False,False,False
gemini_flash,test,CT26,innocuous_equivalent_variants,2,R,"[""049f2b719ab9b1f3a773-candidate_extract"", ""049f2b719ab9b1f3a773-candidate_final""]",True,False,True,False,False,False,False,True,True,True,True,True,True,True,True,True,False,False,False,False,False,False,True,False
gemini_flash,test,CT26,innocuous_equivalent_variants,2,CR,"[""049f2b719ab9b1f3a773-candidate_extract"", ""049f2b719ab9b1f3a773-candidate_final""]",True,False,True,False,False,False,False,True,True,True,True,True,True,True,True,True,False,False,False,False,False,False,True,False
gemini_flash,test,CT26,innocuous_equivalent_variants,2,SR1,"[""049f2b719ab9b1f3a773-g_draft"", ""049f2b719ab9b1f3a773-sr_feedback"", ""049f2b719ab9b1f3a773-sr_refine""]",True,False,True,False,False,False,False,True,True,True,True,True,True,True,True,True,False,False,False,False,False,False,False,False
gemini_flash,test,CT26,innocuous_equivalent_variants,3,D,"[""9c102dea750b4da99730-g_draft""]",True,False,True,False,False,False,False,True,True,True,True,True,True,True,True,True,False,False,False,False,False,False,False,False
gemini_flash,test,CT26,innocuous_equivalent_variants,3,G,"[""9c102dea750b4da99730-g_draft"", ""9c102dea750b4da99730-g_final""]",True,False,True,False,False,False,False,True,True,True,True,True,True,True,True,True,False,False,False,False,False,False,False,False
gemini_flash,test,CT26,innocuous_equivalent_variants,3,B,"[""9c102dea750b4da99730-candidate_extract"", ""9c102dea750b4da99730-candidate_final""]",True,False,True,False,False,False,False,True,True,True,True,True,True,True,True,True,False,False,False,False,False,False,False,False
gemini_flash,test,CT26,innocuous_equivalent_variants,3,C,"[""9c102dea750b4da99730-candidate_extract"", ""9c102dea750b4da99730-candidate_final""]",True,False,True,False,False,False,False,True,True,True,True,True,True,True,True,True,False,False,False,False,False,False,False,False
gemini_flash,test,CT26,innocuous_equivalent_variants,3,R,"[""9c102dea750b4da99730-candidate_extract"", ""9c102dea750b4da99730-candidate_final""]",True,False,True,False,False,False,False,True,True,True,True,True,True,True,True,True,False,False,False,False,False,False,True,False
gemini_flash,test,CT26,innocuous_equivalent_variants,3,CR,"[""9c102dea750b4da99730-candidate_extract"", ""9c102dea750b4da99730-candidate_final""]",True,False,True,False,False,False,False,True,True,True,True,True,True,True,True,True,False,False,False,False,False,False,True,False
gemini_flash,test,CT26,innocuous_equivalent_variants,3,SR1,"[""9c102dea750b4da99730-g_draft"", ""9c102dea750b4da99730-sr_feedback"", ""9c102dea750b4da99730-sr_refine""]",True,False,True,False,False,False,False,True,True,True,True,True,True,True,True,True,False,False,False,False,False,False,False,False
gemini_flash,test,CT27,innocuous_equivalent_variants,1,D,"[""46ef6d4fdd48f767c2b3-g_draft""]",True,False,True,False,False,False,False,True,True,True,True,True,True,True,True,True,False,False,False,False,False,False,False,False
gemini_flash,test,CT27,innocuous_equivalent_variants,1,G,"[""46ef6d4fdd48f767c2b3-g_draft"", ""46ef6d4fdd48f767c2b3-g_final""]",True,False,True,False,False,False,False,True,True,True,True,True,True,True,True,True,False,False,False,False,False,False,False,False
gemini_flash,test,CT27,innocuous_equivalent_variants,1,B,"[""46ef6d4fdd48f767c2b3-candidate_extract"", ""46ef6d4fdd48f767c2b3-candidate_final""]",True,False,True,False,False,False,False,True,True,True,True,True,True,True,True,True,False,False,False,False,False,False,False,False
gemini_flash,test,CT27,innocuous_equivalent_variants,1,C,"[""46ef6d4fdd48f767c2b3-candidate_extract"", ""46ef6d4fdd48f767c2b3-candidate_final""]",True,False,True,False,False,False,False,True,True,True,True,True,True,True,True,True,False,False,False,False,False,False,False,False
gemini_flash,test,CT27,innocuous_equivalent_variants,1,R,"[""46ef6d4fdd48f767c2b3-candidate_extract"", ""46ef6d4fdd48f767c2b3-candidate_final""]",True,False,True,False,False,False,False,True,True,True,True,True,True,True,True,True,False,False,False,False,False,False,True,False
gemini_flash,test,CT27,innocuous_equivalent_variants,1,CR,"[""46ef6d4fdd48f767c2b3-candidate_extract"", ""46ef6d4fdd48f767c2b3-candidate_final""]",True,False,True,False,False,False,False,True,True,True,True,True,True,True,True,True,False,False,False,False,False,False,True,False
gemini_flash,test,CT27,innocuous_equivalent_variants,1,SR1,"[""46ef6d4fdd48f767c2b3-g_draft"", ""46ef6d4fdd48f767c2b3-sr_feedback"", ""46ef6d4fdd48f767c2b3-sr_refine""]",True,False,True,False,False,False,False,True,False,True,True,True,False,True,False,False,False,False,False,False,True,True,False,False
gemini_flash,test,CT27,innocuous_equivalent_variants,2,D,"[""3af0d1d92bfdefc7cb6a-g_draft""]",True,False,True,False,False,False,False,True,True,True,True,True,True,True,True,True,False,False,False,False,False,False,False,False
gemini_flash,test,CT27,innocuous_equivalent_variants,2,G,"[""3af0d1d92bfdefc7cb6a-g_draft"", ""3af0d1d92bfdefc7cb6a-g_final""]",True,False,True,False,False,False,False,True,True,True,True,True,True,True,True,True,False,False,False,False,False,False,False,False
gemini_flash,test,CT27,innocuous_equivalent_variants,2,B,"[""3af0d1d92bfdefc7cb6a-candidate_extract"", ""3af0d1d92bfdefc7cb6a-candidate_final""]",True,False,True,False,False,False,False,True,True,True,True,True,True,True,True,True,False,False,False,False,False,False,False,False
gemini_flash,test,CT27,innocuous_equivalent_variants,2,C,"[""3af0d1d92bfdefc7cb6a-candidate_extract"", ""3af0d1d92bfdefc7cb6a-candidate_final""]",True,False,True,False,False,False,False,True,True,True,True,True,True,True,True,True,False,False,False,False,False,False,False,False
gemini_flash,test,CT27,innocuous_equivalent_variants,2,R,"[""3af0d1d92bfdefc7cb6a-candidate_extract"", ""3af0d1d92bfdefc7cb6a-candidate_final""]",True,False,True,False,False,False,False,True,True,True,True,True,True,True,True,True,False,False,False,False,False,False,True,False
gemini_flash,test,CT27,innocuous_equivalent_variants,2,CR,"[""3af0d1d92bfdefc7cb6a-candidate_extract"", ""3af0d1d92bfdefc7cb6a-candidate_final""]",True,False,True,False,False,False,False,True,True,True,True,True,True,True,True,True,False,False,False,False,False,False,True,False
gemini_flash,test,CT27,innocuous_equivalent_variants,2,SR1,"[""3af0d1d92bfdefc7cb6a-g_draft"", ""3af0d1d92bfdefc7cb6a-sr_feedback"", ""3af0d1d92bfdefc7cb6a-sr_refine""]",True,False,True,False,False,False,False,True,True,True,True,True,True,True,True,True,False,False,False,False,False,False,False,False
gemini_flash,test,CT27,innocuous_equivalent_variants,3,D,"[""3bf25f4b667fe2fae09f-g_draft""]",True,False,True,False,False,False,False,True,True,True,True,True,True,True,True,True,False,False,False,False,False,False,False,False
gemini_flash,test,CT27,innocuous_equivalent_variants,3,G,"[""3bf25f4b667fe2fae09f-g_draft"", ""3bf25f4b667fe2fae09f-g_final""]",True,False,True,False,False,False,False,True,True,True,True,True,True,True,True,True,False,False,False,False,False,False,False,False
gemini_flash,test,CT27,innocuous_equivalent_variants,3,B,"[""3bf25f4b667fe2fae09f-candidate_extract"", ""3bf25f4b667fe2fae09f-candidate_final""]",True,False,True,False,False,False,False,True,True,True,True,True,True,True,True,True,False,False,False,False,False,False,False,False
gemini_flash,test,CT27,innocuous_equivalent_variants,3,C,"[""3bf25f4b667fe2fae09f-candidate_extract"", ""3bf25f4b667fe2fae09f-candidate_final""]",True,False,True,False,False,False,False,True,True,True,True,True,True,True,True,True,False,False,False,False,False,False,False,False
gemini_flash,test,CT27,innocuous_equivalent_variants,3,R,"[""3bf25f4b667fe2fae09f-candidate_extract"", ""3bf25f4b667fe2fae09f-candidate_final""]",True,False,True,False,False,False,False,True,True,True,True,True,True,True,True,True,False,False,False,False,False,False,True,False
gemini_flash,test,CT27,innocuous_equivalent_variants,3,CR,"[""3bf25f4b667fe2fae09f-candidate_extract"", ""3bf25f4b667fe2fae09f-candidate_final""]",True,False,True,False,False,False,False,True,True,True,True,True,True,True,True,True,False,False,False,False,False,False,True,False
gemini_flash,test,CT27,innocuous_equivalent_variants,3,SR1,"[""3bf25f4b667fe2fae09f-g_draft"", ""3bf25f4b667fe2fae09f-sr_feedback"", ""3bf25f4b667fe2fae09f-sr_refine""]",True,False,True,False,True,False,False,True,True,True,True,True,True,True,True,True,False,False,False,False,False,False,False,False
gemini_flash,test,CT28,innocuous_equivalent_variants,1,D,"[""4dce5e852f6eb41e565d-g_draft""]",True,False,True,False,False,False,False,True,True,True,True,True,True,True,True,True,False,False,False,False,False,False,False,False
gemini_flash,test,CT28,innocuous_equivalent_variants,1,G,"[""4dce5e852f6eb41e565d-g_draft"", ""4dce5e852f6eb41e565d-g_final""]",True,False,True,False,False,False,False,True,True,True,True,True,True,True,True,True,False,False,False,False,False,False,False,False
gemini_flash,test,CT28,innocuous_equivalent_variants,1,B,"[""4dce5e852f6eb41e565d-candidate_extract"", ""4dce5e852f6eb41e565d-candidate_final""]",True,False,True,False,False,False,False,True,True,True,True,True,True,True,True,True,False,False,False,False,False,False,False,False
gemini_flash,test,CT28,innocuous_equivalent_variants,1,C,"[""4dce5e852f6eb41e565d-candidate_extract"", ""4dce5e852f6eb41e565d-candidate_final""]",True,False,True,False,False,False,False,True,True,True,True,True,True,True,True,True,False,False,False,False,False,False,False,False
gemini_flash,test,CT28,innocuous_equivalent_variants,1,R,"[""4dce5e852f6eb41e565d-candidate_extract"", ""4dce5e852f6eb41e565d-candidate_final""]",True,False,True,False,False,False,False,True,True,True,True,True,True,True,True,True,False,False,False,False,False,False,True,False
gemini_flash,test,CT28,innocuous_equivalent_variants,1,CR,"[""4dce5e852f6eb41e565d-candidate_extract"", ""4dce5e852f6eb41e565d-candidate_final""]",True,False,True,False,False,False,False,True,True,True,True,True,True,True,True,True,False,False,False,False,False,False,True,False
gemini_flash,test,CT28,innocuous_equivalent_variants,1,SR1,"[""4dce5e852f6eb41e565d-g_draft"", ""4dce5e852f6eb41e565d-sr_feedback"", ""4dce5e852f6eb41e565d-sr_refine""]",True,False,True,False,False,False,False,True,True,True,True,True,True,True,True,True,False,False,False,False,False,False,False,False
gemini_flash,test,CT28,innocuous_equivalent_variants,2,D,"[""bb7e8be1e05f21ac7e46-g_draft""]",True,False,True,False,False,False,False,True,True,True,True,True,True,True,True,True,False,False,False,False,False,False,False,False
gemini_flash,test,CT28,innocuous_equivalent_variants,2,G,"[""bb7e8be1e05f21ac7e46-g_draft"", ""bb7e8be1e05f21ac7e46-g_final""]",True,False,True,False,False,False,False,True,True,True,True,True,True,True,True,True,False,False,False,False,False,False,False,False
gemini_flash,test,CT28,innocuous_equivalent_variants,2,B,"[""bb7e8be1e05f21ac7e46-candidate_extract"", ""bb7e8be1e05f21ac7e46-candidate_final""]",True,False,True,False,False,False,False,True,True,True,True,True,True,True,True,True,False,False,False,False,False,False,False,False
gemini_flash,test,CT28,innocuous_equivalent_variants,2,C,"[""bb7e8be1e05f21ac7e46-candidate_extract"", ""bb7e8be1e05f21ac7e46-candidate_final""]",True,False,True,False,False,False,False,True,True,True,True,True,True,True,True,True,False,False,False,False,False,False,False,False
gemini_flash,test,CT28,innocuous_equivalent_variants,2,R,"[""bb7e8be1e05f21ac7e46-candidate_extract"", ""bb7e8be1e05f21ac7e46-candidate_final""]",True,False,True,False,False,False,False,True,True,True,True,True,True,True,True,True,False,False,False,False,False,False,True,False
gemini_flash,test,CT28,innocuous_equivalent_variants,2,CR,"[""bb7e8be1e05f21ac7e46-candidate_extract"", ""bb7e8be1e05f21ac7e46-candidate_final""]",True,False,True,False,False,False,False,True,True,True,True,True,True,True,True,True,False,False,False,False,False,False,True,False
gemini_flash,test,CT28,innocuous_equivalent_variants,2,SR1,"[""bb7e8be1e05f21ac7e46-g_draft"", ""bb7e8be1e05f21ac7e46-sr_feedback"", ""bb7e8be1e05f21ac7e46-sr_refine""]",True,False,True,False,False,False,False,True,True,True,True,True,True,True,True,True,False,False,False,False,False,False,False,False
gemini_flash,test,CT28,innocuous_equivalent_variants,3,D,"[""841e9c1b965a5430444e-g_draft""]",True,False,True,False,False,False,False,True,True,True,True,True,True,True,True,True,False,False,False,False,False,False,False,False
gemini_flash,test,CT28,innocuous_equivalent_variants,3,G,"[""841e9c1b965a5430444e-g_draft"", ""841e9c1b965a5430444e-g_final""]",True,False,True,False,False,False,False,True,True,True,True,True,True,True,True,True,False,False,False,False,False,False,False,False
gemini_flash,test,CT28,innocuous_equivalent_variants,3,B,"[""841e9c1b965a5430444e-candidate_extract"", ""841e9c1b965a5430444e-candidate_final""]",True,False,True,False,False,False,False,True,True,True,True,True,True,True,True,True,False,False,False,False,False,False,False,False
gemini_flash,test,CT28,innocuous_equivalent_variants,3,C,"[""841e9c1b965a5430444e-candidate_extract"", ""841e9c1b965a5430444e-candidate_final""]",True,False,True,False,False,False,False,True,True,True,True,True,True,True,True,True,False,False,False,False,False,False,False,False
gemini_flash,test,CT28,innocuous_equivalent_variants,3,R,"[""841e9c1b965a5430444e-candidate_extract"", ""841e9c1b965a5430444e-candidate_final""]",True,False,True,False,False,False,False,True,True,True,True,True,True,True,True,True,False,False,False,False,False,False,True,False
gemini_flash,test,CT28,innocuous_equivalent_variants,3,CR,"[""841e9c1b965a5430444e-candidate_extract"", ""841e9c1b965a5430444e-candidate_final""]",True,False,True,False,False,False,False,True,True,True,True,True,True,True,True,True,False,False,False,False,False,False,True,False
gemini_flash,test,CT28,innocuous_equivalent_variants,3,SR1,"[""841e9c1b965a5430444e-g_draft"", ""841e9c1b965a5430444e-sr_feedback"", ""841e9c1b965a5430444e-sr_refine""]",True,False,True,False,False,False,False,True,True,True,True,True,True,True,True,True,False,False,False,False,False,False,False,False
gemini_flash,test,CT29,new_append,1,D,"[""4ae65938875e0f4a02b8-g_draft""]",True,False,True,False,False,False,False,True,True,True,True,True,True,True,True,True,False,False,False,False,False,False,False,False
gemini_flash,test,CT29,new_append,1,G,"[""4ae65938875e0f4a02b8-g_draft"", ""4ae65938875e0f4a02b8-g_final""]",True,False,True,False,False,False,False,True,True,True,True,True,True,True,True,True,False,False,False,False,False,False,False,False
gemini_flash,test,CT29,new_append,1,B,"[""4ae65938875e0f4a02b8-candidate_extract"", ""4ae65938875e0f4a02b8-candidate_final""]",True,False,True,False,False,False,False,True,True,True,True,True,True,True,True,True,False,False,False,False,False,False,False,False
gemini_flash,test,CT29,new_append,1,C,"[""4ae65938875e0f4a02b8-candidate_extract"", ""4ae65938875e0f4a02b8-candidate_final""]",True,False,True,False,False,False,False,True,True,True,True,True,True,True,True,True,False,False,False,False,False,False,False,False
gemini_flash,test,CT29,new_append,1,R,"[""4ae65938875e0f4a02b8-candidate_extract"", ""4ae65938875e0f4a02b8-candidate_final""]",True,False,True,False,False,False,False,True,True,True,True,True,True,True,True,True,False,False,False,False,False,False,True,False
gemini_flash,test,CT29,new_append,1,CR,"[""4ae65938875e0f4a02b8-candidate_extract"", ""4ae65938875e0f4a02b8-candidate_final""]",True,False,True,False,False,False,False,True,True,True,True,True,True,True,True,True,False,False,False,False,False,False,True,False
gemini_flash,test,CT29,new_append,1,SR1,"[""4ae65938875e0f4a02b8-g_draft"", ""4ae65938875e0f4a02b8-sr_feedback"", ""4ae65938875e0f4a02b8-sr_refine""]",True,False,True,False,False,False,False,True,True,True,True,True,True,True,True,True,False,False,False,False,False,False,False,False
gemini_flash,test,CT29,new_append,2,D,"[""54129910d50ca168de7a-g_draft""]",True,False,True,False,False,False,False,True,True,True,True,True,True,True,True,True,False,False,False,False,False,False,False,False
gemini_flash,test,CT29,new_append,2,G,"[""54129910d50ca168de7a-g_draft"", ""54129910d50ca168de7a-g_final""]",True,False,True,False,False,False,False,True,True,True,True,True,True,True,True,True,False,False,False,False,False,False,False,False
gemini_flash,test,CT29,new_append,2,B,"[""54129910d50ca168de7a-candidate_extract"", ""54129910d50ca168de7a-candidate_final""]",True,False,True,False,False,False,False,True,True,True,True,True,True,True,True,True,False,False,False,False,False,False,False,False
gemini_flash,test,CT29,new_append,2,C,"[""54129910d50ca168de7a-candidate_extract"", ""54129910d50ca168de7a-candidate_final""]",True,False,True,False,False,False,False,True,True,True,True,True,True,True,True,True,False,False,False,False,False,False,False,False
gemini_flash,test,CT29,new_append,2,R,"[""54129910d50ca168de7a-candidate_extract"", ""54129910d50ca168de7a-candidate_final""]",True,False,True,False,False,False,False,True,True,True,True,True,True,True,True,True,False,False,False,False,False,False,True,False
gemini_flash,test,CT29,new_append,2,CR,"[""54129910d50ca168de7a-candidate_extract"", ""54129910d50ca168de7a-candidate_final""]",True,False,True,False,False,False,False,True,True,True,True,True,True,True,True,True,False,False,False,False,False,False,True,False
gemini_flash,test,CT29,new_append,2,SR1,"[""54129910d50ca168de7a-g_draft"", ""54129910d50ca168de7a-sr_feedback"", ""54129910d50ca168de7a-sr_refine""]",True,False,True,False,False,False,False,True,True,True,True,True,True,True,True,True,False,False,False,False,False,False,False,False
gemini_flash,test,CT29,new_append,3,D,"[""89fbba4bae5b14692f4e-g_draft""]",True,False,True,False,False,False,False,True,True,True,True,True,True,True,True,True,False,False,False,False,False,False,False,False
gemini_flash,test,CT29,new_append,3,G,"[""89fbba4bae5b14692f4e-g_draft"", ""89fbba4bae5b14692f4e-g_final""]",True,False,True,False,False,False,False,True,True,True,True,True,True,True,True,True,False,False,False,False,False,False,False,False
gemini_flash,test,CT29,new_append,3,B,"[""89fbba4bae5b14692f4e-candidate_extract"", ""89fbba4bae5b14692f4e-candidate_final""]",True,False,True,False,False,False,False,True,True,True,True,True,True,True,True,True,False,False,False,False,False,False,False,False
gemini_flash,test,CT29,new_append,3,C,"[""89fbba4bae5b14692f4e-candidate_extract"", ""89fbba4bae5b14692f4e-candidate_final""]",True,False,True,False,False,False,False,True,True,True,True,True,True,True,True,True,False,False,False,False,False,False,False,False
gemini_flash,test,CT29,new_append,3,R,"[""89fbba4bae5b14692f4e-candidate_extract"", ""89fbba4bae5b14692f4e-candidate_final""]",True,False,True,False,False,False,False,True,True,True,True,True,True,True,True,True,False,False,False,False,False,False,True,False
gemini_flash,test,CT29,new_append,3,CR,"[""89fbba4bae5b14692f4e-candidate_extract"", ""89fbba4bae5b14692f4e-candidate_final""]",True,False,True,False,False,False,False,True,True,True,True,True,True,True,True,True,False,False,False,False,False,False,True,False
gemini_flash,test,CT29,new_append,3,SR1,"[""89fbba4bae5b14692f4e-g_draft"", ""89fbba4bae5b14692f4e-sr_feedback"", ""89fbba4bae5b14692f4e-sr_refine""]",True,False,True,False,False,False,False,True,True,True,True,True,True,True,True,True,False,False,False,False,False,False,False,False
gemini_flash,test,CT30,new_append,1,D,"[""471c62f19a3ed63c9af9-g_draft""]",True,False,True,False,False,False,False,True,True,True,True,True,True,True,True,True,False,False,False,False,False,False,False,False
gemini_flash,test,CT30,new_append,1,G,"[""471c62f19a3ed63c9af9-g_draft"", ""471c62f19a3ed63c9af9-g_final""]",True,False,True,False,False,False,False,True,True,True,True,True,True,True,True,True,False,False,False,False,False,False,False,False
gemini_flash,test,CT30,new_append,1,B,"[""471c62f19a3ed63c9af9-candidate_extract"", ""471c62f19a3ed63c9af9-candidate_final""]",True,False,True,False,False,False,False,True,True,True,True,True,True,True,True,True,False,False,False,False,False,False,False,False
gemini_flash,test,CT30,new_append,1,C,"[""471c62f19a3ed63c9af9-candidate_extract"", ""471c62f19a3ed63c9af9-candidate_final""]",True,False,True,False,False,False,False,True,True,True,True,True,True,True,True,True,False,False,False,False,False,False,False,False
gemini_flash,test,CT30,new_append,1,R,"[""471c62f19a3ed63c9af9-candidate_extract"", ""471c62f19a3ed63c9af9-candidate_final""]",True,False,True,False,False,False,False,True,True,True,True,True,True,True,True,True,False,False,False,False,False,False,True,False
gemini_flash,test,CT30,new_append,1,CR,"[""471c62f19a3ed63c9af9-candidate_extract"", ""471c62f19a3ed63c9af9-candidate_final""]",True,False,True,False,False,False,False,True,True,True,True,True,True,True,True,True,False,False,False,False,False,False,True,False
gemini_flash,test,CT30,new_append,1,SR1,"[""471c62f19a3ed63c9af9-g_draft"", ""471c62f19a3ed63c9af9-sr_feedback"", ""471c62f19a3ed63c9af9-sr_refine""]",True,False,True,False,False,False,False,True,True,True,True,True,True,True,True,True,False,False,False,False,False,False,False,False
gemini_flash,test,CT30,new_append,2,D,"[""36d919a42d3232250811-g_draft""]",True,False,True,False,False,False,False,True,True,True,True,True,True,True,True,True,False,False,False,False,False,False,False,False
gemini_flash,test,CT30,new_append,2,G,"[""36d919a42d3232250811-g_draft"", ""36d919a42d3232250811-g_final""]",True,False,True,False,False,False,False,True,True,True,True,True,True,True,True,True,False,False,False,False,False,False,False,False
gemini_flash,test,CT30,new_append,2,B,"[""36d919a42d3232250811-candidate_extract"", ""36d919a42d3232250811-candidate_final""]",True,False,True,False,False,False,False,True,True,True,True,True,True,True,True,True,False,False,False,False,False,False,False,False
gemini_flash,test,CT30,new_append,2,C,"[""36d919a42d3232250811-candidate_extract"", ""36d919a42d3232250811-candidate_final""]",True,False,True,False,False,False,False,True,True,True,True,True,True,True,True,True,False,False,False,False,False,False,False,False
gemini_flash,test,CT30,new_append,2,R,"[""36d919a42d3232250811-candidate_extract"", ""36d919a42d3232250811-candidate_final""]",True,False,True,False,False,False,False,True,True,True,True,True,True,True,True,True,False,False,False,False,False,False,True,False
gemini_flash,test,CT30,new_append,2,CR,"[""36d919a42d3232250811-candidate_extract"", ""36d919a42d3232250811-candidate_final""]",True,False,True,False,False,False,False,True,True,True,True,True,True,True,True,True,False,False,False,False,False,False,True,False
gemini_flash,test,CT30,new_append,2,SR1,"[""36d919a42d3232250811-g_draft"", ""36d919a42d3232250811-sr_feedback"", ""36d919a42d3232250811-sr_refine""]",True,False,True,False,False,False,False,True,True,True,True,True,True,True,True,True,False,False,False,False,False,False,False,False
gemini_flash,test,CT30,new_append,3,D,"[""50c80c183fe81becd00f-g_draft""]",True,False,True,False,False,False,False,True,True,True,True,True,True,True,True,True,False,False,False,False,False,False,False,False
gemini_flash,test,CT30,new_append,3,G,"[""50c80c183fe81becd00f-g_draft"", ""50c80c183fe81becd00f-g_final""]",True,False,True,False,False,False,False,True,True,True,True,True,True,True,True,True,False,False,False,False,False,False,False,False
gemini_flash,test,CT30,new_append,3,B,"[""50c80c183fe81becd00f-candidate_extract"", ""50c80c183fe81becd00f-candidate_final""]",True,False,True,False,False,False,False,True,True,True,True,True,True,True,True,True,False,False,False,False,False,False,False,False
gemini_flash,test,CT30,new_append,3,C,"[""50c80c183fe81becd00f-candidate_extract"", ""50c80c183fe81becd00f-candidate_final""]",True,False,True,False,False,False,False,True,True,True,True,True,True,True,True,True,False,False,False,False,False,False,False,False
gemini_flash,test,CT30,new_append,3,R,"[""50c80c183fe81becd00f-candidate_extract"", ""50c80c183fe81becd00f-candidate_final""]",True,False,True,False,False,False,False,True,True,True,True,True,True,True,True,True,False,False,False,False,False,False,True,False
gemini_flash,test,CT30,new_append,3,CR,"[""50c80c183fe81becd00f-candidate_extract"", ""50c80c183fe81becd00f-candidate_final""]",True,False,True,False,False,False,False,True,True,True,True,True,True,True,True,True,False,False,False,False,False,False,True,False
gemini_flash,test,CT30,new_append,3,SR1,"[""50c80c183fe81becd00f-g_draft"", ""50c80c183fe81becd00f-sr_feedback"", ""50c80c183fe81becd00f-sr_refine""]",True,False,True,False,False,False,False,True,True,True,True,True,True,True,True,True,False,False,False,False,False,False,False,False
gemini_flash,test,CT31,new_append,1,D,"[""5e78c71988e2ee24e6b9-g_draft""]",True,False,True,False,False,False,False,True,False,True,True,True,False,True,False,False,False,False,False,False,True,True,False,False
gemini_flash,test,CT31,new_append,1,G,"[""5e78c71988e2ee24e6b9-g_draft"", ""5e78c71988e2ee24e6b9-g_final""]",True,False,True,False,False,False,False,True,False,True,True,True,False,True,False,False,False,False,False,False,True,True,False,False
gemini_flash,test,CT31,new_append,1,B,"[""5e78c71988e2ee24e6b9-candidate_extract"", ""5e78c71988e2ee24e6b9-candidate_final""]",True,False,True,False,False,False,False,True,False,True,True,True,False,True,False,False,False,False,False,False,True,True,False,False
gemini_flash,test,CT31,new_append,1,C,"[""5e78c71988e2ee24e6b9-candidate_extract"", ""5e78c71988e2ee24e6b9-candidate_final""]",True,False,True,False,False,False,False,True,False,True,True,True,False,True,False,False,False,False,False,False,True,True,False,False
gemini_flash,test,CT31,new_append,1,R,"[""5e78c71988e2ee24e6b9-candidate_extract"", ""5e78c71988e2ee24e6b9-candidate_final""]",True,False,True,False,False,False,False,True,False,True,True,True,False,True,False,False,False,False,False,False,True,True,True,False
gemini_flash,test,CT31,new_append,1,CR,"[""5e78c71988e2ee24e6b9-candidate_extract"", ""5e78c71988e2ee24e6b9-candidate_final""]",True,False,True,False,False,False,False,True,False,True,True,True,False,True,False,False,False,False,False,False,True,True,True,False
gemini_flash,test,CT31,new_append,1,SR1,"[""5e78c71988e2ee24e6b9-g_draft"", ""5e78c71988e2ee24e6b9-sr_feedback"", ""5e78c71988e2ee24e6b9-sr_refine""]",True,False,True,False,False,False,False,True,False,True,True,True,False,True,False,False,False,False,False,False,True,True,False,False
gemini_flash,test,CT31,new_append,2,D,"[""4fd068b462a8d4a6e86d-g_draft""]",True,False,True,False,False,False,False,True,False,True,True,True,False,True,False,False,False,False,False,False,True,True,False,False
gemini_flash,test,CT31,new_append,2,G,"[""4fd068b462a8d4a6e86d-g_draft"", ""4fd068b462a8d4a6e86d-g_final""]",True,False,True,False,False,False,False,True,False,True,True,True,False,True,False,False,False,False,False,False,True,True,False,False
gemini_flash,test,CT31,new_append,2,B,"[""4fd068b462a8d4a6e86d-candidate_extract"", ""4fd068b462a8d4a6e86d-candidate_final""]",True,False,True,False,False,False,False,True,False,True,True,True,False,True,False,False,False,False,False,False,True,True,False,False
gemini_flash,test,CT31,new_append,2,C,"[""4fd068b462a8d4a6e86d-candidate_extract"", ""4fd068b462a8d4a6e86d-candidate_final""]",True,False,True,False,False,False,False,True,False,True,True,True,False,True,False,False,False,False,False,False,True,True,False,False
gemini_flash,test,CT31,new_append,2,R,"[""4fd068b462a8d4a6e86d-candidate_extract"", ""4fd068b462a8d4a6e86d-candidate_final""]",True,False,True,False,False,False,False,True,False,True,True,True,False,True,False,False,False,False,False,False,True,True,True,False
gemini_flash,test,CT31,new_append,2,CR,"[""4fd068b462a8d4a6e86d-candidate_extract"", ""4fd068b462a8d4a6e86d-candidate_final""]",True,False,True,False,False,False,False,True,False,True,True,True,False,True,False,False,False,False,False,False,True,True,True,False
gemini_flash,test,CT31,new_append,2,SR1,"[""4fd068b462a8d4a6e86d-g_draft"", ""4fd068b462a8d4a6e86d-sr_feedback"", ""4fd068b462a8d4a6e86d-sr_refine""]",True,False,True,False,False,False,False,True,False,True,True,True,False,True,False,False,False,False,False,False,True,True,False,False
gemini_flash,test,CT31,new_append,3,D,"[""5931bc60a4676fd10a98-g_draft""]",True,False,True,False,False,False,False,True,True,True,True,True,True,True,True,True,False,False,False,False,False,False,False,False
gemini_flash,test,CT31,new_append,3,G,"[""5931bc60a4676fd10a98-g_draft"", ""5931bc60a4676fd10a98-g_final""]",True,False,True,False,False,False,False,True,True,True,True,True,True,True,True,True,False,False,False,False,False,False,False,False
gemini_flash,test,CT31,new_append,3,B,"[""5931bc60a4676fd10a98-candidate_extract"", ""5931bc60a4676fd10a98-candidate_final""]",True,False,True,False,False,False,False,True,False,True,True,True,False,True,False,False,False,False,False,False,True,True,False,False
gemini_flash,test,CT31,new_append,3,C,"[""5931bc60a4676fd10a98-candidate_extract"", ""5931bc60a4676fd10a98-candidate_final""]",True,False,True,False,False,False,False,True,False,True,True,True,False,True,False,False,False,False,False,False,True,True,False,False
gemini_flash,test,CT31,new_append,3,R,"[""5931bc60a4676fd10a98-candidate_extract"", ""5931bc60a4676fd10a98-candidate_final""]",True,False,True,False,False,False,False,True,False,True,True,True,False,True,False,False,False,False,False,False,True,True,True,False
gemini_flash,test,CT31,new_append,3,CR,"[""5931bc60a4676fd10a98-candidate_extract"", ""5931bc60a4676fd10a98-candidate_final""]",True,False,True,False,False,False,False,True,False,True,True,True,False,True,False,False,False,False,False,False,True,True,True,False
gemini_flash,test,CT31,new_append,3,SR1,"[""5931bc60a4676fd10a98-g_draft"", ""5931bc60a4676fd10a98-sr_feedback"", ""5931bc60a4676fd10a98-sr_refine""]",True,False,True,False,False,False,False,True,False,True,True,True,False,True,False,False,False,False,False,False,True,True,False,False
gemini_flash,test,CT32,new_append,1,D,"[""d939817fdebb91b1a3fe-g_draft""]",True,False,True,False,False,False,False,True,True,True,True,True,True,True,True,True,False,False,False,False,False,False,False,False
gemini_flash,test,CT32,new_append,1,G,"[""d939817fdebb91b1a3fe-g_draft"", ""d939817fdebb91b1a3fe-g_final""]",True,False,True,False,False,False,False,True,True,True,True,True,True,True,True,True,False,False,False,False,False,False,False,False
gemini_flash,test,CT32,new_append,1,B,"[""d939817fdebb91b1a3fe-candidate_extract"", ""d939817fdebb91b1a3fe-candidate_final""]",True,False,True,False,False,False,False,True,True,True,True,True,True,True,True,True,False,False,False,False,False,False,False,False
gemini_flash,test,CT32,new_append,1,C,"[""d939817fdebb91b1a3fe-candidate_extract"", ""d939817fdebb91b1a3fe-candidate_final""]",True,False,True,False,False,False,False,True,True,True,True,True,True,True,True,True,False,False,False,False,False,False,False,False
gemini_flash,test,CT32,new_append,1,R,"[""d939817fdebb91b1a3fe-candidate_extract"", ""d939817fdebb91b1a3fe-candidate_final""]",True,False,True,False,False,False,False,True,True,True,True,True,True,True,True,True,False,False,False,False,False,False,True,False
gemini_flash,test,CT32,new_append,1,CR,"[""d939817fdebb91b1a3fe-candidate_extract"", ""d939817fdebb91b1a3fe-candidate_final""]",True,False,True,False,False,False,False,True,True,True,True,True,True,True,True,True,False,False,False,False,False,False,True,False
gemini_flash,test,CT32,new_append,1,SR1,"[""d939817fdebb91b1a3fe-g_draft"", ""d939817fdebb91b1a3fe-sr_feedback"", ""d939817fdebb91b1a3fe-sr_refine""]",True,False,True,False,False,False,False,True,True,True,True,True,True,True,True,True,False,False,False,False,False,False,False,False
gemini_flash,test,CT32,new_append,2,D,"[""9cd1cadbeabecadfd499-g_draft""]",True,False,True,False,False,False,False,True,True,True,True,True,True,True,True,True,False,False,False,False,False,False,False,False
gemini_flash,test,CT32,new_append,2,G,"[""9cd1cadbeabecadfd499-g_draft"", ""9cd1cadbeabecadfd499-g_final""]",True,False,True,False,False,False,False,True,True,True,True,True,True,True,True,True,False,False,False,False,False,False,False,False
gemini_flash,test,CT32,new_append,2,B,"[""9cd1cadbeabecadfd499-candidate_extract"", ""9cd1cadbeabecadfd499-candidate_final""]",True,False,True,False,False,False,False,True,True,True,True,True,True,True,True,True,False,False,False,False,False,False,False,False
gemini_flash,test,CT32,new_append,2,C,"[""9cd1cadbeabecadfd499-candidate_extract"", ""9cd1cadbeabecadfd499-candidate_final""]",True,False,True,False,False,False,False,True,True,True,True,True,True,True,True,True,False,False,False,False,False,False,False,False
gemini_flash,test,CT32,new_append,2,R,"[""9cd1cadbeabecadfd499-candidate_extract"", ""9cd1cadbeabecadfd499-candidate_final""]",True,False,True,False,False,False,False,True,True,True,True,True,True,True,True,True,False,False,False,False,False,False,True,False
gemini_flash,test,CT32,new_append,2,CR,"[""9cd1cadbeabecadfd499-candidate_extract"", ""9cd1cadbeabecadfd499-candidate_final""]",True,False,True,False,False,False,False,True,True,True,True,True,True,True,True,True,False,False,False,False,False,False,True,False
gemini_flash,test,CT32,new_append,2,SR1,"[""9cd1cadbeabecadfd499-g_draft"", ""9cd1cadbeabecadfd499-sr_feedback"", ""9cd1cadbeabecadfd499-sr_refine""]",True,False,True,False,False,False,False,True,True,True,True,True,True,True,True,True,False,False,False,False,False,False,False,False
gemini_flash,test,CT32,new_append,3,D,"[""652896a4202033482344-g_draft""]",True,False,True,False,False,False,False,True,True,True,True,True,True,True,True,True,False,False,False,False,False,False,False,False
gemini_flash,test,CT32,new_append,3,G,"[""652896a4202033482344-g_draft"", ""652896a4202033482344-g_final""]",True,False,True,False,False,False,False,True,True,True,True,True,True,True,True,True,False,False,False,False,False,False,False,False
gemini_flash,test,CT32,new_append,3,B,"[""652896a4202033482344-candidate_extract"", ""652896a4202033482344-candidate_final""]",True,False,True,False,False,False,False,True,True,True,True,True,True,True,True,True,False,False,False,False,False,False,False,False
gemini_flash,test,CT32,new_append,3,C,"[""652896a4202033482344-candidate_extract"", ""652896a4202033482344-candidate_final""]",True,False,True,False,False,False,False,True,True,True,True,True,True,True,True,True,False,False,False,False,False,False,False,False
gemini_flash,test,CT32,new_append,3,R,"[""652896a4202033482344-candidate_extract"", ""652896a4202033482344-candidate_final""]",True,False,True,False,False,False,False,True,True,True,True,True,True,True,True,True,False,False,False,False,False,False,True,False
gemini_flash,test,CT32,new_append,3,CR,"[""652896a4202033482344-candidate_extract"", ""652896a4202033482344-candidate_final""]",True,False,True,False,False,False,False,True,True,True,True,True,True,True,True,True,False,False,False,False,False,False,True,False
gemini_flash,test,CT32,new_append,3,SR1,"[""652896a4202033482344-g_draft"", ""652896a4202033482344-sr_feedback"", ""652896a4202033482344-sr_refine""]",True,False,True,False,False,False,False,True,True,True,True,True,True,True,True,True,False,False,False,False,False,False,False,False
gemini_flash,test,CT33,withheld_unknown_permission,1,D,"[""4fbe8ba1ea1c3fa00dce-g_draft""]",False,False,True,False,False,False,False,True,True,True,True,True,True,True,True,False,False,True,False,False,False,False,False,False
gemini_flash,test,CT33,withheld_unknown_permission,1,G,"[""4fbe8ba1ea1c3fa00dce-g_draft"", ""4fbe8ba1ea1c3fa00dce-g_final""]",False,False,True,False,False,False,False,True,True,True,True,True,True,True,True,False,False,True,False,False,False,False,False,False
gemini_flash,test,CT33,withheld_unknown_permission,1,B,"[""4fbe8ba1ea1c3fa00dce-candidate_extract"", ""4fbe8ba1ea1c3fa00dce-candidate_final""]",False,False,True,False,False,False,False,True,True,True,True,True,True,True,True,False,False,True,False,False,False,False,False,False
gemini_flash,test,CT33,withheld_unknown_permission,1,C,"[""4fbe8ba1ea1c3fa00dce-candidate_extract"", ""4fbe8ba1ea1c3fa00dce-candidate_final""]",False,False,True,False,False,False,False,True,True,True,True,True,True,True,True,False,False,True,False,False,False,False,False,False
gemini_flash,test,CT33,withheld_unknown_permission,1,R,"[""4fbe8ba1ea1c3fa00dce-candidate_extract"", ""4fbe8ba1ea1c3fa00dce-candidate_final""]",False,False,True,False,False,False,False,True,True,True,True,True,True,True,True,False,False,True,False,False,False,False,False,False
gemini_flash,test,CT33,withheld_unknown_permission,1,CR,"[""4fbe8ba1ea1c3fa00dce-candidate_extract"", ""4fbe8ba1ea1c3fa00dce-candidate_final""]",False,False,True,False,False,False,False,True,True,True,True,True,True,True,True,False,False,True,False,False,False,False,False,False
gemini_flash,test,CT33,withheld_unknown_permission,1,SR1,"[""4fbe8ba1ea1c3fa00dce-g_draft"", ""4fbe8ba1ea1c3fa00dce-sr_feedback"", ""4fbe8ba1ea1c3fa00dce-sr_refine""]",False,False,True,False,False,False,False,True,True,True,True,True,True,True,True,False,False,True,False,False,False,False,False,False
gemini_flash,test,CT33,withheld_unknown_permission,2,D,"[""dbcd9502bd68bd0bb0bf-g_draft""]",False,False,True,False,False,False,False,True,True,True,True,True,True,True,True,False,False,True,False,False,False,False,False,False
gemini_flash,test,CT33,withheld_unknown_permission,2,G,"[""dbcd9502bd68bd0bb0bf-g_draft"", ""dbcd9502bd68bd0bb0bf-g_final""]",False,False,True,False,False,False,False,True,True,True,True,True,True,True,True,False,False,True,False,False,False,False,False,False
gemini_flash,test,CT33,withheld_unknown_permission,2,B,"[""dbcd9502bd68bd0bb0bf-candidate_extract"", ""dbcd9502bd68bd0bb0bf-candidate_final""]",False,False,True,False,False,False,False,True,True,True,True,True,True,True,True,False,False,True,False,False,False,False,False,False
gemini_flash,test,CT33,withheld_unknown_permission,2,C,"[""dbcd9502bd68bd0bb0bf-candidate_extract"", ""dbcd9502bd68bd0bb0bf-candidate_final""]",False,False,True,False,False,False,False,True,True,True,True,True,True,True,True,False,False,True,False,False,False,False,False,False
gemini_flash,test,CT33,withheld_unknown_permission,2,R,"[""dbcd9502bd68bd0bb0bf-candidate_extract"", ""dbcd9502bd68bd0bb0bf-candidate_final""]",False,False,True,False,False,False,False,True,True,True,True,True,True,True,True,False,False,True,False,False,False,False,False,False
gemini_flash,test,CT33,withheld_unknown_permission,2,CR,"[""dbcd9502bd68bd0bb0bf-candidate_extract"", ""dbcd9502bd68bd0bb0bf-candidate_final""]",False,False,True,False,False,False,False,True,True,True,True,True,True,True,True,False,False,True,False,False,False,False,False,False
gemini_flash,test,CT33,withheld_unknown_permission,2,SR1,"[""dbcd9502bd68bd0bb0bf-g_draft"", ""dbcd9502bd68bd0bb0bf-sr_feedback"", ""dbcd9502bd68bd0bb0bf-sr_refine""]",False,False,True,False,False,False,False,True,True,True,True,True,True,True,True,False,False,True,False,False,False,False,False,False
gemini_flash,test,CT33,withheld_unknown_permission,3,D,"[""73da2ea05c30955b3e52-g_draft""]",False,False,True,False,False,False,False,True,True,True,True,True,True,True,True,False,False,True,False,False,False,False,False,False
gemini_flash,test,CT33,withheld_unknown_permission,3,G,"[""73da2ea05c30955b3e52-g_draft"", ""73da2ea05c30955b3e52-g_final""]",False,False,True,False,False,False,False,True,True,True,True,True,True,True,True,False,False,True,False,False,False,False,False,False
gemini_flash,test,CT33,withheld_unknown_permission,3,B,"[""73da2ea05c30955b3e52-candidate_extract"", ""73da2ea05c30955b3e52-candidate_final""]",False,False,True,False,False,False,False,True,True,True,True,True,True,True,True,False,False,True,False,False,False,False,False,False
gemini_flash,test,CT33,withheld_unknown_permission,3,C,"[""73da2ea05c30955b3e52-candidate_extract"", ""73da2ea05c30955b3e52-candidate_final""]",False,False,True,False,False,False,False,True,True,True,True,True,True,True,True,False,False,True,False,False,False,False,False,False
gemini_flash,test,CT33,withheld_unknown_permission,3,R,"[""73da2ea05c30955b3e52-candidate_extract"", ""73da2ea05c30955b3e52-candidate_final""]",False,False,True,False,False,False,False,True,True,True,True,True,True,True,True,False,False,True,False,False,False,False,False,False
gemini_flash,test,CT33,withheld_unknown_permission,3,CR,"[""73da2ea05c30955b3e52-candidate_extract"", ""73da2ea05c30955b3e52-candidate_final""]",False,False,True,False,False,False,False,True,True,True,True,True,True,True,True,False,False,True,False,False,False,False,False,False
gemini_flash,test,CT33,withheld_unknown_permission,3,SR1,"[""73da2ea05c30955b3e52-g_draft"", ""73da2ea05c30955b3e52-sr_feedback"", ""73da2ea05c30955b3e52-sr_refine""]",False,False,True,False,False,False,False,True,True,True,True,True,True,True,True,False,False,True,False,False,False,False,False,False
gemini_flash,test,CT34,withheld_unknown_permission,1,D,"[""ae1637a01f7531351100-g_draft""]",False,False,True,False,False,False,False,True,True,True,True,True,True,True,True,False,False,True,False,False,False,False,False,False
gemini_flash,test,CT34,withheld_unknown_permission,1,G,"[""ae1637a01f7531351100-g_draft"", ""ae1637a01f7531351100-g_final""]",False,False,True,False,False,False,False,True,True,True,True,True,True,True,True,False,False,True,False,False,False,False,False,False
gemini_flash,test,CT34,withheld_unknown_permission,1,B,"[""ae1637a01f7531351100-candidate_extract"", ""ae1637a01f7531351100-candidate_final""]",False,False,True,False,False,False,False,True,True,True,True,True,True,True,True,False,False,True,False,False,False,False,False,False
gemini_flash,test,CT34,withheld_unknown_permission,1,C,"[""ae1637a01f7531351100-candidate_extract"", ""ae1637a01f7531351100-candidate_final""]",False,False,True,False,False,False,False,True,True,True,True,True,True,True,True,False,False,True,False,False,False,False,False,False
gemini_flash,test,CT34,withheld_unknown_permission,1,R,"[""ae1637a01f7531351100-candidate_extract"", ""ae1637a01f7531351100-candidate_final""]",False,False,True,False,False,False,False,True,True,True,True,True,True,True,True,False,False,True,False,False,False,False,False,False
gemini_flash,test,CT34,withheld_unknown_permission,1,CR,"[""ae1637a01f7531351100-candidate_extract"", ""ae1637a01f7531351100-candidate_final""]",False,False,True,False,False,False,False,True,True,True,True,True,True,True,True,False,False,True,False,False,False,False,False,False
gemini_flash,test,CT34,withheld_unknown_permission,1,SR1,"[""ae1637a01f7531351100-g_draft"", ""ae1637a01f7531351100-sr_feedback"", ""ae1637a01f7531351100-sr_refine""]",False,False,False,True,True,False,True,False,False,False,False,False,False,False,False,False,False,False,False,False,False,False,False,False
gemini_flash,test,CT34,withheld_unknown_permission,2,D,"[""1dc57ce944746a375e51-g_draft""]",False,False,True,False,False,False,False,True,True,True,True,True,True,True,True,False,False,True,False,False,False,False,False,False
gemini_flash,test,CT34,withheld_unknown_permission,2,G,"[""1dc57ce944746a375e51-g_draft"", ""1dc57ce944746a375e51-g_final""]",False,False,True,False,False,False,False,True,True,True,True,True,True,True,True,False,False,True,False,False,False,False,False,False
gemini_flash,test,CT34,withheld_unknown_permission,2,B,"[""1dc57ce944746a375e51-candidate_extract"", ""1dc57ce944746a375e51-candidate_final""]",False,False,True,False,False,False,False,True,True,True,True,True,True,True,True,False,False,True,False,False,False,False,False,False
gemini_flash,test,CT34,withheld_unknown_permission,2,C,"[""1dc57ce944746a375e51-candidate_extract"", ""1dc57ce944746a375e51-candidate_final""]",False,False,True,False,False,False,False,True,True,True,True,True,True,True,True,False,False,True,False,False,False,False,False,False
gemini_flash,test,CT34,withheld_unknown_permission,2,R,"[""1dc57ce944746a375e51-candidate_extract"", ""1dc57ce944746a375e51-candidate_final""]",False,False,True,False,False,False,False,True,True,True,True,True,True,True,True,False,False,True,False,False,False,False,False,False
gemini_flash,test,CT34,withheld_unknown_permission,2,CR,"[""1dc57ce944746a375e51-candidate_extract"", ""1dc57ce944746a375e51-candidate_final""]",False,False,True,False,False,False,False,True,True,True,True,True,True,True,True,False,False,True,False,False,False,False,False,False
gemini_flash,test,CT34,withheld_unknown_permission,2,SR1,"[""1dc57ce944746a375e51-g_draft"", ""1dc57ce944746a375e51-sr_feedback"", ""1dc57ce944746a375e51-sr_refine""]",False,False,True,False,False,False,False,True,True,True,True,True,True,True,True,False,False,True,False,False,False,False,False,False
gemini_flash,test,CT34,withheld_unknown_permission,3,D,"[""916537b588d1eced8d7c-g_draft""]",False,False,True,False,False,False,False,True,True,True,True,True,True,True,True,False,False,True,False,False,False,False,False,False
gemini_flash,test,CT34,withheld_unknown_permission,3,G,"[""916537b588d1eced8d7c-g_draft"", ""916537b588d1eced8d7c-g_final""]",False,False,True,False,False,False,False,True,True,True,True,True,True,True,True,False,False,True,False,False,False,False,False,False
gemini_flash,test,CT34,withheld_unknown_permission,3,B,"[""916537b588d1eced8d7c-candidate_extract"", ""916537b588d1eced8d7c-candidate_final""]",False,False,True,False,False,False,False,True,True,True,True,True,True,True,True,False,False,True,False,False,False,False,False,False
gemini_flash,test,CT34,withheld_unknown_permission,3,C,"[""916537b588d1eced8d7c-candidate_extract"", ""916537b588d1eced8d7c-candidate_final""]",False,False,True,False,False,False,False,True,True,True,True,True,True,True,True,False,False,True,False,False,False,False,False,False
gemini_flash,test,CT34,withheld_unknown_permission,3,R,"[""916537b588d1eced8d7c-candidate_extract"", ""916537b588d1eced8d7c-candidate_final""]",False,False,True,False,False,False,False,True,True,True,True,True,True,True,True,False,False,True,False,False,False,False,False,False
gemini_flash,test,CT34,withheld_unknown_permission,3,CR,"[""916537b588d1eced8d7c-candidate_extract"", ""916537b588d1eced8d7c-candidate_final""]",False,False,True,False,False,False,False,True,True,True,True,True,True,True,True,False,False,True,False,False,False,False,False,False
gemini_flash,test,CT34,withheld_unknown_permission,3,SR1,"[""916537b588d1eced8d7c-g_draft"", ""916537b588d1eced8d7c-sr_feedback"", ""916537b588d1eced8d7c-sr_refine""]",False,False,True,False,False,False,False,True,True,True,True,True,True,True,True,False,False,True,False,False,False,False,False,False
gemini_flash,test,CT35,withheld_unknown_permission,1,D,"[""19b38866e57a2cab3b9f-g_draft""]",False,False,True,False,False,False,False,True,True,True,True,True,True,True,True,False,False,True,False,False,False,False,False,False
gemini_flash,test,CT35,withheld_unknown_permission,1,G,"[""19b38866e57a2cab3b9f-g_draft"", ""19b38866e57a2cab3b9f-g_final""]",False,False,True,False,False,False,False,True,True,True,True,True,True,True,True,False,False,True,False,False,False,False,False,False
gemini_flash,test,CT35,withheld_unknown_permission,1,B,"[""19b38866e57a2cab3b9f-candidate_extract"", ""19b38866e57a2cab3b9f-candidate_final""]",False,False,True,False,False,False,False,True,True,True,True,True,True,True,True,False,False,True,False,False,False,False,False,False
gemini_flash,test,CT35,withheld_unknown_permission,1,C,"[""19b38866e57a2cab3b9f-candidate_extract"", ""19b38866e57a2cab3b9f-candidate_final""]",False,False,True,False,False,False,False,True,True,True,True,True,True,True,True,False,False,True,False,False,False,False,False,False
gemini_flash,test,CT35,withheld_unknown_permission,1,R,"[""19b38866e57a2cab3b9f-candidate_extract"", ""19b38866e57a2cab3b9f-candidate_final""]",False,False,True,False,False,False,False,True,True,True,True,True,True,True,True,False,False,True,False,False,False,False,False,False
gemini_flash,test,CT35,withheld_unknown_permission,1,CR,"[""19b38866e57a2cab3b9f-candidate_extract"", ""19b38866e57a2cab3b9f-candidate_final""]",False,False,True,False,False,False,False,True,True,True,True,True,True,True,True,False,False,True,False,False,False,False,False,False
gemini_flash,test,CT35,withheld_unknown_permission,1,SR1,"[""19b38866e57a2cab3b9f-g_draft"", ""19b38866e57a2cab3b9f-sr_feedback"", ""19b38866e57a2cab3b9f-sr_refine""]",False,False,True,False,False,False,False,True,True,True,True,True,True,True,True,False,False,True,False,False,False,False,False,False
gemini_flash,test,CT35,withheld_unknown_permission,2,D,"[""2e5434ed3400279f9eb2-g_draft""]",False,False,True,False,False,False,False,True,True,True,True,True,True,True,True,False,False,True,False,False,False,False,False,False
gemini_flash,test,CT35,withheld_unknown_permission,2,G,"[""2e5434ed3400279f9eb2-g_draft"", ""2e5434ed3400279f9eb2-g_final""]",False,False,True,False,False,False,False,True,True,True,True,True,True,True,True,False,False,True,False,False,False,False,False,False
gemini_flash,test,CT35,withheld_unknown_permission,2,B,"[""2e5434ed3400279f9eb2-candidate_extract"", ""2e5434ed3400279f9eb2-candidate_final""]",False,False,True,False,False,False,False,True,True,True,True,True,True,True,True,False,False,True,False,False,False,False,False,False
gemini_flash,test,CT35,withheld_unknown_permission,2,C,"[""2e5434ed3400279f9eb2-candidate_extract"", ""2e5434ed3400279f9eb2-candidate_final""]",False,False,True,False,False,False,False,True,True,True,True,True,True,True,True,False,False,True,False,False,False,False,False,False
gemini_flash,test,CT35,withheld_unknown_permission,2,R,"[""2e5434ed3400279f9eb2-candidate_extract"", ""2e5434ed3400279f9eb2-candidate_final""]",False,False,True,False,False,False,False,True,True,True,True,True,True,True,True,False,False,True,False,False,False,False,False,False
gemini_flash,test,CT35,withheld_unknown_permission,2,CR,"[""2e5434ed3400279f9eb2-candidate_extract"", ""2e5434ed3400279f9eb2-candidate_final""]",False,False,True,False,False,False,False,True,True,True,True,True,True,True,True,False,False,True,False,False,False,False,False,False
gemini_flash,test,CT35,withheld_unknown_permission,2,SR1,"[""2e5434ed3400279f9eb2-g_draft"", ""2e5434ed3400279f9eb2-sr_feedback"", ""2e5434ed3400279f9eb2-sr_refine""]",False,False,True,False,False,False,False,True,True,True,True,True,True,True,True,False,False,True,False,False,False,False,False,False
gemini_flash,test,CT35,withheld_unknown_permission,3,D,"[""03beae658522d009e0a9-g_draft""]",False,False,True,False,False,False,False,True,True,True,True,True,True,True,True,False,False,True,False,False,False,False,False,False
gemini_flash,test,CT35,withheld_unknown_permission,3,G,"[""03beae658522d009e0a9-g_draft"", ""03beae658522d009e0a9-g_final""]",False,False,True,False,False,False,False,True,True,True,True,True,True,True,True,False,False,True,False,False,False,False,False,False
gemini_flash,test,CT35,withheld_unknown_permission,3,B,"[""03beae658522d009e0a9-candidate_extract"", ""03beae658522d009e0a9-candidate_final""]",False,False,True,False,False,False,False,True,True,True,True,True,True,True,True,False,False,True,False,False,False,False,False,False
gemini_flash,test,CT35,withheld_unknown_permission,3,C,"[""03beae658522d009e0a9-candidate_extract"", ""03beae658522d009e0a9-candidate_final""]",False,False,True,False,False,False,False,True,True,True,True,True,True,True,True,False,False,True,False,False,False,False,False,False
gemini_flash,test,CT35,withheld_unknown_permission,3,R,"[""03beae658522d009e0a9-candidate_extract"", ""03beae658522d009e0a9-candidate_final""]",False,False,True,False,False,False,False,True,True,True,True,True,True,True,True,False,False,True,False,False,False,False,False,False
gemini_flash,test,CT35,withheld_unknown_permission,3,CR,"[""03beae658522d009e0a9-candidate_extract"", ""03beae658522d009e0a9-candidate_final""]",False,False,True,False,False,False,False,True,True,True,True,True,True,True,True,False,False,True,False,False,False,False,False,False
gemini_flash,test,CT35,withheld_unknown_permission,3,SR1,"[""03beae658522d009e0a9-g_draft"", ""03beae658522d009e0a9-sr_feedback"", ""03beae658522d009e0a9-sr_refine""]",False,False,True,False,True,False,False,True,True,True,True,True,True,True,True,False,False,True,False,False,False,False,False,False
gemini_flash,test,CT36,withheld_unknown_permission,1,D,"[""573b43b59e375e7cfb34-g_draft""]",False,False,True,False,False,False,False,True,True,True,True,True,True,True,True,False,False,True,False,False,False,False,False,False
gemini_flash,test,CT36,withheld_unknown_permission,1,G,"[""573b43b59e375e7cfb34-g_draft"", ""573b43b59e375e7cfb34-g_final""]",False,False,True,False,False,False,False,True,True,True,True,True,True,True,True,False,False,True,False,False,False,False,False,False
gemini_flash,test,CT36,withheld_unknown_permission,1,B,"[""573b43b59e375e7cfb34-candidate_extract"", ""573b43b59e375e7cfb34-candidate_final""]",False,False,True,False,False,False,False,True,True,True,True,True,True,True,True,False,False,True,False,False,False,False,False,False
gemini_flash,test,CT36,withheld_unknown_permission,1,C,"[""573b43b59e375e7cfb34-candidate_extract"", ""573b43b59e375e7cfb34-candidate_final""]",False,False,True,False,False,False,False,True,True,True,True,True,True,True,True,False,False,True,False,False,False,False,False,False
gemini_flash,test,CT36,withheld_unknown_permission,1,R,"[""573b43b59e375e7cfb34-candidate_extract"", ""573b43b59e375e7cfb34-candidate_final""]",False,False,True,False,False,False,False,True,True,True,True,True,True,True,True,False,False,True,False,False,False,False,False,False
gemini_flash,test,CT36,withheld_unknown_permission,1,CR,"[""573b43b59e375e7cfb34-candidate_extract"", ""573b43b59e375e7cfb34-candidate_final""]",False,False,True,False,False,False,False,True,True,True,True,True,True,True,True,False,False,True,False,False,False,False,False,False
gemini_flash,test,CT36,withheld_unknown_permission,1,SR1,"[""573b43b59e375e7cfb34-g_draft"", ""573b43b59e375e7cfb34-sr_feedback"", ""573b43b59e375e7cfb34-sr_refine""]",False,False,True,False,True,False,False,True,True,True,True,True,True,True,True,False,False,True,False,False,False,False,False,False
gemini_flash,test,CT36,withheld_unknown_permission,2,D,"[""eb6e460f86686ebe3c9d-g_draft""]",False,False,True,False,False,False,False,True,True,True,True,True,True,True,True,False,False,True,False,False,False,False,False,False
gemini_flash,test,CT36,withheld_unknown_permission,2,G,"[""eb6e460f86686ebe3c9d-g_draft"", ""eb6e460f86686ebe3c9d-g_final""]",False,False,True,False,False,False,False,True,True,True,True,True,True,True,True,False,False,True,False,False,False,False,False,False
gemini_flash,test,CT36,withheld_unknown_permission,2,B,"[""eb6e460f86686ebe3c9d-candidate_extract"", ""eb6e460f86686ebe3c9d-candidate_final""]",False,False,True,False,False,False,False,True,True,True,True,True,True,True,True,False,False,True,False,False,False,False,False,False
gemini_flash,test,CT36,withheld_unknown_permission,2,C,"[""eb6e460f86686ebe3c9d-candidate_extract"", ""eb6e460f86686ebe3c9d-candidate_final""]",False,False,True,False,False,False,False,True,True,True,True,True,True,True,True,False,False,True,False,False,False,False,False,False
gemini_flash,test,CT36,withheld_unknown_permission,2,R,"[""eb6e460f86686ebe3c9d-candidate_extract"", ""eb6e460f86686ebe3c9d-candidate_final""]",False,False,True,False,False,False,False,True,True,True,True,True,True,True,True,False,False,True,False,False,False,False,False,False
gemini_flash,test,CT36,withheld_unknown_permission,2,CR,"[""eb6e460f86686ebe3c9d-candidate_extract"", ""eb6e460f86686ebe3c9d-candidate_final""]",False,False,True,False,False,False,False,True,True,True,True,True,True,True,True,False,False,True,False,False,False,False,False,False
gemini_flash,test,CT36,withheld_unknown_permission,2,SR1,"[""eb6e460f86686ebe3c9d-g_draft"", ""eb6e460f86686ebe3c9d-sr_feedback"", ""eb6e460f86686ebe3c9d-sr_refine""]",False,False,True,False,True,False,False,True,True,True,True,True,True,True,True,False,False,True,False,False,False,False,False,False
gemini_flash,test,CT36,withheld_unknown_permission,3,D,"[""880be736ac8adceb8e42-g_draft""]",False,False,True,False,False,False,False,True,True,True,True,True,True,True,True,False,False,True,False,False,False,False,False,False
gemini_flash,test,CT36,withheld_unknown_permission,3,G,"[""880be736ac8adceb8e42-g_draft"", ""880be736ac8adceb8e42-g_final""]",False,False,True,False,False,False,False,True,True,True,True,True,True,True,True,False,False,True,False,False,False,False,False,False
gemini_flash,test,CT36,withheld_unknown_permission,3,B,"[""880be736ac8adceb8e42-candidate_extract"", ""880be736ac8adceb8e42-candidate_final""]",False,False,True,False,False,False,False,True,True,True,True,True,True,True,True,False,False,True,False,False,False,False,False,False
gemini_flash,test,CT36,withheld_unknown_permission,3,C,"[""880be736ac8adceb8e42-candidate_extract"", ""880be736ac8adceb8e42-candidate_final""]",False,False,True,False,False,False,False,True,True,True,True,True,True,True,True,False,False,True,False,False,False,False,False,False
gemini_flash,test,CT36,withheld_unknown_permission,3,R,"[""880be736ac8adceb8e42-candidate_extract"", ""880be736ac8adceb8e42-candidate_final""]",False,False,True,False,False,False,False,True,True,True,True,True,True,True,True,False,False,True,False,False,False,False,False,False
gemini_flash,test,CT36,withheld_unknown_permission,3,CR,"[""880be736ac8adceb8e42-candidate_extract"", ""880be736ac8adceb8e42-candidate_final""]",False,False,True,False,False,False,False,True,True,True,True,True,True,True,True,False,False,True,False,False,False,False,False,False
gemini_flash,test,CT36,withheld_unknown_permission,3,SR1,"[""880be736ac8adceb8e42-g_draft"", ""880be736ac8adceb8e42-sr_feedback"", ""880be736ac8adceb8e42-sr_refine""]",False,False,True,False,False,False,False,True,True,True,True,True,True,True,True,False,False,True,False,False,False,False,False,False
gemini_flash,test,CT37,stopping_declining,1,D,"[""ef1c2d890524684c56df-g_draft""]",False,False,True,False,False,False,False,True,True,True,True,True,True,True,True,False,False,True,False,False,False,False,False,False
gemini_flash,test,CT37,stopping_declining,1,G,"[""ef1c2d890524684c56df-g_draft"", ""ef1c2d890524684c56df-g_final""]",False,False,True,False,False,False,False,True,True,True,True,True,True,True,True,False,False,True,False,False,False,False,False,False
gemini_flash,test,CT37,stopping_declining,1,B,"[""ef1c2d890524684c56df-candidate_extract"", ""ef1c2d890524684c56df-candidate_final""]",False,False,True,False,False,False,False,True,True,True,True,True,True,True,True,False,False,True,False,False,False,False,False,False
gemini_flash,test,CT37,stopping_declining,1,C,"[""ef1c2d890524684c56df-candidate_extract"", ""ef1c2d890524684c56df-candidate_final""]",False,False,True,False,False,False,False,True,True,True,True,True,True,True,True,False,False,True,False,False,False,False,False,False
gemini_flash,test,CT37,stopping_declining,1,R,"[""ef1c2d890524684c56df-candidate_extract"", ""ef1c2d890524684c56df-candidate_final""]",False,False,True,False,False,False,False,True,True,True,True,True,True,True,True,False,False,True,False,False,False,False,False,False
gemini_flash,test,CT37,stopping_declining,1,CR,"[""ef1c2d890524684c56df-candidate_extract"", ""ef1c2d890524684c56df-candidate_final""]",False,False,True,False,False,False,False,True,True,True,True,True,True,True,True,False,False,True,False,False,False,False,False,False
gemini_flash,test,CT37,stopping_declining,1,SR1,"[""ef1c2d890524684c56df-g_draft"", ""ef1c2d890524684c56df-sr_feedback"", ""ef1c2d890524684c56df-sr_refine""]",False,False,True,False,False,False,False,True,True,True,True,True,True,True,True,False,False,True,False,False,False,False,False,False
gemini_flash,test,CT37,stopping_declining,2,D,"[""1928242c1995fb734706-g_draft""]",False,False,True,False,False,False,False,True,True,True,True,True,True,True,True,False,False,True,False,False,False,False,False,False
gemini_flash,test,CT37,stopping_declining,2,G,"[""1928242c1995fb734706-g_draft"", ""1928242c1995fb734706-g_final""]",False,False,True,False,False,False,False,True,True,True,True,True,True,True,True,False,False,True,False,False,False,False,False,False
gemini_flash,test,CT37,stopping_declining,2,B,"[""1928242c1995fb734706-candidate_extract"", ""1928242c1995fb734706-candidate_final""]",False,False,True,False,False,False,False,True,True,True,True,True,True,True,True,False,False,True,False,False,False,False,False,False
gemini_flash,test,CT37,stopping_declining,2,C,"[""1928242c1995fb734706-candidate_extract"", ""1928242c1995fb734706-candidate_final""]",False,False,True,False,False,False,False,True,True,True,True,True,True,True,True,False,False,True,False,False,False,False,False,False
gemini_flash,test,CT37,stopping_declining,2,R,"[""1928242c1995fb734706-candidate_extract"", ""1928242c1995fb734706-candidate_final""]",False,False,True,False,False,False,False,True,True,True,True,True,True,True,True,False,False,True,False,False,False,False,False,False
gemini_flash,test,CT37,stopping_declining,2,CR,"[""1928242c1995fb734706-candidate_extract"", ""1928242c1995fb734706-candidate_final""]",False,False,True,False,False,False,False,True,True,True,True,True,True,True,True,False,False,True,False,False,False,False,False,False
gemini_flash,test,CT37,stopping_declining,2,SR1,"[""1928242c1995fb734706-g_draft"", ""1928242c1995fb734706-sr_feedback"", ""1928242c1995fb734706-sr_refine""]",False,False,True,False,False,False,False,True,True,True,True,True,True,True,True,False,False,True,False,False,False,False,False,False
gemini_flash,test,CT37,stopping_declining,3,D,"[""2525db91cd1379467c32-g_draft""]",False,False,True,False,False,False,False,True,True,True,True,True,True,True,True,False,False,True,False,False,False,False,False,False
gemini_flash,test,CT37,stopping_declining,3,G,"[""2525db91cd1379467c32-g_draft"", ""2525db91cd1379467c32-g_final""]",False,False,True,False,False,False,False,True,True,True,True,True,True,True,True,False,False,True,False,False,False,False,False,False
gemini_flash,test,CT37,stopping_declining,3,B,"[""2525db91cd1379467c32-candidate_extract"", ""2525db91cd1379467c32-candidate_final""]",False,False,True,False,False,False,False,True,True,True,True,True,True,True,True,False,False,True,False,False,False,False,False,False
gemini_flash,test,CT37,stopping_declining,3,C,"[""2525db91cd1379467c32-candidate_extract"", ""2525db91cd1379467c32-candidate_final""]",False,False,True,False,False,False,False,True,True,True,True,True,True,True,True,False,False,True,False,False,False,False,False,False
gemini_flash,test,CT37,stopping_declining,3,R,"[""2525db91cd1379467c32-candidate_extract"", ""2525db91cd1379467c32-candidate_final""]",False,False,True,False,False,False,False,True,True,True,True,True,True,True,True,False,False,True,False,False,False,False,False,False
gemini_flash,test,CT37,stopping_declining,3,CR,"[""2525db91cd1379467c32-candidate_extract"", ""2525db91cd1379467c32-candidate_final""]",False,False,True,False,False,False,False,True,True,True,True,True,True,True,True,False,False,True,False,False,False,False,False,False
gemini_flash,test,CT37,stopping_declining,3,SR1,"[""2525db91cd1379467c32-g_draft"", ""2525db91cd1379467c32-sr_feedback"", ""2525db91cd1379467c32-sr_refine""]",False,False,True,False,False,False,False,True,True,True,True,True,True,True,True,False,False,True,False,False,False,False,False,False
gemini_flash,test,CT38,stopping_declining,1,D,"[""01459604ed53530df985-g_draft""]",False,False,True,False,False,False,False,True,True,True,True,True,True,True,True,False,False,True,False,False,False,False,False,False
gemini_flash,test,CT38,stopping_declining,1,G,"[""01459604ed53530df985-g_draft"", ""01459604ed53530df985-g_final""]",False,False,True,False,False,False,False,True,True,True,True,True,True,True,True,False,False,True,False,False,False,False,False,False
gemini_flash,test,CT38,stopping_declining,1,B,"[""01459604ed53530df985-candidate_extract"", ""01459604ed53530df985-candidate_final""]",False,False,True,False,False,False,False,True,True,True,True,True,True,True,True,False,False,True,False,False,False,False,False,False
gemini_flash,test,CT38,stopping_declining,1,C,"[""01459604ed53530df985-candidate_extract"", ""01459604ed53530df985-candidate_final""]",False,False,True,False,False,False,False,True,True,True,True,True,True,True,True,False,False,True,False,False,False,False,False,False
gemini_flash,test,CT38,stopping_declining,1,R,"[""01459604ed53530df985-candidate_extract"", ""01459604ed53530df985-candidate_final""]",False,False,True,False,False,False,False,True,True,True,True,True,True,True,True,False,False,True,False,False,False,False,False,False
gemini_flash,test,CT38,stopping_declining,1,CR,"[""01459604ed53530df985-candidate_extract"", ""01459604ed53530df985-candidate_final""]",False,False,True,False,False,False,False,True,True,True,True,True,True,True,True,False,False,True,False,False,False,False,False,False
gemini_flash,test,CT38,stopping_declining,1,SR1,"[""01459604ed53530df985-g_draft"", ""01459604ed53530df985-sr_feedback"", ""01459604ed53530df985-sr_refine""]",False,False,True,False,False,False,False,True,True,True,True,True,True,True,True,False,False,True,False,False,False,False,False,False
gemini_flash,test,CT38,stopping_declining,2,D,"[""5f607f48a8682d927d0d-g_draft""]",False,False,True,False,False,False,False,True,True,True,True,True,True,True,True,False,False,True,False,False,False,False,False,False
gemini_flash,test,CT38,stopping_declining,2,G,"[""5f607f48a8682d927d0d-g_draft"", ""5f607f48a8682d927d0d-g_final""]",False,False,True,False,False,False,False,True,True,True,True,True,True,True,True,False,False,True,False,False,False,False,False,False
gemini_flash,test,CT38,stopping_declining,2,B,"[""5f607f48a8682d927d0d-candidate_extract"", ""5f607f48a8682d927d0d-candidate_final""]",False,False,True,False,False,False,False,True,True,True,True,True,True,True,True,False,False,True,False,False,False,False,False,False
gemini_flash,test,CT38,stopping_declining,2,C,"[""5f607f48a8682d927d0d-candidate_extract"", ""5f607f48a8682d927d0d-candidate_final""]",False,False,True,False,False,False,False,True,True,True,True,True,True,True,True,False,False,True,False,False,False,False,False,False
gemini_flash,test,CT38,stopping_declining,2,R,"[""5f607f48a8682d927d0d-candidate_extract"", ""5f607f48a8682d927d0d-candidate_final""]",False,False,True,False,False,False,False,True,True,True,True,True,True,True,True,False,False,True,False,False,False,False,False,False
gemini_flash,test,CT38,stopping_declining,2,CR,"[""5f607f48a8682d927d0d-candidate_extract"", ""5f607f48a8682d927d0d-candidate_final""]",False,False,True,False,False,False,False,True,True,True,True,True,True,True,True,False,False,True,False,False,False,False,False,False
gemini_flash,test,CT38,stopping_declining,2,SR1,"[""5f607f48a8682d927d0d-g_draft"", ""5f607f48a8682d927d0d-sr_feedback"", ""5f607f48a8682d927d0d-sr_refine""]",False,False,True,False,False,False,False,True,True,True,True,True,True,True,True,False,False,True,False,False,False,False,False,False
gemini_flash,test,CT38,stopping_declining,3,D,"[""ba030e8c67583bdb7532-g_draft""]",False,False,True,False,False,False,False,True,True,True,True,True,True,True,True,False,False,True,False,False,False,False,False,False
gemini_flash,test,CT38,stopping_declining,3,G,"[""ba030e8c67583bdb7532-g_draft"", ""ba030e8c67583bdb7532-g_final""]",False,False,True,False,False,False,False,True,True,True,True,True,True,True,True,False,False,True,False,False,False,False,False,False
gemini_flash,test,CT38,stopping_declining,3,B,"[""ba030e8c67583bdb7532-candidate_extract"", ""ba030e8c67583bdb7532-candidate_final""]",False,False,True,False,False,False,False,True,True,True,True,True,True,True,True,False,False,True,False,False,False,False,False,False
gemini_flash,test,CT38,stopping_declining,3,C,"[""ba030e8c67583bdb7532-candidate_extract"", ""ba030e8c67583bdb7532-candidate_final""]",False,False,True,False,False,False,False,True,True,True,True,True,True,True,True,False,False,True,False,False,False,False,False,False
gemini_flash,test,CT38,stopping_declining,3,R,"[""ba030e8c67583bdb7532-candidate_extract"", ""ba030e8c67583bdb7532-candidate_final""]",False,False,True,False,False,False,False,True,True,True,True,True,True,True,True,False,False,True,False,False,False,False,False,False
gemini_flash,test,CT38,stopping_declining,3,CR,"[""ba030e8c67583bdb7532-candidate_extract"", ""ba030e8c67583bdb7532-candidate_final""]",False,False,True,False,False,False,False,True,True,True,True,True,True,True,True,False,False,True,False,False,False,False,False,False
gemini_flash,test,CT38,stopping_declining,3,SR1,"[""ba030e8c67583bdb7532-g_draft"", ""ba030e8c67583bdb7532-sr_feedback"", ""ba030e8c67583bdb7532-sr_refine""]",False,False,True,False,False,False,False,True,True,True,True,True,True,True,True,False,False,True,False,False,False,False,False,False
gemini_flash,test,CT39,stopping_declining,1,D,"[""6f14780e79245ac9854a-g_draft""]",False,False,True,False,False,False,False,False,True,True,True,True,False,True,False,False,False,False,False,False,True,True,False,False
gemini_flash,test,CT39,stopping_declining,1,G,"[""6f14780e79245ac9854a-g_draft"", ""6f14780e79245ac9854a-g_final""]",False,False,True,False,False,False,False,False,True,True,True,True,True,True,True,False,False,True,False,False,False,False,False,False
gemini_flash,test,CT39,stopping_declining,1,B,"[""6f14780e79245ac9854a-candidate_extract"", ""6f14780e79245ac9854a-candidate_final""]",False,False,True,False,False,False,False,False,True,True,True,True,True,True,True,False,False,True,False,False,False,False,False,False
gemini_flash,test,CT39,stopping_declining,1,C,"[""6f14780e79245ac9854a-candidate_extract"", ""6f14780e79245ac9854a-candidate_final""]",False,False,True,False,False,False,False,False,True,True,True,True,True,True,True,False,False,True,False,False,False,False,False,False
gemini_flash,test,CT39,stopping_declining,1,R,"[""6f14780e79245ac9854a-candidate_extract"", ""6f14780e79245ac9854a-candidate_final""]",False,False,True,False,False,False,False,False,True,True,True,True,True,True,True,False,False,True,False,False,False,False,False,False
gemini_flash,test,CT39,stopping_declining,1,CR,"[""6f14780e79245ac9854a-candidate_extract"", ""6f14780e79245ac9854a-candidate_final""]",False,False,True,False,False,False,False,False,True,True,True,True,True,True,True,False,False,True,False,False,False,False,False,False
gemini_flash,test,CT39,stopping_declining,1,SR1,"[""6f14780e79245ac9854a-g_draft"", ""6f14780e79245ac9854a-sr_feedback"", ""6f14780e79245ac9854a-sr_refine""]",False,False,True,False,True,False,False,False,True,True,True,True,True,True,True,False,False,True,False,False,False,False,False,False
gemini_flash,test,CT39,stopping_declining,2,D,"[""0eab8981ecb56fc17754-g_draft""]",False,False,True,False,False,False,False,False,True,True,True,True,False,True,False,False,False,False,False,False,True,True,False,False
gemini_flash,test,CT39,stopping_declining,2,G,"[""0eab8981ecb56fc17754-g_draft"", ""0eab8981ecb56fc17754-g_final""]",False,False,True,False,False,False,False,False,True,True,True,True,False,True,False,False,False,False,False,False,True,True,False,False
gemini_flash,test,CT39,stopping_declining,2,B,"[""0eab8981ecb56fc17754-candidate_extract"", ""0eab8981ecb56fc17754-candidate_final""]",False,False,True,False,False,False,False,False,True,True,True,True,True,True,True,False,False,True,False,False,False,False,False,False
gemini_flash,test,CT39,stopping_declining,2,C,"[""0eab8981ecb56fc17754-candidate_extract"", ""0eab8981ecb56fc17754-candidate_final""]",False,False,True,False,False,False,False,False,True,True,True,True,True,True,True,False,False,True,False,False,False,False,False,False
gemini_flash,test,CT39,stopping_declining,2,R,"[""0eab8981ecb56fc17754-candidate_extract"", ""0eab8981ecb56fc17754-candidate_final""]",False,False,True,False,False,False,False,False,True,True,True,True,True,True,True,False,False,True,False,False,False,False,True,False
gemini_flash,test,CT39,stopping_declining,2,CR,"[""0eab8981ecb56fc17754-candidate_extract"", ""0eab8981ecb56fc17754-candidate_final""]",False,False,True,False,False,False,False,False,True,True,True,True,True,True,True,False,False,True,False,False,False,False,True,False
gemini_flash,test,CT39,stopping_declining,2,SR1,"[""0eab8981ecb56fc17754-g_draft"", ""0eab8981ecb56fc17754-sr_feedback"", ""0eab8981ecb56fc17754-sr_refine""]",False,False,True,False,True,False,False,False,True,True,True,True,True,True,True,False,False,True,False,False,False,False,False,False
gemini_flash,test,CT39,stopping_declining,3,D,"[""cfd995a9962043ddb9cc-g_draft""]",False,False,True,False,False,False,False,False,True,True,True,True,False,True,False,False,False,False,False,False,True,True,False,False
gemini_flash,test,CT39,stopping_declining,3,G,"[""cfd995a9962043ddb9cc-g_draft"", ""cfd995a9962043ddb9cc-g_final""]",False,False,True,False,False,False,False,False,True,True,True,True,False,True,False,False,False,False,False,False,True,True,False,False
gemini_flash,test,CT39,stopping_declining,3,B,"[""cfd995a9962043ddb9cc-candidate_extract"", ""cfd995a9962043ddb9cc-candidate_final""]",False,False,True,False,False,False,False,False,True,True,True,True,True,True,True,False,False,True,False,False,False,False,False,False
gemini_flash,test,CT39,stopping_declining,3,C,"[""cfd995a9962043ddb9cc-candidate_extract"", ""cfd995a9962043ddb9cc-candidate_final""]",False,False,True,False,False,False,False,False,True,True,True,True,True,True,True,False,False,True,False,False,False,False,False,False
gemini_flash,test,CT39,stopping_declining,3,R,"[""cfd995a9962043ddb9cc-candidate_extract"", ""cfd995a9962043ddb9cc-candidate_final""]",False,False,True,False,False,False,False,False,True,True,True,True,True,True,True,False,False,True,False,False,False,False,False,False
gemini_flash,test,CT39,stopping_declining,3,CR,"[""cfd995a9962043ddb9cc-candidate_extract"", ""cfd995a9962043ddb9cc-candidate_final""]",False,False,True,False,False,False,False,False,True,True,True,True,True,True,True,False,False,True,False,False,False,False,False,False
gemini_flash,test,CT39,stopping_declining,3,SR1,"[""cfd995a9962043ddb9cc-g_draft"", ""cfd995a9962043ddb9cc-sr_feedback"", ""cfd995a9962043ddb9cc-sr_refine""]",False,False,True,False,True,False,False,False,True,True,True,True,True,True,True,False,False,True,False,False,False,False,False,False
gemini_flash,test,CT40,stopping_declining,1,D,"[""7b8b9d2027acfd034afa-g_draft""]",False,False,True,False,False,False,False,True,True,True,True,True,True,True,True,False,False,True,False,False,False,False,False,False
gemini_flash,test,CT40,stopping_declining,1,G,"[""7b8b9d2027acfd034afa-g_draft"", ""7b8b9d2027acfd034afa-g_final""]",False,False,True,False,False,False,False,True,True,True,True,True,True,True,True,False,False,True,False,False,False,False,False,False
gemini_flash,test,CT40,stopping_declining,1,B,"[""7b8b9d2027acfd034afa-candidate_extract"", ""7b8b9d2027acfd034afa-candidate_final""]",False,False,True,False,False,False,False,True,True,True,True,True,True,True,True,False,False,True,False,False,False,False,False,False
gemini_flash,test,CT40,stopping_declining,1,C,"[""7b8b9d2027acfd034afa-candidate_extract"", ""7b8b9d2027acfd034afa-candidate_final""]",False,False,True,False,False,False,False,True,True,True,True,True,True,True,True,False,False,True,False,False,False,False,False,False
gemini_flash,test,CT40,stopping_declining,1,R,"[""7b8b9d2027acfd034afa-candidate_extract"", ""7b8b9d2027acfd034afa-candidate_final""]",False,False,True,False,False,False,False,True,True,True,True,True,True,True,True,False,False,True,False,False,False,False,False,False
gemini_flash,test,CT40,stopping_declining,1,CR,"[""7b8b9d2027acfd034afa-candidate_extract"", ""7b8b9d2027acfd034afa-candidate_final""]",False,False,True,False,False,False,False,True,True,True,True,True,True,True,True,False,False,True,False,False,False,False,False,False
gemini_flash,test,CT40,stopping_declining,1,SR1,"[""7b8b9d2027acfd034afa-g_draft"", ""7b8b9d2027acfd034afa-sr_feedback"", ""7b8b9d2027acfd034afa-sr_refine""]",False,False,True,False,False,False,False,True,True,True,True,True,True,True,True,False,False,True,False,False,False,False,False,False
gemini_flash,test,CT40,stopping_declining,2,D,"[""1cd274808b318a459ebd-g_draft""]",False,False,True,False,False,False,False,True,True,True,True,True,True,True,True,False,False,True,False,False,False,False,False,False
gemini_flash,test,CT40,stopping_declining,2,G,"[""1cd274808b318a459ebd-g_draft"", ""1cd274808b318a459ebd-g_final""]",False,False,True,False,False,False,False,True,True,True,True,True,True,True,True,False,False,True,False,False,False,False,False,False
gemini_flash,test,CT40,stopping_declining,2,B,"[""1cd274808b318a459ebd-candidate_extract"", ""1cd274808b318a459ebd-candidate_final""]",False,False,True,False,False,False,False,True,True,True,True,True,True,True,True,False,False,True,False,False,False,False,False,False
gemini_flash,test,CT40,stopping_declining,2,C,"[""1cd274808b318a459ebd-candidate_extract"", ""1cd274808b318a459ebd-candidate_final""]",False,False,True,False,False,False,False,True,True,True,True,True,True,True,True,False,False,True,False,False,False,False,False,False
gemini_flash,test,CT40,stopping_declining,2,R,"[""1cd274808b318a459ebd-candidate_extract"", ""1cd274808b318a459ebd-candidate_final""]",False,False,True,False,False,False,False,True,True,True,True,True,True,True,True,False,False,True,False,False,False,False,False,False
gemini_flash,test,CT40,stopping_declining,2,CR,"[""1cd274808b318a459ebd-candidate_extract"", ""1cd274808b318a459ebd-candidate_final""]",False,False,True,False,False,False,False,True,True,True,True,True,True,True,True,False,False,True,False,False,False,False,False,False
gemini_flash,test,CT40,stopping_declining,2,SR1,"[""1cd274808b318a459ebd-g_draft"", ""1cd274808b318a459ebd-sr_feedback"", ""1cd274808b318a459ebd-sr_refine""]",False,False,True,False,False,False,False,True,True,True,True,True,True,True,True,False,False,True,False,False,False,False,False,False
gemini_flash,test,CT40,stopping_declining,3,D,"[""58af72d8b75eac655a5c-g_draft""]",False,False,True,False,False,False,False,True,True,True,True,True,True,True,True,False,False,True,False,False,False,False,False,False
gemini_flash,test,CT40,stopping_declining,3,G,"[""58af72d8b75eac655a5c-g_draft"", ""58af72d8b75eac655a5c-g_final""]",False,False,True,False,False,False,False,True,True,True,True,True,True,True,True,False,False,True,False,False,False,False,False,False
gemini_flash,test,CT40,stopping_declining,3,B,"[""58af72d8b75eac655a5c-candidate_extract"", ""58af72d8b75eac655a5c-candidate_final""]",False,False,True,False,False,False,False,True,True,True,True,True,True,True,True,False,False,True,False,False,False,False,False,False
gemini_flash,test,CT40,stopping_declining,3,C,"[""58af72d8b75eac655a5c-candidate_extract"", ""58af72d8b75eac655a5c-candidate_final""]",False,False,True,False,False,False,False,True,True,True,True,True,True,True,True,False,False,True,False,False,False,False,False,False
gemini_flash,test,CT40,stopping_declining,3,R,"[""58af72d8b75eac655a5c-candidate_extract"", ""58af72d8b75eac655a5c-candidate_final""]",False,False,True,False,False,False,False,True,True,True,True,True,True,True,True,False,False,True,False,False,False,False,False,False
gemini_flash,test,CT40,stopping_declining,3,CR,"[""58af72d8b75eac655a5c-candidate_extract"", ""58af72d8b75eac655a5c-candidate_final""]",False,False,True,False,False,False,False,True,True,True,True,True,True,True,True,False,False,True,False,False,False,False,False,False
gemini_flash,test,CT40,stopping_declining,3,SR1,"[""58af72d8b75eac655a5c-g_draft"", ""58af72d8b75eac655a5c-sr_feedback"", ""58af72d8b75eac655a5c-sr_refine""]",False,False,True,False,False,False,False,True,True,True,True,True,True,True,True,False,False,True,False,False,False,False,False,False
gemini_flash,test,CT41,multiple_facts_partial_scope,1,D,"[""292d3a8ac51c5900af2c-g_draft""]",True,True,True,False,False,False,False,True,True,True,True,True,True,True,True,True,True,False,False,False,False,False,False,False
gemini_flash,test,CT41,multiple_facts_partial_scope,1,G,"[""292d3a8ac51c5900af2c-g_draft"", ""292d3a8ac51c5900af2c-g_final""]",True,True,True,False,False,False,False,True,True,True,True,True,True,True,True,True,True,False,False,False,False,False,False,False
gemini_flash,test,CT41,multiple_facts_partial_scope,1,B,"[""292d3a8ac51c5900af2c-candidate_extract"", ""292d3a8ac51c5900af2c-candidate_final""]",True,True,True,False,False,False,False,True,True,True,True,True,True,True,True,True,True,False,False,False,False,False,False,False
gemini_flash,test,CT41,multiple_facts_partial_scope,1,C,"[""292d3a8ac51c5900af2c-candidate_extract"", ""292d3a8ac51c5900af2c-candidate_final""]",True,True,True,False,False,False,False,True,True,True,True,True,True,True,True,True,True,False,False,False,False,False,False,False
gemini_flash,test,CT41,multiple_facts_partial_scope,1,R,"[""292d3a8ac51c5900af2c-candidate_extract"", ""292d3a8ac51c5900af2c-candidate_final""]",True,True,True,False,False,False,False,True,True,True,True,True,True,True,True,True,True,False,False,False,False,False,True,False
gemini_flash,test,CT41,multiple_facts_partial_scope,1,CR,"[""292d3a8ac51c5900af2c-candidate_extract"", ""292d3a8ac51c5900af2c-candidate_final""]",True,True,True,False,False,False,False,True,True,True,True,True,True,True,True,True,True,False,False,False,False,False,True,False
gemini_flash,test,CT41,multiple_facts_partial_scope,1,SR1,"[""292d3a8ac51c5900af2c-g_draft"", ""292d3a8ac51c5900af2c-sr_feedback"", ""292d3a8ac51c5900af2c-sr_refine""]",True,True,True,False,False,False,False,True,True,True,True,True,True,True,True,True,True,False,False,False,False,False,False,False
gemini_flash,test,CT41,multiple_facts_partial_scope,2,D,"[""59b5e4e411f0f5d86981-g_draft""]",True,True,True,False,False,False,False,True,True,True,True,True,True,True,True,True,True,False,False,False,False,False,False,False
gemini_flash,test,CT41,multiple_facts_partial_scope,2,G,"[""59b5e4e411f0f5d86981-g_draft"", ""59b5e4e411f0f5d86981-g_final""]",True,True,True,False,False,False,False,True,True,True,True,True,True,True,True,True,True,False,False,False,False,False,False,False
gemini_flash,test,CT41,multiple_facts_partial_scope,2,B,"[""59b5e4e411f0f5d86981-candidate_extract"", ""59b5e4e411f0f5d86981-candidate_final""]",True,True,True,False,False,False,False,True,True,True,True,True,True,True,True,True,True,False,False,False,False,False,False,False
gemini_flash,test,CT41,multiple_facts_partial_scope,2,C,"[""59b5e4e411f0f5d86981-candidate_extract"", ""59b5e4e411f0f5d86981-candidate_final""]",True,True,True,False,False,False,False,True,True,True,True,True,True,True,True,True,True,False,False,False,False,False,False,False
gemini_flash,test,CT41,multiple_facts_partial_scope,2,R,"[""59b5e4e411f0f5d86981-candidate_extract"", ""59b5e4e411f0f5d86981-candidate_final""]",True,True,True,False,False,False,False,True,True,True,True,True,True,True,True,True,True,False,False,False,False,False,True,False
gemini_flash,test,CT41,multiple_facts_partial_scope,2,CR,"[""59b5e4e411f0f5d86981-candidate_extract"", ""59b5e4e411f0f5d86981-candidate_final""]",True,True,True,False,False,False,False,True,True,True,True,True,True,True,True,True,True,False,False,False,False,False,True,False
gemini_flash,test,CT41,multiple_facts_partial_scope,2,SR1,"[""59b5e4e411f0f5d86981-g_draft"", ""59b5e4e411f0f5d86981-sr_feedback"", ""59b5e4e411f0f5d86981-sr_refine""]",True,True,True,False,True,False,False,True,True,True,True,True,True,True,True,True,True,False,False,False,False,False,False,False
gemini_flash,test,CT41,multiple_facts_partial_scope,3,D,"[""fdcc5558654ce532ade3-g_draft""]",True,True,True,False,False,False,False,True,True,True,True,True,True,True,True,True,True,False,False,False,False,False,False,False
gemini_flash,test,CT41,multiple_facts_partial_scope,3,G,"[""fdcc5558654ce532ade3-g_draft"", ""fdcc5558654ce532ade3-g_final""]",True,True,True,False,False,False,False,True,True,True,True,True,True,True,True,True,True,False,False,False,False,False,False,False
gemini_flash,test,CT41,multiple_facts_partial_scope,3,B,"[""fdcc5558654ce532ade3-candidate_extract"", ""fdcc5558654ce532ade3-candidate_final""]",True,True,True,False,False,False,False,True,True,True,True,True,True,True,True,True,True,False,False,False,False,False,False,False
gemini_flash,test,CT41,multiple_facts_partial_scope,3,C,"[""fdcc5558654ce532ade3-candidate_extract"", ""fdcc5558654ce532ade3-candidate_final""]",True,True,True,False,False,False,False,True,True,True,True,True,True,True,True,True,True,False,False,False,False,False,False,False
gemini_flash,test,CT41,multiple_facts_partial_scope,3,R,"[""fdcc5558654ce532ade3-candidate_extract"", ""fdcc5558654ce532ade3-candidate_final""]",True,True,True,False,False,False,False,True,True,True,True,True,True,True,True,True,True,False,False,False,False,False,True,False
gemini_flash,test,CT41,multiple_facts_partial_scope,3,CR,"[""fdcc5558654ce532ade3-candidate_extract"", ""fdcc5558654ce532ade3-candidate_final""]",True,True,True,False,False,False,False,True,True,True,True,True,True,True,True,True,True,False,False,False,False,False,True,False
gemini_flash,test,CT41,multiple_facts_partial_scope,3,SR1,"[""fdcc5558654ce532ade3-g_draft"", ""fdcc5558654ce532ade3-sr_feedback"", ""fdcc5558654ce532ade3-sr_refine""]",True,True,True,False,False,False,False,True,True,True,True,True,True,True,True,True,True,False,False,False,False,False,False,False
gemini_flash,test,CT42,multiple_facts_partial_scope,1,D,"[""1e6c40d2cfcf0e3de50b-g_draft""]",True,True,True,False,False,False,False,True,True,True,True,True,True,True,True,True,True,False,False,False,False,False,False,False
gemini_flash,test,CT42,multiple_facts_partial_scope,1,G,"[""1e6c40d2cfcf0e3de50b-g_draft"", ""1e6c40d2cfcf0e3de50b-g_final""]",True,True,True,False,False,False,False,True,True,True,True,True,True,True,True,True,True,False,False,False,False,False,False,False
gemini_flash,test,CT42,multiple_facts_partial_scope,1,B,"[""1e6c40d2cfcf0e3de50b-candidate_extract"", ""1e6c40d2cfcf0e3de50b-candidate_final""]",True,True,True,False,False,False,False,True,True,True,True,True,True,True,True,True,True,False,False,False,False,False,False,False
gemini_flash,test,CT42,multiple_facts_partial_scope,1,C,"[""1e6c40d2cfcf0e3de50b-candidate_extract"", ""1e6c40d2cfcf0e3de50b-candidate_final""]",True,True,True,False,False,False,False,True,True,True,True,True,True,True,True,True,True,False,False,False,False,False,False,False
gemini_flash,test,CT42,multiple_facts_partial_scope,1,R,"[""1e6c40d2cfcf0e3de50b-candidate_extract"", ""1e6c40d2cfcf0e3de50b-candidate_final""]",True,True,True,False,False,False,False,True,True,True,True,True,True,True,True,True,True,False,False,False,False,False,True,False
gemini_flash,test,CT42,multiple_facts_partial_scope,1,CR,"[""1e6c40d2cfcf0e3de50b-candidate_extract"", ""1e6c40d2cfcf0e3de50b-candidate_final""]",True,True,True,False,False,False,False,True,True,True,True,True,True,True,True,True,True,False,False,False,False,False,True,False
gemini_flash,test,CT42,multiple_facts_partial_scope,1,SR1,"[""1e6c40d2cfcf0e3de50b-g_draft"", ""1e6c40d2cfcf0e3de50b-sr_feedback"", ""1e6c40d2cfcf0e3de50b-sr_refine""]",True,True,True,False,False,False,False,True,True,True,True,True,True,True,True,True,True,False,False,False,False,False,False,False
gemini_flash,test,CT42,multiple_facts_partial_scope,2,D,"[""945ba92e4f4a44c0a391-g_draft""]",True,True,True,False,False,False,False,True,True,True,True,True,True,True,True,True,True,False,False,False,False,False,False,False
gemini_flash,test,CT42,multiple_facts_partial_scope,2,G,"[""945ba92e4f4a44c0a391-g_draft"", ""945ba92e4f4a44c0a391-g_final""]",True,True,True,False,False,False,False,True,True,True,True,True,True,True,True,True,True,False,False,False,False,False,False,False
gemini_flash,test,CT42,multiple_facts_partial_scope,2,B,"[""945ba92e4f4a44c0a391-candidate_extract"", ""945ba92e4f4a44c0a391-candidate_final""]",True,True,True,False,False,False,False,True,True,True,True,True,True,True,True,True,True,False,False,False,False,False,False,False
gemini_flash,test,CT42,multiple_facts_partial_scope,2,C,"[""945ba92e4f4a44c0a391-candidate_extract"", ""945ba92e4f4a44c0a391-candidate_final""]",True,True,True,False,False,False,False,True,True,True,True,True,True,True,True,True,True,False,False,False,False,False,False,False
gemini_flash,test,CT42,multiple_facts_partial_scope,2,R,"[""945ba92e4f4a44c0a391-candidate_extract"", ""945ba92e4f4a44c0a391-candidate_final""]",True,True,True,False,False,False,False,True,True,True,True,True,True,True,True,True,True,False,False,False,False,False,True,False
gemini_flash,test,CT42,multiple_facts_partial_scope,2,CR,"[""945ba92e4f4a44c0a391-candidate_extract"", ""945ba92e4f4a44c0a391-candidate_final""]",True,True,True,False,False,False,False,True,True,True,True,True,True,True,True,True,True,False,False,False,False,False,True,False
gemini_flash,test,CT42,multiple_facts_partial_scope,2,SR1,"[""945ba92e4f4a44c0a391-g_draft"", ""945ba92e4f4a44c0a391-sr_feedback"", ""945ba92e4f4a44c0a391-sr_refine""]",True,True,True,False,False,False,False,True,True,True,True,True,True,True,True,True,True,False,False,False,False,False,False,False
gemini_flash,test,CT42,multiple_facts_partial_scope,3,D,"[""57b60ec9c951f55dfca3-g_draft""]",True,True,True,False,False,False,False,True,True,True,True,True,True,True,True,True,True,False,False,False,False,False,False,False
gemini_flash,test,CT42,multiple_facts_partial_scope,3,G,"[""57b60ec9c951f55dfca3-g_draft"", ""57b60ec9c951f55dfca3-g_final""]",True,True,True,False,False,False,False,True,True,True,True,True,True,True,True,True,True,False,False,False,False,False,False,False
gemini_flash,test,CT42,multiple_facts_partial_scope,3,B,"[""57b60ec9c951f55dfca3-candidate_extract"", ""57b60ec9c951f55dfca3-candidate_final""]",True,True,True,False,False,False,False,True,False,False,True,True,True,False,False,False,False,False,False,False,False,False,False,False
gemini_flash,test,CT42,multiple_facts_partial_scope,3,C,"[""57b60ec9c951f55dfca3-candidate_extract"", ""57b60ec9c951f55dfca3-candidate_final""]",True,True,True,False,False,False,False,True,True,True,True,True,True,True,True,True,True,False,False,False,False,False,False,False
gemini_flash,test,CT42,multiple_facts_partial_scope,3,R,"[""57b60ec9c951f55dfca3-candidate_extract"", ""57b60ec9c951f55dfca3-candidate_final""]",True,True,True,False,False,False,False,True,False,False,True,True,True,False,False,False,False,False,False,False,False,False,False,False
gemini_flash,test,CT42,multiple_facts_partial_scope,3,CR,"[""57b60ec9c951f55dfca3-candidate_extract"", ""57b60ec9c951f55dfca3-candidate_final""]",True,True,True,False,False,False,False,True,True,True,True,True,True,True,True,True,True,False,False,False,False,False,True,False
gemini_flash,test,CT42,multiple_facts_partial_scope,3,SR1,"[""57b60ec9c951f55dfca3-g_draft"", ""57b60ec9c951f55dfca3-sr_feedback"", ""57b60ec9c951f55dfca3-sr_refine""]",True,True,True,False,False,False,False,True,True,True,True,True,True,True,True,True,True,False,False,False,False,False,False,False
gemini_flash,test,CT43,multiple_facts_partial_scope,1,D,"[""3932060ada1fd1b1dfe3-g_draft""]",True,True,True,False,False,False,False,True,True,True,True,True,True,True,True,True,True,False,False,False,False,False,False,False
gemini_flash,test,CT43,multiple_facts_partial_scope,1,G,"[""3932060ada1fd1b1dfe3-g_draft"", ""3932060ada1fd1b1dfe3-g_final""]",True,True,True,False,False,False,False,True,True,True,True,True,True,True,True,True,True,False,False,False,False,False,False,False
gemini_flash,test,CT43,multiple_facts_partial_scope,1,B,"[""3932060ada1fd1b1dfe3-candidate_extract"", ""3932060ada1fd1b1dfe3-candidate_final""]",True,True,True,False,False,False,False,True,True,True,True,True,True,True,True,True,True,False,False,False,False,False,False,False
gemini_flash,test,CT43,multiple_facts_partial_scope,1,C,"[""3932060ada1fd1b1dfe3-candidate_extract"", ""3932060ada1fd1b1dfe3-candidate_final""]",True,True,True,False,False,False,False,True,True,True,True,True,True,True,True,True,True,False,False,False,False,False,False,False
gemini_flash,test,CT43,multiple_facts_partial_scope,1,R,"[""3932060ada1fd1b1dfe3-candidate_extract"", ""3932060ada1fd1b1dfe3-candidate_final""]",True,True,True,False,False,False,False,True,True,True,True,True,True,True,True,True,True,False,False,False,False,False,True,False
gemini_flash,test,CT43,multiple_facts_partial_scope,1,CR,"[""3932060ada1fd1b1dfe3-candidate_extract"", ""3932060ada1fd1b1dfe3-candidate_final""]",True,True,True,False,False,False,False,True,True,True,True,True,True,True,True,True,True,False,False,False,False,False,True,False
gemini_flash,test,CT43,multiple_facts_partial_scope,1,SR1,"[""3932060ada1fd1b1dfe3-g_draft"", ""3932060ada1fd1b1dfe3-sr_feedback"", ""3932060ada1fd1b1dfe3-sr_refine""]",True,True,True,False,False,False,False,True,True,True,True,True,True,True,True,True,True,False,False,False,False,False,False,False
gemini_flash,test,CT43,multiple_facts_partial_scope,2,D,"[""6d4796caf3c014d652b5-g_draft""]",True,True,True,False,False,False,False,True,True,True,True,True,True,True,True,True,True,False,False,False,False,False,False,False
gemini_flash,test,CT43,multiple_facts_partial_scope,2,G,"[""6d4796caf3c014d652b5-g_draft"", ""6d4796caf3c014d652b5-g_final""]",True,True,True,False,False,False,False,True,True,True,True,True,True,True,True,True,True,False,False,False,False,False,False,False
gemini_flash,test,CT43,multiple_facts_partial_scope,2,B,"[""6d4796caf3c014d652b5-candidate_extract"", ""6d4796caf3c014d652b5-candidate_final""]",True,True,True,False,False,False,False,True,True,True,True,True,True,True,True,True,True,False,False,False,False,False,False,False
gemini_flash,test,CT43,multiple_facts_partial_scope,2,C,"[""6d4796caf3c014d652b5-candidate_extract"", ""6d4796caf3c014d652b5-candidate_final""]",True,True,True,False,False,False,False,True,True,True,True,True,True,True,True,True,True,False,False,False,False,False,False,False
gemini_flash,test,CT43,multiple_facts_partial_scope,2,R,"[""6d4796caf3c014d652b5-candidate_extract"", ""6d4796caf3c014d652b5-candidate_final""]",True,True,True,False,False,False,False,True,True,True,True,True,True,True,True,True,True,False,False,False,False,False,True,False
gemini_flash,test,CT43,multiple_facts_partial_scope,2,CR,"[""6d4796caf3c014d652b5-candidate_extract"", ""6d4796caf3c014d652b5-candidate_final""]",True,True,True,False,False,False,False,True,True,True,True,True,True,True,True,True,True,False,False,False,False,False,True,False
gemini_flash,test,CT43,multiple_facts_partial_scope,2,SR1,"[""6d4796caf3c014d652b5-g_draft"", ""6d4796caf3c014d652b5-sr_feedback"", ""6d4796caf3c014d652b5-sr_refine""]",True,True,True,False,False,False,False,True,True,True,True,True,True,True,True,True,True,False,False,False,False,False,False,False
gemini_flash,test,CT43,multiple_facts_partial_scope,3,D,"[""6d36c825a152cbbdd995-g_draft""]",True,True,False,True,False,False,True,False,False,False,False,False,False,False,False,False,False,False,False,False,False,False,False,False
gemini_flash,test,CT43,multiple_facts_partial_scope,3,G,"[""6d36c825a152cbbdd995-g_draft"", ""6d36c825a152cbbdd995-g_final""]",True,True,True,True,False,False,False,True,True,True,True,True,True,True,True,True,True,False,False,False,False,False,False,False
gemini_flash,test,CT43,multiple_facts_partial_scope,3,B,"[""6d36c825a152cbbdd995-candidate_extract"", ""6d36c825a152cbbdd995-candidate_final""]",True,True,True,False,False,False,False,True,True,True,True,True,True,True,True,True,True,False,False,False,False,False,False,False
gemini_flash,test,CT43,multiple_facts_partial_scope,3,C,"[""6d36c825a152cbbdd995-candidate_extract"", ""6d36c825a152cbbdd995-candidate_final""]",True,True,True,False,False,False,False,True,True,True,True,True,True,True,True,True,True,False,False,False,False,False,False,False
gemini_flash,test,CT43,multiple_facts_partial_scope,3,R,"[""6d36c825a152cbbdd995-candidate_extract"", ""6d36c825a152cbbdd995-candidate_final""]",True,True,True,False,False,False,False,True,True,True,True,True,True,True,True,True,True,False,False,False,False,False,True,False
gemini_flash,test,CT43,multiple_facts_partial_scope,3,CR,"[""6d36c825a152cbbdd995-candidate_extract"", ""6d36c825a152cbbdd995-candidate_final""]",True,True,True,False,False,False,False,True,True,True,True,True,True,True,True,True,True,False,False,False,False,False,True,False
gemini_flash,test,CT43,multiple_facts_partial_scope,3,SR1,"[""6d36c825a152cbbdd995-g_draft"", ""6d36c825a152cbbdd995-sr_feedback"", ""6d36c825a152cbbdd995-sr_refine""]",True,True,True,True,False,False,False,True,True,True,True,True,True,True,True,True,True,False,False,False,False,False,False,False
gemini_flash,test,CT44,multiple_facts_partial_scope,1,D,"[""1305c2dd0d3151142691-g_draft""]",True,False,True,False,False,False,False,True,True,True,True,True,True,True,True,True,False,False,False,False,False,False,False,False
gemini_flash,test,CT44,multiple_facts_partial_scope,1,G,"[""1305c2dd0d3151142691-g_draft"", ""1305c2dd0d3151142691-g_final""]",True,False,True,False,False,False,False,True,True,True,True,True,True,True,True,True,False,False,False,False,False,False,False,False
gemini_flash,test,CT44,multiple_facts_partial_scope,1,B,"[""1305c2dd0d3151142691-candidate_extract"", ""1305c2dd0d3151142691-candidate_final""]",True,False,True,False,False,False,False,True,True,True,True,True,True,True,True,True,False,False,False,False,False,False,False,False
gemini_flash,test,CT44,multiple_facts_partial_scope,1,C,"[""1305c2dd0d3151142691-candidate_extract"", ""1305c2dd0d3151142691-candidate_final""]",True,False,True,False,False,False,False,True,True,True,True,True,True,True,True,True,False,False,False,False,False,False,False,False
gemini_flash,test,CT44,multiple_facts_partial_scope,1,R,"[""1305c2dd0d3151142691-candidate_extract"", ""1305c2dd0d3151142691-candidate_final""]",True,False,True,False,False,False,False,True,True,True,True,True,True,True,True,True,False,False,False,False,False,False,True,False
gemini_flash,test,CT44,multiple_facts_partial_scope,1,CR,"[""1305c2dd0d3151142691-candidate_extract"", ""1305c2dd0d3151142691-candidate_final""]",True,False,True,False,False,False,False,True,True,True,True,True,True,True,True,True,False,False,False,False,False,False,True,False
gemini_flash,test,CT44,multiple_facts_partial_scope,1,SR1,"[""1305c2dd0d3151142691-g_draft"", ""1305c2dd0d3151142691-sr_feedback"", ""1305c2dd0d3151142691-sr_refine""]",True,False,True,False,False,False,False,True,True,True,True,True,True,True,True,True,False,False,False,False,False,False,False,False
gemini_flash,test,CT44,multiple_facts_partial_scope,2,D,"[""6f2d226ba3e2dac5abc2-g_draft""]",True,False,True,False,False,False,False,True,True,True,True,True,True,True,True,True,False,False,False,False,False,False,False,False
gemini_flash,test,CT44,multiple_facts_partial_scope,2,G,"[""6f2d226ba3e2dac5abc2-g_draft"", ""6f2d226ba3e2dac5abc2-g_final""]",True,False,True,False,False,False,False,True,True,True,True,True,True,True,True,True,False,False,False,False,False,False,False,False
gemini_flash,test,CT44,multiple_facts_partial_scope,2,B,"[""6f2d226ba3e2dac5abc2-candidate_extract"", ""6f2d226ba3e2dac5abc2-candidate_final""]",True,False,True,False,False,False,False,True,True,True,True,True,True,True,True,True,False,False,False,False,False,False,False,False
gemini_flash,test,CT44,multiple_facts_partial_scope,2,C,"[""6f2d226ba3e2dac5abc2-candidate_extract"", ""6f2d226ba3e2dac5abc2-candidate_final""]",True,False,True,False,False,False,False,True,True,True,True,True,True,True,True,True,False,False,False,False,False,False,False,False
gemini_flash,test,CT44,multiple_facts_partial_scope,2,R,"[""6f2d226ba3e2dac5abc2-candidate_extract"", ""6f2d226ba3e2dac5abc2-candidate_final""]",True,False,True,False,False,False,False,True,True,True,True,True,True,True,True,True,False,False,False,False,False,False,True,False
gemini_flash,test,CT44,multiple_facts_partial_scope,2,CR,"[""6f2d226ba3e2dac5abc2-candidate_extract"", ""6f2d226ba3e2dac5abc2-candidate_final""]",True,False,True,False,False,False,False,True,True,True,True,True,True,True,True,True,False,False,False,False,False,False,True,False
gemini_flash,test,CT44,multiple_facts_partial_scope,2,SR1,"[""6f2d226ba3e2dac5abc2-g_draft"", ""6f2d226ba3e2dac5abc2-sr_feedback"", ""6f2d226ba3e2dac5abc2-sr_refine""]",True,False,True,False,True,False,False,True,True,True,True,True,True,True,True,True,False,False,False,False,False,False,False,False
gemini_flash,test,CT44,multiple_facts_partial_scope,3,D,"[""820ada422fb95e3a9bab-g_draft""]",True,False,True,False,False,False,False,True,True,True,True,True,True,True,True,True,False,False,False,False,False,False,False,False
gemini_flash,test,CT44,multiple_facts_partial_scope,3,G,"[""820ada422fb95e3a9bab-g_draft"", ""820ada422fb95e3a9bab-g_final""]",True,False,True,False,False,False,False,True,True,True,True,True,True,True,True,True,False,False,False,False,False,False,False,False
gemini_flash,test,CT44,multiple_facts_partial_scope,3,B,"[""820ada422fb95e3a9bab-candidate_extract"", ""820ada422fb95e3a9bab-candidate_final""]",True,False,True,False,False,False,False,True,True,True,True,True,True,True,True,True,False,False,False,False,False,False,False,False
gemini_flash,test,CT44,multiple_facts_partial_scope,3,C,"[""820ada422fb95e3a9bab-candidate_extract"", ""820ada422fb95e3a9bab-candidate_final""]",True,False,True,False,False,False,False,True,True,True,True,True,True,True,True,True,False,False,False,False,False,False,False,False
gemini_flash,test,CT44,multiple_facts_partial_scope,3,R,"[""820ada422fb95e3a9bab-candidate_extract"", ""820ada422fb95e3a9bab-candidate_final""]",True,False,True,False,False,False,False,True,True,True,True,True,True,True,True,True,False,False,False,False,False,False,True,False
gemini_flash,test,CT44,multiple_facts_partial_scope,3,CR,"[""820ada422fb95e3a9bab-candidate_extract"", ""820ada422fb95e3a9bab-candidate_final""]",True,False,True,False,False,False,False,True,True,True,True,True,True,True,True,True,False,False,False,False,False,False,True,False
gemini_flash,test,CT44,multiple_facts_partial_scope,3,SR1,"[""820ada422fb95e3a9bab-g_draft"", ""820ada422fb95e3a9bab-sr_feedback"", ""820ada422fb95e3a9bab-sr_refine""]",True,False,True,False,False,False,False,True,True,True,True,True,True,True,True,True,False,False,False,False,False,False,False,False
gemini_flash,test,CT45,self_repair_contextual_ellipsis,1,D,"[""97ce1c5215ff62b11a6c-g_draft""]",True,True,True,False,False,False,False,True,True,True,True,True,True,True,True,True,True,False,False,False,False,False,False,False
gemini_flash,test,CT45,self_repair_contextual_ellipsis,1,G,"[""97ce1c5215ff62b11a6c-g_draft"", ""97ce1c5215ff62b11a6c-g_final""]",True,True,True,False,False,False,False,True,True,True,True,True,True,True,True,True,True,False,False,False,False,False,False,False
gemini_flash,test,CT45,self_repair_contextual_ellipsis,1,B,"[""97ce1c5215ff62b11a6c-candidate_extract"", ""97ce1c5215ff62b11a6c-candidate_final""]",True,True,True,False,False,False,False,True,False,False,True,True,True,False,False,False,False,False,False,False,False,False,False,False
gemini_flash,test,CT45,self_repair_contextual_ellipsis,1,C,"[""97ce1c5215ff62b11a6c-candidate_extract"", ""97ce1c5215ff62b11a6c-candidate_final""]",True,True,True,False,False,False,False,True,True,True,True,True,True,True,True,True,True,False,False,False,False,False,False,False
gemini_flash,test,CT45,self_repair_contextual_ellipsis,1,R,"[""97ce1c5215ff62b11a6c-candidate_extract"", ""97ce1c5215ff62b11a6c-candidate_final""]",True,True,True,False,False,False,False,True,False,False,True,True,True,False,False,False,False,False,False,False,False,False,False,False
gemini_flash,test,CT45,self_repair_contextual_ellipsis,1,CR,"[""97ce1c5215ff62b11a6c-candidate_extract"", ""97ce1c5215ff62b11a6c-candidate_final""]",True,True,True,False,False,False,False,True,True,True,True,True,True,True,True,True,True,False,False,False,False,False,True,False
gemini_flash,test,CT45,self_repair_contextual_ellipsis,1,SR1,"[""97ce1c5215ff62b11a6c-g_draft"", ""97ce1c5215ff62b11a6c-sr_feedback"", ""97ce1c5215ff62b11a6c-sr_refine""]",True,True,False,True,False,False,True,False,False,False,False,False,False,False,False,False,False,False,False,False,False,False,False,False
gemini_flash,test,CT45,self_repair_contextual_ellipsis,2,D,"[""2ac6966a20bad6c7a823-g_draft""]",True,True,True,False,False,False,False,True,True,True,True,True,True,True,True,True,True,False,False,False,False,False,False,False
gemini_flash,test,CT45,self_repair_contextual_ellipsis,2,G,"[""2ac6966a20bad6c7a823-g_draft"", ""2ac6966a20bad6c7a823-g_final""]",True,True,True,False,False,False,False,True,True,True,True,True,True,True,True,True,True,False,False,False,False,False,False,False
gemini_flash,test,CT45,self_repair_contextual_ellipsis,2,B,"[""2ac6966a20bad6c7a823-candidate_extract"", ""2ac6966a20bad6c7a823-candidate_final""]",True,True,True,False,False,False,False,True,False,False,True,True,True,False,False,False,False,False,False,False,False,False,False,False
gemini_flash,test,CT45,self_repair_contextual_ellipsis,2,C,"[""2ac6966a20bad6c7a823-candidate_extract"", ""2ac6966a20bad6c7a823-candidate_final""]",True,True,True,False,False,False,False,True,True,True,True,True,True,True,True,True,True,False,False,False,False,False,False,False
gemini_flash,test,CT45,self_repair_contextual_ellipsis,2,R,"[""2ac6966a20bad6c7a823-candidate_extract"", ""2ac6966a20bad6c7a823-candidate_final""]",True,True,True,False,False,False,False,True,False,False,True,True,True,False,False,False,False,False,False,False,False,False,False,False
gemini_flash,test,CT45,self_repair_contextual_ellipsis,2,CR,"[""2ac6966a20bad6c7a823-candidate_extract"", ""2ac6966a20bad6c7a823-candidate_final""]",True,True,True,False,False,False,False,True,True,True,True,True,True,True,True,True,True,False,False,False,False,False,True,False
gemini_flash,test,CT45,self_repair_contextual_ellipsis,2,SR1,"[""2ac6966a20bad6c7a823-g_draft"", ""2ac6966a20bad6c7a823-sr_feedback"", ""2ac6966a20bad6c7a823-sr_refine""]",True,True,True,False,False,False,False,True,True,True,True,True,True,True,True,True,True,False,False,False,False,False,False,False
gemini_flash,test,CT45,self_repair_contextual_ellipsis,3,D,"[""bd600cff386f40b46157-g_draft""]",True,True,True,False,False,False,False,True,True,True,True,True,True,True,True,True,True,False,False,False,False,False,False,False
gemini_flash,test,CT45,self_repair_contextual_ellipsis,3,G,"[""bd600cff386f40b46157-g_draft"", ""bd600cff386f40b46157-g_final""]",True,True,True,False,False,False,False,True,True,True,True,True,True,True,True,True,True,False,False,False,False,False,False,False
gemini_flash,test,CT45,self_repair_contextual_ellipsis,3,B,"[""bd600cff386f40b46157-candidate_extract"", ""bd600cff386f40b46157-candidate_final""]",True,True,True,False,False,False,False,True,False,False,True,True,True,False,False,False,False,False,False,False,False,False,False,False
gemini_flash,test,CT45,self_repair_contextual_ellipsis,3,C,"[""bd600cff386f40b46157-candidate_extract"", ""bd600cff386f40b46157-candidate_final""]",True,True,True,False,False,False,False,True,True,True,True,True,True,True,True,True,True,False,False,False,False,False,False,False
gemini_flash,test,CT45,self_repair_contextual_ellipsis,3,R,"[""bd600cff386f40b46157-candidate_extract"", ""bd600cff386f40b46157-candidate_final""]",True,True,True,False,False,False,False,True,False,False,True,True,True,False,False,False,False,False,False,False,False,False,False,False
gemini_flash,test,CT45,self_repair_contextual_ellipsis,3,CR,"[""bd600cff386f40b46157-candidate_extract"", ""bd600cff386f40b46157-candidate_final""]",True,True,True,False,False,False,False,True,True,True,True,True,True,True,True,True,True,False,False,False,False,False,True,False
gemini_flash,test,CT45,self_repair_contextual_ellipsis,3,SR1,"[""bd600cff386f40b46157-g_draft"", ""bd600cff386f40b46157-sr_feedback"", ""bd600cff386f40b46157-sr_refine""]",True,True,True,False,False,False,False,True,True,True,True,True,True,True,True,True,True,False,False,False,False,False,False,False
gemini_flash,test,CT46,self_repair_contextual_ellipsis,1,D,"[""84a0954baa508594e42f-g_draft""]",True,True,True,False,False,False,False,True,True,True,True,True,True,True,True,True,True,False,False,False,False,False,False,False
gemini_flash,test,CT46,self_repair_contextual_ellipsis,1,G,"[""84a0954baa508594e42f-g_draft"", ""84a0954baa508594e42f-g_final""]",True,True,True,False,False,False,False,True,True,True,True,True,True,True,True,True,True,False,False,False,False,False,False,False
gemini_flash,test,CT46,self_repair_contextual_ellipsis,1,B,"[""84a0954baa508594e42f-candidate_extract"", ""84a0954baa508594e42f-candidate_final""]",True,True,True,False,False,False,False,True,False,False,True,True,True,False,False,False,False,False,False,False,False,False,False,False
gemini_flash,test,CT46,self_repair_contextual_ellipsis,1,C,"[""84a0954baa508594e42f-candidate_extract"", ""84a0954baa508594e42f-candidate_final""]",True,True,True,False,False,False,False,True,True,True,True,True,True,True,True,True,True,False,False,False,False,False,False,False
gemini_flash,test,CT46,self_repair_contextual_ellipsis,1,R,"[""84a0954baa508594e42f-candidate_extract"", ""84a0954baa508594e42f-candidate_final""]",True,True,True,False,False,False,False,True,False,False,True,True,True,False,False,False,False,False,False,False,False,False,False,False
gemini_flash,test,CT46,self_repair_contextual_ellipsis,1,CR,"[""84a0954baa508594e42f-candidate_extract"", ""84a0954baa508594e42f-candidate_final""]",True,True,True,False,False,False,False,True,True,True,True,True,True,True,True,True,True,False,False,False,False,False,True,False
gemini_flash,test,CT46,self_repair_contextual_ellipsis,1,SR1,"[""84a0954baa508594e42f-g_draft"", ""84a0954baa508594e42f-sr_feedback"", ""84a0954baa508594e42f-sr_refine""]",True,True,True,False,False,False,False,True,True,True,True,True,True,True,True,True,True,False,False,False,False,False,False,False
gemini_flash,test,CT46,self_repair_contextual_ellipsis,2,D,"[""99db8d21a024ad4bf429-g_draft""]",True,True,True,False,False,False,False,True,True,True,True,True,True,True,True,True,True,False,False,False,False,False,False,False
gemini_flash,test,CT46,self_repair_contextual_ellipsis,2,G,"[""99db8d21a024ad4bf429-g_draft"", ""99db8d21a024ad4bf429-g_final""]",True,True,True,False,False,False,False,True,True,True,True,True,True,True,True,True,True,False,False,False,False,False,False,False
gemini_flash,test,CT46,self_repair_contextual_ellipsis,2,B,"[""99db8d21a024ad4bf429-candidate_extract"", ""99db8d21a024ad4bf429-candidate_final""]",True,True,True,False,False,False,False,True,False,False,True,True,True,False,False,False,False,False,False,False,False,False,False,False
gemini_flash,test,CT46,self_repair_contextual_ellipsis,2,C,"[""99db8d21a024ad4bf429-candidate_extract"", ""99db8d21a024ad4bf429-candidate_final""]",True,True,True,False,False,False,False,True,True,True,True,True,True,True,True,True,True,False,False,False,False,False,False,False
gemini_flash,test,CT46,self_repair_contextual_ellipsis,2,R,"[""99db8d21a024ad4bf429-candidate_extract"", ""99db8d21a024ad4bf429-candidate_final""]",True,True,True,False,False,False,False,True,False,False,True,True,True,False,False,False,False,False,False,False,False,False,False,False
gemini_flash,test,CT46,self_repair_contextual_ellipsis,2,CR,"[""99db8d21a024ad4bf429-candidate_extract"", ""99db8d21a024ad4bf429-candidate_final""]",True,True,True,False,False,False,False,True,True,True,True,True,True,True,True,True,True,False,False,False,False,False,True,False
gemini_flash,test,CT46,self_repair_contextual_ellipsis,2,SR1,"[""99db8d21a024ad4bf429-g_draft"", ""99db8d21a024ad4bf429-sr_feedback"", ""99db8d21a024ad4bf429-sr_refine""]",True,True,True,False,False,False,False,True,True,True,True,True,True,True,True,True,True,False,False,False,False,False,False,False
gemini_flash,test,CT46,self_repair_contextual_ellipsis,3,D,"[""3aea63f0197ffb9716f0-g_draft""]",True,True,True,False,False,False,False,True,True,True,True,True,True,True,True,True,True,False,False,False,False,False,False,False
gemini_flash,test,CT46,self_repair_contextual_ellipsis,3,G,"[""3aea63f0197ffb9716f0-g_draft"", ""3aea63f0197ffb9716f0-g_final""]",True,True,True,False,False,False,False,True,True,True,True,True,True,True,True,True,True,False,False,False,False,False,False,False
gemini_flash,test,CT46,self_repair_contextual_ellipsis,3,B,"[""3aea63f0197ffb9716f0-candidate_extract"", ""3aea63f0197ffb9716f0-candidate_final""]",True,True,True,False,False,False,False,True,False,False,True,True,True,False,False,False,False,False,False,False,False,False,False,False
gemini_flash,test,CT46,self_repair_contextual_ellipsis,3,C,"[""3aea63f0197ffb9716f0-candidate_extract"", ""3aea63f0197ffb9716f0-candidate_final""]",True,True,True,False,False,False,False,True,True,True,True,True,True,True,True,True,True,False,False,False,False,False,False,False
gemini_flash,test,CT46,self_repair_contextual_ellipsis,3,R,"[""3aea63f0197ffb9716f0-candidate_extract"", ""3aea63f0197ffb9716f0-candidate_final""]",True,True,True,False,False,False,False,True,False,False,True,True,True,False,False,False,False,False,False,False,False,False,False,False
gemini_flash,test,CT46,self_repair_contextual_ellipsis,3,CR,"[""3aea63f0197ffb9716f0-candidate_extract"", ""3aea63f0197ffb9716f0-candidate_final""]",True,True,True,False,False,False,False,True,True,True,True,True,True,True,True,True,True,False,False,False,False,False,True,False
gemini_flash,test,CT46,self_repair_contextual_ellipsis,3,SR1,"[""3aea63f0197ffb9716f0-g_draft"", ""3aea63f0197ffb9716f0-sr_feedback"", ""3aea63f0197ffb9716f0-sr_refine""]",True,True,True,False,False,False,False,True,True,True,True,True,True,True,True,True,True,False,False,False,False,False,False,False
gemini_flash,test,CT47,self_repair_contextual_ellipsis,1,D,"[""f4b193424f4dc33b734c-g_draft""]",True,True,True,False,False,False,False,True,True,True,True,True,True,True,True,True,True,False,False,False,False,False,False,False
gemini_flash,test,CT47,self_repair_contextual_ellipsis,1,G,"[""f4b193424f4dc33b734c-g_draft"", ""f4b193424f4dc33b734c-g_final""]",True,True,True,False,False,False,False,True,True,True,True,True,True,True,True,True,True,False,False,False,False,False,False,False
gemini_flash,test,CT47,self_repair_contextual_ellipsis,1,B,"[""f4b193424f4dc33b734c-candidate_extract"", ""f4b193424f4dc33b734c-candidate_final""]",True,True,True,False,False,False,False,True,True,True,True,True,True,True,True,True,True,False,False,False,False,False,False,False
gemini_flash,test,CT47,self_repair_contextual_ellipsis,1,C,"[""f4b193424f4dc33b734c-candidate_extract"", ""f4b193424f4dc33b734c-candidate_final""]",True,True,True,False,False,False,False,True,True,True,True,True,True,True,True,True,True,False,False,False,False,False,False,False
gemini_flash,test,CT47,self_repair_contextual_ellipsis,1,R,"[""f4b193424f4dc33b734c-candidate_extract"", ""f4b193424f4dc33b734c-candidate_final""]",True,True,True,False,False,False,False,True,True,True,True,True,True,True,True,True,True,False,False,False,False,False,True,False
gemini_flash,test,CT47,self_repair_contextual_ellipsis,1,CR,"[""f4b193424f4dc33b734c-candidate_extract"", ""f4b193424f4dc33b734c-candidate_final""]",True,True,True,False,False,False,False,True,True,True,True,True,True,True,True,True,True,False,False,False,False,False,True,False
gemini_flash,test,CT47,self_repair_contextual_ellipsis,1,SR1,"[""f4b193424f4dc33b734c-g_draft"", ""f4b193424f4dc33b734c-sr_feedback"", ""f4b193424f4dc33b734c-sr_refine""]",True,True,True,False,False,False,False,True,True,True,True,True,True,True,True,True,True,False,False,False,False,False,False,False
gemini_flash,test,CT47,self_repair_contextual_ellipsis,2,D,"[""613c3d0eabc9d625f264-g_draft""]",True,True,True,False,False,False,False,True,True,True,True,True,True,True,True,True,True,False,False,False,False,False,False,False
gemini_flash,test,CT47,self_repair_contextual_ellipsis,2,G,"[""613c3d0eabc9d625f264-g_draft"", ""613c3d0eabc9d625f264-g_final""]",True,True,True,False,False,False,False,True,True,True,True,True,True,True,True,True,True,False,False,False,False,False,False,False
gemini_flash,test,CT47,self_repair_contextual_ellipsis,2,B,"[""613c3d0eabc9d625f264-candidate_extract"", ""613c3d0eabc9d625f264-candidate_final""]",True,True,True,False,False,False,False,True,True,True,True,True,True,True,True,True,True,False,False,False,False,False,False,False
gemini_flash,test,CT47,self_repair_contextual_ellipsis,2,C,"[""613c3d0eabc9d625f264-candidate_extract"", ""613c3d0eabc9d625f264-candidate_final""]",True,True,True,False,False,False,False,True,True,True,True,True,True,True,True,True,True,False,False,False,False,False,False,False
gemini_flash,test,CT47,self_repair_contextual_ellipsis,2,R,"[""613c3d0eabc9d625f264-candidate_extract"", ""613c3d0eabc9d625f264-candidate_final""]",True,True,True,False,False,False,False,True,True,True,True,True,True,True,True,True,True,False,False,False,False,False,True,False
gemini_flash,test,CT47,self_repair_contextual_ellipsis,2,CR,"[""613c3d0eabc9d625f264-candidate_extract"", ""613c3d0eabc9d625f264-candidate_final""]",True,True,True,False,False,False,False,True,True,True,True,True,True,True,True,True,True,False,False,False,False,False,True,False
gemini_flash,test,CT47,self_repair_contextual_ellipsis,2,SR1,"[""613c3d0eabc9d625f264-g_draft"", ""613c3d0eabc9d625f264-sr_feedback"", ""613c3d0eabc9d625f264-sr_refine""]",True,True,True,False,False,False,False,True,True,True,True,True,True,True,True,True,True,False,False,False,False,False,False,False
gemini_flash,test,CT47,self_repair_contextual_ellipsis,3,D,"[""d65ffc61b2f21efc26d3-g_draft""]",True,True,True,False,False,False,False,True,True,True,True,True,True,True,True,True,True,False,False,False,False,False,False,False
gemini_flash,test,CT47,self_repair_contextual_ellipsis,3,G,"[""d65ffc61b2f21efc26d3-g_draft"", ""d65ffc61b2f21efc26d3-g_final""]",True,True,True,False,False,False,False,True,True,True,True,True,True,True,True,True,True,False,False,False,False,False,False,False
gemini_flash,test,CT47,self_repair_contextual_ellipsis,3,B,"[""d65ffc61b2f21efc26d3-candidate_extract"", ""d65ffc61b2f21efc26d3-candidate_final""]",True,True,True,False,False,False,False,True,True,True,True,True,True,True,True,True,True,False,False,False,False,False,False,False
gemini_flash,test,CT47,self_repair_contextual_ellipsis,3,C,"[""d65ffc61b2f21efc26d3-candidate_extract"", ""d65ffc61b2f21efc26d3-candidate_final""]",True,True,True,False,False,False,False,True,True,True,True,True,True,True,True,True,True,False,False,False,False,False,False,False
gemini_flash,test,CT47,self_repair_contextual_ellipsis,3,R,"[""d65ffc61b2f21efc26d3-candidate_extract"", ""d65ffc61b2f21efc26d3-candidate_final""]",True,True,True,False,False,False,False,True,True,True,True,True,True,True,True,True,True,False,False,False,False,False,True,False
gemini_flash,test,CT47,self_repair_contextual_ellipsis,3,CR,"[""d65ffc61b2f21efc26d3-candidate_extract"", ""d65ffc61b2f21efc26d3-candidate_final""]",True,True,True,False,False,False,False,True,True,True,True,True,True,True,True,True,True,False,False,False,False,False,True,False
gemini_flash,test,CT47,self_repair_contextual_ellipsis,3,SR1,"[""d65ffc61b2f21efc26d3-g_draft"", ""d65ffc61b2f21efc26d3-sr_feedback"", ""d65ffc61b2f21efc26d3-sr_refine""]",True,True,True,False,False,False,False,True,True,True,True,True,True,True,True,True,True,False,False,False,False,False,False,False
gemini_flash,test,CT48,self_repair_contextual_ellipsis,1,D,"[""b3289444f128166e5033-g_draft""]",True,True,True,False,False,False,False,True,True,True,True,True,True,True,True,True,True,False,False,False,False,False,False,False
gemini_flash,test,CT48,self_repair_contextual_ellipsis,1,G,"[""b3289444f128166e5033-g_draft"", ""b3289444f128166e5033-g_final""]",True,True,True,False,False,False,False,True,True,True,True,True,True,True,True,True,True,False,False,False,False,False,False,False
gemini_flash,test,CT48,self_repair_contextual_ellipsis,1,B,"[""b3289444f128166e5033-candidate_extract"", ""b3289444f128166e5033-candidate_final""]",True,True,True,False,False,False,False,True,False,False,True,True,True,False,False,False,False,False,False,False,False,False,False,False
gemini_flash,test,CT48,self_repair_contextual_ellipsis,1,C,"[""b3289444f128166e5033-candidate_extract"", ""b3289444f128166e5033-candidate_final""]",True,True,True,False,False,False,False,True,True,True,True,True,True,True,True,True,True,False,False,False,False,False,False,False
gemini_flash,test,CT48,self_repair_contextual_ellipsis,1,R,"[""b3289444f128166e5033-candidate_extract"", ""b3289444f128166e5033-candidate_final""]",True,True,True,False,False,False,False,True,False,False,True,True,True,False,False,False,False,False,False,False,False,False,False,False
gemini_flash,test,CT48,self_repair_contextual_ellipsis,1,CR,"[""b3289444f128166e5033-candidate_extract"", ""b3289444f128166e5033-candidate_final""]",True,True,True,False,False,False,False,True,True,True,True,True,True,True,True,True,True,False,False,False,False,False,True,False
gemini_flash,test,CT48,self_repair_contextual_ellipsis,1,SR1,"[""b3289444f128166e5033-g_draft"", ""b3289444f128166e5033-sr_feedback"", ""b3289444f128166e5033-sr_refine""]",True,True,True,False,True,False,False,True,True,True,True,True,True,True,True,True,True,False,False,False,False,False,False,False
gemini_flash,test,CT48,self_repair_contextual_ellipsis,2,D,"[""4662889733bf6a707e77-g_draft""]",True,True,True,False,False,False,False,True,True,True,True,True,True,True,True,True,True,False,False,False,False,False,False,False
gemini_flash,test,CT48,self_repair_contextual_ellipsis,2,G,"[""4662889733bf6a707e77-g_draft"", ""4662889733bf6a707e77-g_final""]",True,True,True,False,False,False,False,True,True,True,True,True,True,True,True,True,True,False,False,False,False,False,False,False
gemini_flash,test,CT48,self_repair_contextual_ellipsis,2,B,"[""4662889733bf6a707e77-candidate_extract"", ""4662889733bf6a707e77-candidate_final""]",True,True,True,False,False,False,False,True,True,True,True,True,True,True,True,True,True,False,False,False,False,False,False,False
gemini_flash,test,CT48,self_repair_contextual_ellipsis,2,C,"[""4662889733bf6a707e77-candidate_extract"", ""4662889733bf6a707e77-candidate_final""]",True,True,True,False,False,False,False,True,True,True,True,True,True,True,True,True,True,False,False,False,False,False,False,False
gemini_flash,test,CT48,self_repair_contextual_ellipsis,2,R,"[""4662889733bf6a707e77-candidate_extract"", ""4662889733bf6a707e77-candidate_final""]",True,True,True,False,False,False,False,True,True,True,True,True,True,True,True,True,True,False,False,False,False,False,True,False
gemini_flash,test,CT48,self_repair_contextual_ellipsis,2,CR,"[""4662889733bf6a707e77-candidate_extract"", ""4662889733bf6a707e77-candidate_final""]",True,True,True,False,False,False,False,True,True,True,True,True,True,True,True,True,True,False,False,False,False,False,True,False
gemini_flash,test,CT48,self_repair_contextual_ellipsis,2,SR1,"[""4662889733bf6a707e77-g_draft"", ""4662889733bf6a707e77-sr_feedback"", ""4662889733bf6a707e77-sr_refine""]",True,True,True,False,False,False,False,True,True,True,True,True,True,True,True,True,True,False,False,False,False,False,False,False
gemini_flash,test,CT48,self_repair_contextual_ellipsis,3,D,"[""2bf9a58098805c2d5668-g_draft""]",True,True,True,False,False,False,False,True,True,True,True,True,True,True,True,True,True,False,False,False,False,False,False,False
gemini_flash,test,CT48,self_repair_contextual_ellipsis,3,G,"[""2bf9a58098805c2d5668-g_draft"", ""2bf9a58098805c2d5668-g_final""]",True,True,True,False,False,False,False,True,True,True,True,True,True,True,True,True,True,False,False,False,False,False,False,False
gemini_flash,test,CT48,self_repair_contextual_ellipsis,3,B,"[""2bf9a58098805c2d5668-candidate_extract"", ""2bf9a58098805c2d5668-candidate_final""]",True,True,True,False,False,False,False,True,False,False,True,True,True,False,False,False,False,False,False,False,False,False,False,False
gemini_flash,test,CT48,self_repair_contextual_ellipsis,3,C,"[""2bf9a58098805c2d5668-candidate_extract"", ""2bf9a58098805c2d5668-candidate_final""]",True,True,True,False,False,False,False,True,True,True,True,True,True,True,True,True,True,False,False,False,False,False,False,False
gemini_flash,test,CT48,self_repair_contextual_ellipsis,3,R,"[""2bf9a58098805c2d5668-candidate_extract"", ""2bf9a58098805c2d5668-candidate_final""]",True,True,True,False,False,False,False,True,False,False,True,True,True,False,False,False,False,False,False,False,False,False,False,False
gemini_flash,test,CT48,self_repair_contextual_ellipsis,3,CR,"[""2bf9a58098805c2d5668-candidate_extract"", ""2bf9a58098805c2d5668-candidate_final""]",True,True,True,False,False,False,False,True,True,True,True,True,True,True,True,True,True,False,False,False,False,False,True,False
gemini_flash,test,CT48,self_repair_contextual_ellipsis,3,SR1,"[""2bf9a58098805c2d5668-g_draft"", ""2bf9a58098805c2d5668-sr_feedback"", ""2bf9a58098805c2d5668-sr_refine""]",True,True,True,False,False,False,False,True,True,True,True,True,True,True,True,True,True,False,False,False,False,False,False,False
llama31_8b,test,CT01,explicit_valid_correction,1,D,"[""cb2ea54ea18c8a5fc508-g_draft""]",True,True,True,False,False,False,False,False,False,False,True,True,True,False,False,False,False,False,False,True,False,False,False,False
llama31_8b,test,CT01,explicit_valid_correction,1,G,"[""cb2ea54ea18c8a5fc508-g_draft"", ""cb2ea54ea18c8a5fc508-g_final""]",True,True,True,False,False,False,False,True,True,False,True,True,True,False,False,False,False,False,False,False,False,False,False,False
llama31_8b,test,CT01,explicit_valid_correction,1,B,"[""cb2ea54ea18c8a5fc508-candidate_extract"", ""cb2ea54ea18c8a5fc508-candidate_final""]",True,True,False,False,True,False,True,False,False,False,False,False,False,False,False,False,False,False,False,False,False,False,False,False
llama31_8b,test,CT01,explicit_valid_correction,1,C,"[""cb2ea54ea18c8a5fc508-candidate_extract"", ""cb2ea54ea18c8a5fc508-candidate_final""]",True,True,False,False,True,False,True,False,False,False,False,False,False,False,False,False,False,False,False,False,False,False,False,False
llama31_8b,test,CT01,explicit_valid_correction,1,R,"[""cb2ea54ea18c8a5fc508-candidate_extract"", ""cb2ea54ea18c8a5fc508-candidate_final""]",True,True,False,False,True,False,True,False,False,False,False,False,False,False,False,False,False,False,False,False,False,False,False,False
llama31_8b,test,CT01,explicit_valid_correction,1,CR,"[""cb2ea54ea18c8a5fc508-candidate_extract"", ""cb2ea54ea18c8a5fc508-candidate_final""]",True,True,False,False,True,False,True,False,False,False,False,False,False,False,False,False,False,False,False,False,False,False,False,False
llama31_8b,test,CT01,explicit_valid_correction,1,SR1,"[""cb2ea54ea18c8a5fc508-g_draft"", ""cb2ea54ea18c8a5fc508-sr_feedback"", ""cb2ea54ea18c8a5fc508-sr_refine""]",True,True,True,False,False,False,False,False,True,False,True,True,True,False,False,False,False,False,False,True,False,False,False,False
llama31_8b,test,CT01,explicit_valid_correction,2,D,"[""895669ee0a94c6720c04-g_draft""]",True,True,True,False,False,False,False,False,False,False,True,True,True,False,False,False,False,False,False,True,False,False,False,False
llama31_8b,test,CT01,explicit_valid_correction,2,G,"[""895669ee0a94c6720c04-g_draft"", ""895669ee0a94c6720c04-g_final""]",True,True,True,False,False,False,False,True,False,False,True,True,True,False,False,False,False,False,False,False,False,False,False,False
llama31_8b,test,CT01,explicit_valid_correction,2,B,"[""895669ee0a94c6720c04-candidate_extract"", ""895669ee0a94c6720c04-candidate_final""]",True,True,False,False,True,False,True,False,False,False,False,False,False,False,False,False,False,False,False,False,False,False,False,False
llama31_8b,test,CT01,explicit_valid_correction,2,C,"[""895669ee0a94c6720c04-candidate_extract"", ""895669ee0a94c6720c04-candidate_final""]",True,True,False,False,True,False,True,False,False,False,False,False,False,False,False,False,False,False,False,False,False,False,False,False
llama31_8b,test,CT01,explicit_valid_correction,2,R,"[""895669ee0a94c6720c04-candidate_extract"", ""895669ee0a94c6720c04-candidate_final""]",True,True,False,False,True,False,True,False,False,False,False,False,False,False,False,False,False,False,False,False,False,False,False,False
llama31_8b,test,CT01,explicit_valid_correction,2,CR,"[""895669ee0a94c6720c04-candidate_extract"", ""895669ee0a94c6720c04-candidate_final""]",True,True,False,False,True,False,True,False,False,False,False,False,False,False,False,False,False,False,False,False,False,False,False,False
llama31_8b,test,CT01,explicit_valid_correction,2,SR1,"[""895669ee0a94c6720c04-g_draft"", ""895669ee0a94c6720c04-sr_feedback"", ""895669ee0a94c6720c04-sr_refine""]",True,True,True,False,False,False,False,False,True,False,True,True,True,False,False,False,False,False,False,True,False,False,False,False
llama31_8b,test,CT01,explicit_valid_correction,3,D,"[""704cab8be4b37a0a3b38-g_draft""]",True,True,True,False,False,False,False,False,False,False,True,True,True,False,False,False,False,False,False,True,False,False,False,False
llama31_8b,test,CT01,explicit_valid_correction,3,G,"[""704cab8be4b37a0a3b38-g_draft"", ""704cab8be4b37a0a3b38-g_final""]",True,True,True,False,False,False,False,True,False,False,True,True,True,False,False,False,False,False,False,False,False,False,False,False
llama31_8b,test,CT01,explicit_valid_correction,3,B,"[""704cab8be4b37a0a3b38-candidate_extract"", ""704cab8be4b37a0a3b38-candidate_final""]",True,True,False,False,True,False,True,False,False,False,False,False,False,False,False,False,False,False,False,False,False,False,False,False
llama31_8b,test,CT01,explicit_valid_correction,3,C,"[""704cab8be4b37a0a3b38-candidate_extract"", ""704cab8be4b37a0a3b38-candidate_final""]",True,True,False,False,True,False,True,False,False,False,False,False,False,False,False,False,False,False,False,False,False,False,False,False
llama31_8b,test,CT01,explicit_valid_correction,3,R,"[""704cab8be4b37a0a3b38-candidate_extract"", ""704cab8be4b37a0a3b38-candidate_final""]",True,True,False,False,True,False,True,False,False,False,False,False,False,False,False,False,False,False,False,False,False,False,False,False
llama31_8b,test,CT01,explicit_valid_correction,3,CR,"[""704cab8be4b37a0a3b38-candidate_extract"", ""704cab8be4b37a0a3b38-candidate_final""]",True,True,False,False,True,False,True,False,False,False,False,False,False,False,False,False,False,False,False,False,False,False,False,False
llama31_8b,test,CT01,explicit_valid_correction,3,SR1,"[""704cab8be4b37a0a3b38-g_draft"", ""704cab8be4b37a0a3b38-sr_feedback"", ""704cab8be4b37a0a3b38-sr_refine""]",True,True,True,False,False,False,False,False,True,False,True,True,True,False,False,False,False,False,False,True,False,False,False,False
llama31_8b,test,CT02,explicit_valid_correction,1,D,"[""0c5174c80d7207524449-g_draft""]",True,True,True,False,False,False,False,False,False,False,True,True,True,False,False,False,False,False,False,True,False,False,False,False
llama31_8b,test,CT02,explicit_valid_correction,1,G,"[""0c5174c80d7207524449-g_draft"", ""0c5174c80d7207524449-g_final""]",True,True,True,False,False,False,False,True,False,False,True,True,True,False,False,False,False,False,False,False,False,False,False,False
llama31_8b,test,CT02,explicit_valid_correction,1,B,"[""0c5174c80d7207524449-candidate_extract"", ""0c5174c80d7207524449-candidate_final""]",True,True,True,False,False,False,False,False,False,False,True,True,True,False,False,False,False,False,False,True,False,False,False,False
llama31_8b,test,CT02,explicit_valid_correction,1,C,"[""0c5174c80d7207524449-candidate_extract"", ""0c5174c80d7207524449-candidate_final""]",True,True,True,False,False,False,False,False,False,False,True,True,True,False,False,False,False,False,False,True,False,False,False,False
llama31_8b,test,CT02,explicit_valid_correction,1,R,"[""0c5174c80d7207524449-candidate_extract"", ""0c5174c80d7207524449-candidate_final""]",True,True,True,False,False,False,False,False,False,False,True,True,True,False,False,False,False,False,False,True,False,False,True,False
llama31_8b,test,CT02,explicit_valid_correction,1,CR,"[""0c5174c80d7207524449-candidate_extract"", ""0c5174c80d7207524449-candidate_final""]",True,True,True,False,False,False,False,False,False,False,True,True,True,False,False,False,False,False,False,True,False,False,True,False
llama31_8b,test,CT02,explicit_valid_correction,1,SR1,"[""0c5174c80d7207524449-g_draft"", ""0c5174c80d7207524449-sr_feedback"", ""0c5174c80d7207524449-sr_refine""]",True,True,True,False,False,False,False,False,False,False,True,True,True,False,False,False,False,False,False,True,False,False,False,False
llama31_8b,test,CT02,explicit_valid_correction,2,D,"[""806fd5394142efd8fb22-g_draft""]",True,True,True,False,False,False,False,False,False,False,True,True,True,False,False,False,False,False,False,True,False,False,False,False
llama31_8b,test,CT02,explicit_valid_correction,2,G,"[""806fd5394142efd8fb22-g_draft"", ""806fd5394142efd8fb22-g_final""]",True,True,True,False,False,False,False,True,False,False,True,True,True,False,False,False,False,False,False,False,False,False,False,False
llama31_8b,test,CT02,explicit_valid_correction,2,B,"[""806fd5394142efd8fb22-candidate_extract"", ""806fd5394142efd8fb22-candidate_final""]",True,True,True,False,False,False,False,False,False,False,True,True,True,False,False,False,False,False,False,True,False,False,False,False
llama31_8b,test,CT02,explicit_valid_correction,2,C,"[""806fd5394142efd8fb22-candidate_extract"", ""806fd5394142efd8fb22-candidate_final""]",True,True,True,False,False,False,False,False,False,False,True,True,True,False,False,False,False,False,False,True,False,False,False,False
llama31_8b,test,CT02,explicit_valid_correction,2,R,"[""806fd5394142efd8fb22-candidate_extract"", ""806fd5394142efd8fb22-candidate_final""]",True,True,True,False,False,False,False,False,False,False,True,True,True,False,False,False,False,False,False,True,False,False,True,False
llama31_8b,test,CT02,explicit_valid_correction,2,CR,"[""806fd5394142efd8fb22-candidate_extract"", ""806fd5394142efd8fb22-candidate_final""]",True,True,True,False,False,False,False,False,False,False,True,True,True,False,False,False,False,False,False,True,False,False,True,False
llama31_8b,test,CT02,explicit_valid_correction,2,SR1,"[""806fd5394142efd8fb22-g_draft"", ""806fd5394142efd8fb22-sr_feedback"", ""806fd5394142efd8fb22-sr_refine""]",True,True,True,False,False,False,False,False,False,False,True,True,True,False,False,False,False,False,False,True,False,False,False,False
llama31_8b,test,CT02,explicit_valid_correction,3,D,"[""22b3b87c0a455aa4459f-g_draft""]",True,True,True,False,False,False,False,False,False,False,True,True,True,False,False,False,False,False,False,True,False,False,False,False
llama31_8b,test,CT02,explicit_valid_correction,3,G,"[""22b3b87c0a455aa4459f-g_draft"", ""22b3b87c0a455aa4459f-g_final""]",True,True,True,False,False,False,False,True,False,False,True,True,True,False,False,False,False,False,False,False,False,False,False,False
llama31_8b,test,CT02,explicit_valid_correction,3,B,"[""22b3b87c0a455aa4459f-candidate_extract"", ""22b3b87c0a455aa4459f-candidate_final""]",True,True,False,False,True,False,True,False,False,False,False,False,False,False,False,False,False,False,False,False,False,False,False,False
llama31_8b,test,CT02,explicit_valid_correction,3,C,"[""22b3b87c0a455aa4459f-candidate_extract"", ""22b3b87c0a455aa4459f-candidate_final""]",True,True,False,False,True,False,True,False,False,False,False,False,False,False,False,False,False,False,False,False,False,False,False,False
llama31_8b,test,CT02,explicit_valid_correction,3,R,"[""22b3b87c0a455aa4459f-candidate_extract"", ""22b3b87c0a455aa4459f-candidate_final""]",True,True,False,False,True,False,True,False,False,False,False,False,False,False,False,False,False,False,False,False,False,False,False,False
llama31_8b,test,CT02,explicit_valid_correction,3,CR,"[""22b3b87c0a455aa4459f-candidate_extract"", ""22b3b87c0a455aa4459f-candidate_final""]",True,True,False,False,True,False,True,False,False,False,False,False,False,False,False,False,False,False,False,False,False,False,False,False
llama31_8b,test,CT02,explicit_valid_correction,3,SR1,"[""22b3b87c0a455aa4459f-g_draft"", ""22b3b87c0a455aa4459f-sr_feedback"", ""22b3b87c0a455aa4459f-sr_refine""]",True,True,True,False,False,False,False,False,False,False,True,True,True,False,False,False,False,False,False,True,False,False,False,False
llama31_8b,test,CT03,explicit_valid_correction,1,D,"[""54c934d8ae8c60e68310-g_draft""]",True,True,True,False,False,False,False,True,False,False,True,True,True,False,False,False,False,False,False,False,False,False,False,False
llama31_8b,test,CT03,explicit_valid_correction,1,G,"[""54c934d8ae8c60e68310-g_draft"", ""54c934d8ae8c60e68310-g_final""]",True,True,True,False,False,False,False,True,False,False,True,True,True,False,False,False,False,False,False,False,False,False,False,False
llama31_8b,test,CT03,explicit_valid_correction,1,B,"[""54c934d8ae8c60e68310-candidate_extract"", ""54c934d8ae8c60e68310-candidate_final""]",True,True,False,False,True,False,True,False,False,False,False,False,False,False,False,False,False,False,False,False,False,False,False,False
llama31_8b,test,CT03,explicit_valid_correction,1,C,"[""54c934d8ae8c60e68310-candidate_extract"", ""54c934d8ae8c60e68310-candidate_final""]",True,True,False,False,True,False,True,False,False,False,False,False,False,False,False,False,False,False,False,False,False,False,False,False
llama31_8b,test,CT03,explicit_valid_correction,1,R,"[""54c934d8ae8c60e68310-candidate_extract"", ""54c934d8ae8c60e68310-candidate_final""]",True,True,False,False,True,False,True,False,False,False,False,False,False,False,False,False,False,False,False,False,False,False,False,False
llama31_8b,test,CT03,explicit_valid_correction,1,CR,"[""54c934d8ae8c60e68310-candidate_extract"", ""54c934d8ae8c60e68310-candidate_final""]",True,True,False,False,True,False,True,False,False,False,False,False,False,False,False,False,False,False,False,False,False,False,False,False
llama31_8b,test,CT03,explicit_valid_correction,1,SR1,"[""54c934d8ae8c60e68310-g_draft"", ""54c934d8ae8c60e68310-sr_feedback"", ""54c934d8ae8c60e68310-sr_refine""]",True,True,True,False,False,False,False,True,True,True,True,True,True,True,True,True,True,False,False,False,False,False,False,False
llama31_8b,test,CT03,explicit_valid_correction,2,D,"[""07aa6d7ca0b024c9ce6d-g_draft""]",True,True,True,False,False,False,False,False,False,False,True,True,True,False,False,False,False,False,False,True,False,False,False,False
llama31_8b,test,CT03,explicit_valid_correction,2,G,"[""07aa6d7ca0b024c9ce6d-g_draft"", ""07aa6d7ca0b024c9ce6d-g_final""]",True,True,True,False,False,False,False,True,False,False,True,True,True,False,False,False,False,False,False,False,False,False,False,False
llama31_8b,test,CT03,explicit_valid_correction,2,B,"[""07aa6d7ca0b024c9ce6d-candidate_extract"", ""07aa6d7ca0b024c9ce6d-candidate_final""]",True,True,False,False,True,False,True,False,False,False,False,False,False,False,False,False,False,False,False,False,False,False,False,False
llama31_8b,test,CT03,explicit_valid_correction,2,C,"[""07aa6d7ca0b024c9ce6d-candidate_extract"", ""07aa6d7ca0b024c9ce6d-candidate_final""]",True,True,False,False,True,False,True,False,False,False,False,False,False,False,False,False,False,False,False,False,False,False,False,False
llama31_8b,test,CT03,explicit_valid_correction,2,R,"[""07aa6d7ca0b024c9ce6d-candidate_extract"", ""07aa6d7ca0b024c9ce6d-candidate_final""]",True,True,False,False,True,False,True,False,False,False,False,False,False,False,False,False,False,False,False,False,False,False,False,False
llama31_8b,test,CT03,explicit_valid_correction,2,CR,"[""07aa6d7ca0b024c9ce6d-candidate_extract"", ""07aa6d7ca0b024c9ce6d-candidate_final""]",True,True,False,False,True,False,True,False,False,False,False,False,False,False,False,False,False,False,False,False,False,False,False,False
llama31_8b,test,CT03,explicit_valid_correction,2,SR1,"[""07aa6d7ca0b024c9ce6d-g_draft"", ""07aa6d7ca0b024c9ce6d-sr_feedback"", ""07aa6d7ca0b024c9ce6d-sr_refine""]",True,True,True,False,False,False,False,False,False,False,True,True,True,False,False,False,False,False,False,True,False,False,False,False
llama31_8b,test,CT03,explicit_valid_correction,3,D,"[""57e38530388158659130-g_draft""]",True,True,True,False,False,False,False,True,False,False,True,True,True,False,False,False,False,False,False,False,False,False,False,False
llama31_8b,test,CT03,explicit_valid_correction,3,G,"[""57e38530388158659130-g_draft"", ""57e38530388158659130-g_final""]",True,True,True,False,False,False,False,True,False,False,True,True,True,False,False,False,False,False,False,False,False,False,False,False
llama31_8b,test,CT03,explicit_valid_correction,3,B,"[""57e38530388158659130-candidate_extract"", ""57e38530388158659130-candidate_final""]",True,True,False,False,True,False,True,False,False,False,False,False,False,False,False,False,False,False,False,False,False,False,False,False
llama31_8b,test,CT03,explicit_valid_correction,3,C,"[""57e38530388158659130-candidate_extract"", ""57e38530388158659130-candidate_final""]",True,True,False,False,True,False,True,False,False,False,False,False,False,False,False,False,False,False,False,False,False,False,False,False
llama31_8b,test,CT03,explicit_valid_correction,3,R,"[""57e38530388158659130-candidate_extract"", ""57e38530388158659130-candidate_final""]",True,True,False,False,True,False,True,False,False,False,False,False,False,False,False,False,False,False,False,False,False,False,False,False
llama31_8b,test,CT03,explicit_valid_correction,3,CR,"[""57e38530388158659130-candidate_extract"", ""57e38530388158659130-candidate_final""]",True,True,False,False,True,False,True,False,False,False,False,False,False,False,False,False,False,False,False,False,False,False,False,False
llama31_8b,test,CT03,explicit_valid_correction,3,SR1,"[""57e38530388158659130-g_draft"", ""57e38530388158659130-sr_feedback"", ""57e38530388158659130-sr_refine""]",True,True,True,False,False,False,False,True,True,False,True,True,True,False,False,False,False,False,False,False,False,False,False,False
llama31_8b,test,CT04,explicit_valid_correction,1,D,"[""2663ae43008caf30a4c7-g_draft""]",True,True,True,False,False,False,False,False,False,False,True,True,True,False,False,False,False,False,False,True,False,False,False,False
llama31_8b,test,CT04,explicit_valid_correction,1,G,"[""2663ae43008caf30a4c7-g_draft"", ""2663ae43008caf30a4c7-g_final""]",True,True,True,False,False,False,False,True,False,False,True,True,False,False,False,False,False,False,False,False,True,True,False,False
llama31_8b,test,CT04,explicit_valid_correction,1,B,"[""2663ae43008caf30a4c7-candidate_extract"", ""2663ae43008caf30a4c7-candidate_final""]",True,True,False,False,True,False,True,False,False,False,False,False,False,False,False,False,False,False,False,False,False,False,False,False
llama31_8b,test,CT04,explicit_valid_correction,1,C,"[""2663ae43008caf30a4c7-candidate_extract"", ""2663ae43008caf30a4c7-candidate_final""]",True,True,False,False,True,False,True,False,False,False,False,False,False,False,False,False,False,False,False,False,False,False,False,False
llama31_8b,test,CT04,explicit_valid_correction,1,R,"[""2663ae43008caf30a4c7-candidate_extract"", ""2663ae43008caf30a4c7-candidate_final""]",True,True,False,False,True,False,True,False,False,False,False,False,False,False,False,False,False,False,False,False,False,False,False,False
llama31_8b,test,CT04,explicit_valid_correction,1,CR,"[""2663ae43008caf30a4c7-candidate_extract"", ""2663ae43008caf30a4c7-candidate_final""]",True,True,False,False,True,False,True,False,False,False,False,False,False,False,False,False,False,False,False,False,False,False,False,False
llama31_8b,test,CT04,explicit_valid_correction,1,SR1,"[""2663ae43008caf30a4c7-g_draft"", ""2663ae43008caf30a4c7-sr_feedback"", ""2663ae43008caf30a4c7-sr_refine""]",True,True,True,False,False,False,False,False,False,False,True,True,False,False,False,False,False,False,False,True,True,True,False,False
llama31_8b,test,CT04,explicit_valid_correction,2,D,"[""5ec4d8565e63073e811e-g_draft""]",True,True,True,False,False,False,False,False,False,False,True,True,True,False,False,False,False,False,False,True,False,False,False,False
llama31_8b,test,CT04,explicit_valid_correction,2,G,"[""5ec4d8565e63073e811e-g_draft"", ""5ec4d8565e63073e811e-g_final""]",True,True,True,False,False,False,False,True,False,False,True,True,True,False,False,False,False,False,False,False,False,False,False,False
llama31_8b,test,CT04,explicit_valid_correction,2,B,"[""5ec4d8565e63073e811e-candidate_extract"", ""5ec4d8565e63073e811e-candidate_final""]",True,True,True,False,False,False,False,False,False,False,True,True,True,False,False,False,False,False,False,True,False,False,False,False
llama31_8b,test,CT04,explicit_valid_correction,2,C,"[""5ec4d8565e63073e811e-candidate_extract"", ""5ec4d8565e63073e811e-candidate_final""]",True,True,True,False,False,False,False,False,False,False,True,True,True,False,False,False,False,False,False,True,False,False,False,False
llama31_8b,test,CT04,explicit_valid_correction,2,R,"[""5ec4d8565e63073e811e-candidate_extract"", ""5ec4d8565e63073e811e-candidate_final""]",True,True,True,False,False,False,False,False,False,False,True,True,True,False,False,False,False,False,False,True,False,False,False,False
llama31_8b,test,CT04,explicit_valid_correction,2,CR,"[""5ec4d8565e63073e811e-candidate_extract"", ""5ec4d8565e63073e811e-candidate_final""]",True,True,True,False,False,False,False,False,False,False,True,True,True,False,False,False,False,False,False,True,False,False,False,False
llama31_8b,test,CT04,explicit_valid_correction,2,SR1,"[""5ec4d8565e63073e811e-g_draft"", ""5ec4d8565e63073e811e-sr_feedback"", ""5ec4d8565e63073e811e-sr_refine""]",True,True,True,False,False,False,False,False,False,False,True,True,False,False,False,False,False,False,False,True,True,True,False,False
llama31_8b,test,CT04,explicit_valid_correction,3,D,"[""c48adb6803a04bc7a315-g_draft""]",True,True,True,False,False,False,False,False,False,False,True,True,True,False,False,False,False,False,False,True,False,False,False,False
llama31_8b,test,CT04,explicit_valid_correction,3,G,"[""c48adb6803a04bc7a315-g_draft"", ""c48adb6803a04bc7a315-g_final""]",True,True,True,False,False,False,False,True,False,False,True,True,False,False,False,False,False,False,False,False,True,True,False,False
llama31_8b,test,CT04,explicit_valid_correction,3,B,"[""c48adb6803a04bc7a315-candidate_extract"", ""c48adb6803a04bc7a315-candidate_final""]",True,True,True,False,False,False,False,False,False,False,True,True,True,False,False,False,False,False,False,True,False,False,False,False
llama31_8b,test,CT04,explicit_valid_correction,3,C,"[""c48adb6803a04bc7a315-candidate_extract"", ""c48adb6803a04bc7a315-candidate_final""]",True,True,True,False,False,False,False,False,False,False,True,True,True,False,False,False,False,False,False,True,False,False,False,False
llama31_8b,test,CT04,explicit_valid_correction,3,R,"[""c48adb6803a04bc7a315-candidate_extract"", ""c48adb6803a04bc7a315-candidate_final""]",True,True,True,False,False,False,False,False,False,False,True,True,True,False,False,False,False,False,False,True,False,False,False,False
llama31_8b,test,CT04,explicit_valid_correction,3,CR,"[""c48adb6803a04bc7a315-candidate_extract"", ""c48adb6803a04bc7a315-candidate_final""]",True,True,True,False,False,False,False,False,False,False,True,True,True,False,False,False,False,False,False,True,False,False,False,False
llama31_8b,test,CT04,explicit_valid_correction,3,SR1,"[""c48adb6803a04bc7a315-g_draft"", ""c48adb6803a04bc7a315-sr_feedback"", ""c48adb6803a04bc7a315-sr_refine""]",True,True,True,False,True,False,False,False,False,False,True,True,True,False,False,False,False,False,False,True,False,False,False,False
llama31_8b,test,CT05,negated_correction,1,D,"[""0f69b302fdce0d849863-g_draft""]",False,False,True,False,False,False,False,True,True,True,True,True,True,True,True,False,False,True,False,False,False,False,False,False
llama31_8b,test,CT05,negated_correction,1,G,"[""0f69b302fdce0d849863-g_draft"", ""0f69b302fdce0d849863-g_final""]",False,False,True,False,False,False,False,True,True,True,True,True,True,True,True,False,False,True,False,False,False,False,False,False
llama31_8b,test,CT05,negated_correction,1,B,"[""0f69b302fdce0d849863-candidate_extract"", ""0f69b302fdce0d849863-candidate_final""]",False,False,True,False,False,False,False,False,True,True,True,True,True,True,True,False,False,True,False,True,False,False,False,False
llama31_8b,test,CT05,negated_correction,1,C,"[""0f69b302fdce0d849863-candidate_extract"", ""0f69b302fdce0d849863-candidate_final""]",False,False,True,False,False,False,False,False,True,True,True,True,True,True,True,False,False,True,False,True,False,False,False,False
llama31_8b,test,CT05,negated_correction,1,R,"[""0f69b302fdce0d849863-candidate_extract"", ""0f69b302fdce0d849863-candidate_final""]",False,False,True,False,False,False,False,False,True,True,True,True,True,True,True,False,False,True,False,True,False,False,False,False
llama31_8b,test,CT05,negated_correction,1,CR,"[""0f69b302fdce0d849863-candidate_extract"", ""0f69b302fdce0d849863-candidate_final""]",False,False,True,False,False,False,False,False,True,True,True,True,True,True,True,False,False,True,False,True,False,False,False,False
llama31_8b,test,CT05,negated_correction,1,SR1,"[""0f69b302fdce0d849863-g_draft"", ""0f69b302fdce0d849863-sr_feedback"", ""0f69b302fdce0d849863-sr_refine""]",False,False,True,False,False,False,False,True,True,True,True,True,True,True,True,False,False,True,False,False,False,False,False,False
llama31_8b,test,CT05,negated_correction,2,D,"[""7bbcec3b6f3e7e61d0ab-g_draft""]",False,False,True,False,False,False,False,True,True,True,True,True,True,True,True,False,False,True,False,False,False,False,False,False
llama31_8b,test,CT05,negated_correction,2,G,"[""7bbcec3b6f3e7e61d0ab-g_draft"", ""7bbcec3b6f3e7e61d0ab-g_final""]",False,False,True,False,False,False,False,True,True,True,True,True,True,True,True,False,False,True,False,False,False,False,False,False
llama31_8b,test,CT05,negated_correction,2,B,"[""7bbcec3b6f3e7e61d0ab-candidate_extract"", ""7bbcec3b6f3e7e61d0ab-candidate_final""]",False,False,True,False,False,False,False,False,True,True,True,True,True,True,True,False,False,True,False,True,False,False,False,False
llama31_8b,test,CT05,negated_correction,2,C,"[""7bbcec3b6f3e7e61d0ab-candidate_extract"", ""7bbcec3b6f3e7e61d0ab-candidate_final""]",False,False,True,False,False,False,False,False,True,True,True,True,True,True,True,False,False,True,False,True,False,False,False,False
llama31_8b,test,CT05,negated_correction,2,R,"[""7bbcec3b6f3e7e61d0ab-candidate_extract"", ""7bbcec3b6f3e7e61d0ab-candidate_final""]",False,False,True,False,False,False,False,False,True,True,True,True,True,True,True,False,False,True,False,True,False,False,False,False
llama31_8b,test,CT05,negated_correction,2,CR,"[""7bbcec3b6f3e7e61d0ab-candidate_extract"", ""7bbcec3b6f3e7e61d0ab-candidate_final""]",False,False,True,False,False,False,False,False,True,True,True,True,True,True,True,False,False,True,False,True,False,False,False,False
llama31_8b,test,CT05,negated_correction,2,SR1,"[""7bbcec3b6f3e7e61d0ab-g_draft"", ""7bbcec3b6f3e7e61d0ab-sr_feedback"", ""7bbcec3b6f3e7e61d0ab-sr_refine""]",False,False,True,False,False,False,False,True,True,True,True,True,True,True,True,False,False,True,False,False,False,False,False,False
llama31_8b,test,CT05,negated_correction,3,D,"[""c002d5b380ff00644b7b-g_draft""]",False,False,True,False,False,False,False,True,True,True,True,True,True,True,True,False,False,True,False,False,False,False,False,False
llama31_8b,test,CT05,negated_correction,3,G,"[""c002d5b380ff00644b7b-g_draft"", ""c002d5b380ff00644b7b-g_final""]",False,False,True,False,False,False,False,True,True,True,True,True,True,True,True,False,False,True,False,False,False,False,False,False
llama31_8b,test,CT05,negated_correction,3,B,"[""c002d5b380ff00644b7b-candidate_extract"", ""c002d5b380ff00644b7b-candidate_final""]",False,False,True,False,False,False,False,False,True,True,True,True,True,True,True,False,False,True,False,True,False,False,False,False
llama31_8b,test,CT05,negated_correction,3,C,"[""c002d5b380ff00644b7b-candidate_extract"", ""c002d5b380ff00644b7b-candidate_final""]",False,False,True,False,False,False,False,False,True,True,True,True,True,True,True,False,False,True,False,True,False,False,False,False
llama31_8b,test,CT05,negated_correction,3,R,"[""c002d5b380ff00644b7b-candidate_extract"", ""c002d5b380ff00644b7b-candidate_final""]",False,False,True,False,False,False,False,False,True,True,True,True,True,True,True,False,False,True,False,True,False,False,False,False
llama31_8b,test,CT05,negated_correction,3,CR,"[""c002d5b380ff00644b7b-candidate_extract"", ""c002d5b380ff00644b7b-candidate_final""]",False,False,True,False,False,False,False,False,True,True,True,True,True,True,True,False,False,True,False,True,False,False,False,False
llama31_8b,test,CT05,negated_correction,3,SR1,"[""c002d5b380ff00644b7b-g_draft"", ""c002d5b380ff00644b7b-sr_feedback"", ""c002d5b380ff00644b7b-sr_refine""]",False,False,True,False,False,False,False,True,True,True,True,True,True,True,True,False,False,True,False,False,False,False,False,False
llama31_8b,test,CT06,negated_correction,1,D,"[""857eb6a974059024eaa9-g_draft""]",False,False,True,False,False,False,False,False,True,True,True,True,True,True,True,False,False,True,False,True,False,False,False,False
llama31_8b,test,CT06,negated_correction,1,G,"[""857eb6a974059024eaa9-g_draft"", ""857eb6a974059024eaa9-g_final""]",False,False,True,False,False,False,False,True,True,True,True,True,True,True,True,False,False,True,False,False,False,False,False,False
llama31_8b,test,CT06,negated_correction,1,B,"[""857eb6a974059024eaa9-candidate_extract"", ""857eb6a974059024eaa9-candidate_final""]",False,False,False,False,True,False,True,False,False,False,False,False,False,False,False,False,False,False,False,False,False,False,False,False
llama31_8b,test,CT06,negated_correction,1,C,"[""857eb6a974059024eaa9-candidate_extract"", ""857eb6a974059024eaa9-candidate_final""]",False,False,False,False,True,False,True,False,False,False,False,False,False,False,False,False,False,False,False,False,False,False,False,False
llama31_8b,test,CT06,negated_correction,1,R,"[""857eb6a974059024eaa9-candidate_extract"", ""857eb6a974059024eaa9-candidate_final""]",False,False,False,False,True,False,True,False,False,False,False,False,False,False,False,False,False,False,False,False,False,False,False,False
llama31_8b,test,CT06,negated_correction,1,CR,"[""857eb6a974059024eaa9-candidate_extract"", ""857eb6a974059024eaa9-candidate_final""]",False,False,False,False,True,False,True,False,False,False,False,False,False,False,False,False,False,False,False,False,False,False,False,False
llama31_8b,test,CT06,negated_correction,1,SR1,"[""857eb6a974059024eaa9-g_draft"", ""857eb6a974059024eaa9-sr_feedback"", ""857eb6a974059024eaa9-sr_refine""]",False,False,True,False,False,False,False,False,True,True,True,True,True,True,True,False,False,True,False,True,False,False,False,False
llama31_8b,test,CT06,negated_correction,2,D,"[""ff436aed9da5b1b9fec3-g_draft""]",False,False,True,False,False,False,False,False,True,True,True,True,True,True,True,False,False,True,False,True,False,False,False,False
llama31_8b,test,CT06,negated_correction,2,G,"[""ff436aed9da5b1b9fec3-g_draft"", ""ff436aed9da5b1b9fec3-g_final""]",False,False,True,False,False,False,False,True,True,True,True,True,True,True,True,False,False,True,False,False,False,False,False,False
llama31_8b,test,CT06,negated_correction,2,B,"[""ff436aed9da5b1b9fec3-candidate_extract"", ""ff436aed9da5b1b9fec3-candidate_final""]",False,False,False,False,True,False,True,False,False,False,False,False,False,False,False,False,False,False,False,False,False,False,False,False
llama31_8b,test,CT06,negated_correction,2,C,"[""ff436aed9da5b1b9fec3-candidate_extract"", ""ff436aed9da5b1b9fec3-candidate_final""]",False,False,False,False,True,False,True,False,False,False,False,False,False,False,False,False,False,False,False,False,False,False,False,False
llama31_8b,test,CT06,negated_correction,2,R,"[""ff436aed9da5b1b9fec3-candidate_extract"", ""ff436aed9da5b1b9fec3-candidate_final""]",False,False,False,False,True,False,True,False,False,False,False,False,False,False,False,False,False,False,False,False,False,False,False,False
llama31_8b,test,CT06,negated_correction,2,CR,"[""ff436aed9da5b1b9fec3-candidate_extract"", ""ff436aed9da5b1b9fec3-candidate_final""]",False,False,False,False,True,False,True,False,False,False,False,False,False,False,False,False,False,False,False,False,False,False,False,False
llama31_8b,test,CT06,negated_correction,2,SR1,"[""ff436aed9da5b1b9fec3-g_draft"", ""ff436aed9da5b1b9fec3-sr_feedback"", ""ff436aed9da5b1b9fec3-sr_refine""]",False,False,True,False,False,False,False,False,True,True,True,True,True,True,True,False,False,True,False,True,False,False,False,False
llama31_8b,test,CT06,negated_correction,3,D,"[""119cf931d9d8930aca88-g_draft""]",False,False,True,False,False,False,False,False,True,True,True,True,True,True,True,False,False,True,False,True,False,False,False,False
llama31_8b,test,CT06,negated_correction,3,G,"[""119cf931d9d8930aca88-g_draft"", ""119cf931d9d8930aca88-g_final""]",False,False,True,False,False,False,False,True,True,True,True,True,True,True,True,False,False,True,False,False,False,False,False,False
llama31_8b,test,CT06,negated_correction,3,B,"[""119cf931d9d8930aca88-candidate_extract"", ""119cf931d9d8930aca88-candidate_final""]",False,False,False,False,True,False,True,False,False,False,False,False,False,False,False,False,False,False,False,False,False,False,False,False
llama31_8b,test,CT06,negated_correction,3,C,"[""119cf931d9d8930aca88-candidate_extract"", ""119cf931d9d8930aca88-candidate_final""]",False,False,False,False,True,False,True,False,False,False,False,False,False,False,False,False,False,False,False,False,False,False,False,False
llama31_8b,test,CT06,negated_correction,3,R,"[""119cf931d9d8930aca88-candidate_extract"", ""119cf931d9d8930aca88-candidate_final""]",False,False,False,False,True,False,True,False,False,False,False,False,False,False,False,False,False,False,False,False,False,False,False,False
llama31_8b,test,CT06,negated_correction,3,CR,"[""119cf931d9d8930aca88-candidate_extract"", ""119cf931d9d8930aca88-candidate_final""]",False,False,False,False,True,False,True,False,False,False,False,False,False,False,False,False,False,False,False,False,False,False,False,False
llama31_8b,test,CT06,negated_correction,3,SR1,"[""119cf931d9d8930aca88-g_draft"", ""119cf931d9d8930aca88-sr_feedback"", ""119cf931d9d8930aca88-sr_refine""]",False,False,True,False,False,False,False,False,True,True,True,True,True,True,True,False,False,True,False,True,False,False,False,False
llama31_8b,test,CT07,negated_correction,1,D,"[""a21dfa4bb30a33b9eb2e-g_draft""]",False,False,True,False,False,False,False,True,True,True,True,True,True,True,True,False,False,True,False,False,False,False,False,False
llama31_8b,test,CT07,negated_correction,1,G,"[""a21dfa4bb30a33b9eb2e-g_draft"", ""a21dfa4bb30a33b9eb2e-g_final""]",False,False,True,False,False,False,False,True,True,True,True,True,True,True,True,False,False,True,False,False,False,False,False,False
llama31_8b,test,CT07,negated_correction,1,B,"[""a21dfa4bb30a33b9eb2e-candidate_extract"", ""a21dfa4bb30a33b9eb2e-candidate_final""]",False,False,True,False,False,False,False,False,True,True,True,True,True,True,True,False,False,True,False,True,False,False,False,False
llama31_8b,test,CT07,negated_correction,1,C,"[""a21dfa4bb30a33b9eb2e-candidate_extract"", ""a21dfa4bb30a33b9eb2e-candidate_final""]",False,False,True,False,False,False,False,False,True,True,True,True,True,True,True,False,False,True,False,True,False,False,False,False
llama31_8b,test,CT07,negated_correction,1,R,"[""a21dfa4bb30a33b9eb2e-candidate_extract"", ""a21dfa4bb30a33b9eb2e-candidate_final""]",False,False,True,False,False,False,False,False,True,True,True,True,True,True,True,False,False,True,False,True,False,False,True,False
llama31_8b,test,CT07,negated_correction,1,CR,"[""a21dfa4bb30a33b9eb2e-candidate_extract"", ""a21dfa4bb30a33b9eb2e-candidate_final""]",False,False,True,False,False,False,False,False,True,True,True,True,True,True,True,False,False,True,False,True,False,False,True,False
llama31_8b,test,CT07,negated_correction,1,SR1,"[""a21dfa4bb30a33b9eb2e-g_draft"", ""a21dfa4bb30a33b9eb2e-sr_feedback"", ""a21dfa4bb30a33b9eb2e-sr_refine""]",False,False,True,False,False,False,False,True,True,True,True,True,True,True,True,False,False,True,False,False,False,False,False,False
llama31_8b,test,CT07,negated_correction,2,D,"[""fd6e7c02de748ace39ad-g_draft""]",False,False,True,False,False,False,False,True,True,True,True,True,True,True,True,False,False,True,False,False,False,False,False,False
llama31_8b,test,CT07,negated_correction,2,G,"[""fd6e7c02de748ace39ad-g_draft"", ""fd6e7c02de748ace39ad-g_final""]",False,False,True,False,False,False,False,False,True,True,True,True,True,True,True,False,False,True,False,True,False,False,False,False
llama31_8b,test,CT07,negated_correction,2,B,"[""fd6e7c02de748ace39ad-candidate_extract"", ""fd6e7c02de748ace39ad-candidate_final""]",False,False,True,False,False,False,False,False,True,True,True,True,True,True,True,False,False,True,False,True,False,False,False,False
llama31_8b,test,CT07,negated_correction,2,C,"[""fd6e7c02de748ace39ad-candidate_extract"", ""fd6e7c02de748ace39ad-candidate_final""]",False,False,True,False,False,False,False,False,True,True,True,True,True,True,True,False,False,True,False,True,False,False,False,False
llama31_8b,test,CT07,negated_correction,2,R,"[""fd6e7c02de748ace39ad-candidate_extract"", ""fd6e7c02de748ace39ad-candidate_final""]",False,False,True,False,False,False,False,False,True,True,True,True,True,True,True,False,False,True,False,True,False,False,True,False
llama31_8b,test,CT07,negated_correction,2,CR,"[""fd6e7c02de748ace39ad-candidate_extract"", ""fd6e7c02de748ace39ad-candidate_final""]",False,False,True,False,False,False,False,False,True,True,True,True,True,True,True,False,False,True,False,True,False,False,True,False
llama31_8b,test,CT07,negated_correction,2,SR1,"[""fd6e7c02de748ace39ad-g_draft"", ""fd6e7c02de748ace39ad-sr_feedback"", ""fd6e7c02de748ace39ad-sr_refine""]",False,False,True,False,False,False,False,True,True,True,True,True,True,True,True,False,False,True,False,False,False,False,False,False
llama31_8b,test,CT07,negated_correction,3,D,"[""c95226615d1b308c37c7-g_draft""]",False,False,True,False,False,False,False,True,True,True,True,True,True,True,True,False,False,True,False,False,False,False,False,False
llama31_8b,test,CT07,negated_correction,3,G,"[""c95226615d1b308c37c7-g_draft"", ""c95226615d1b308c37c7-g_final""]",False,False,True,False,False,False,False,True,True,True,True,True,True,True,True,False,False,True,False,False,False,False,False,False
llama31_8b,test,CT07,negated_correction,3,B,"[""c95226615d1b308c37c7-candidate_extract"", ""c95226615d1b308c37c7-candidate_final""]",False,False,True,False,False,False,False,False,True,True,True,True,True,True,True,False,False,True,False,True,False,False,False,False
llama31_8b,test,CT07,negated_correction,3,C,"[""c95226615d1b308c37c7-candidate_extract"", ""c95226615d1b308c37c7-candidate_final""]",False,False,True,False,False,False,False,False,True,True,True,True,True,True,True,False,False,True,False,True,False,False,False,False
llama31_8b,test,CT07,negated_correction,3,R,"[""c95226615d1b308c37c7-candidate_extract"", ""c95226615d1b308c37c7-candidate_final""]",False,False,True,False,False,False,False,False,True,True,True,True,True,True,True,False,False,True,False,True,False,False,True,False
llama31_8b,test,CT07,negated_correction,3,CR,"[""c95226615d1b308c37c7-candidate_extract"", ""c95226615d1b308c37c7-candidate_final""]",False,False,True,False,False,False,False,False,True,True,True,True,True,True,True,False,False,True,False,True,False,False,True,False
llama31_8b,test,CT07,negated_correction,3,SR1,"[""c95226615d1b308c37c7-g_draft"", ""c95226615d1b308c37c7-sr_feedback"", ""c95226615d1b308c37c7-sr_refine""]",False,False,True,False,False,False,False,True,True,True,True,True,True,True,True,False,False,True,False,False,False,False,False,False
llama31_8b,test,CT08,negated_correction,1,D,"[""f8d67e8812f03f3184fa-g_draft""]",False,False,True,False,False,False,False,True,True,True,True,True,True,True,True,False,False,True,False,False,False,False,False,False
llama31_8b,test,CT08,negated_correction,1,G,"[""f8d67e8812f03f3184fa-g_draft"", ""f8d67e8812f03f3184fa-g_final""]",False,False,True,False,False,False,False,True,True,True,True,True,True,True,True,False,False,True,False,False,False,False,False,False
llama31_8b,test,CT08,negated_correction,1,B,"[""f8d67e8812f03f3184fa-candidate_extract"", ""f8d67e8812f03f3184fa-candidate_final""]",False,False,False,False,True,False,True,False,False,False,False,False,False,False,False,False,False,False,False,False,False,False,False,False
llama31_8b,test,CT08,negated_correction,1,C,"[""f8d67e8812f03f3184fa-candidate_extract"", ""f8d67e8812f03f3184fa-candidate_final""]",False,False,False,False,True,False,True,False,False,False,False,False,False,False,False,False,False,False,False,False,False,False,False,False
llama31_8b,test,CT08,negated_correction,1,R,"[""f8d67e8812f03f3184fa-candidate_extract"", ""f8d67e8812f03f3184fa-candidate_final""]",False,False,False,False,True,False,True,False,False,False,False,False,False,False,False,False,False,False,False,False,False,False,False,False
llama31_8b,test,CT08,negated_correction,1,CR,"[""f8d67e8812f03f3184fa-candidate_extract"", ""f8d67e8812f03f3184fa-candidate_final""]",False,False,False,False,True,False,True,False,False,False,False,False,False,False,False,False,False,False,False,False,False,False,False,False
llama31_8b,test,CT08,negated_correction,1,SR1,"[""f8d67e8812f03f3184fa-g_draft"", ""f8d67e8812f03f3184fa-sr_feedback"", ""f8d67e8812f03f3184fa-sr_refine""]",False,False,True,False,False,False,False,True,True,True,True,True,True,True,True,False,False,True,False,False,False,False,False,False
llama31_8b,test,CT08,negated_correction,2,D,"[""871cabc80fc7d0b63f5d-g_draft""]",False,False,True,False,False,False,False,True,True,True,True,True,True,True,True,False,False,True,False,False,False,False,False,False
llama31_8b,test,CT08,negated_correction,2,G,"[""871cabc80fc7d0b63f5d-g_draft"", ""871cabc80fc7d0b63f5d-g_final""]",False,False,True,False,False,False,False,True,True,True,True,True,True,True,True,False,False,True,False,False,False,False,False,False
llama31_8b,test,CT08,negated_correction,2,B,"[""871cabc80fc7d0b63f5d-candidate_extract"", ""871cabc80fc7d0b63f5d-candidate_final""]",False,False,True,False,False,False,False,False,True,True,True,True,True,True,True,False,False,True,False,True,False,False,False,False
llama31_8b,test,CT08,negated_correction,2,C,"[""871cabc80fc7d0b63f5d-candidate_extract"", ""871cabc80fc7d0b63f5d-candidate_final""]",False,False,True,False,False,False,False,False,True,True,True,True,True,True,True,False,False,True,False,True,False,False,False,False
llama31_8b,test,CT08,negated_correction,2,R,"[""871cabc80fc7d0b63f5d-candidate_extract"", ""871cabc80fc7d0b63f5d-candidate_final""]",False,False,True,False,False,False,False,False,True,True,True,True,True,True,True,False,False,True,False,True,False,False,False,False
llama31_8b,test,CT08,negated_correction,2,CR,"[""871cabc80fc7d0b63f5d-candidate_extract"", ""871cabc80fc7d0b63f5d-candidate_final""]",False,False,True,False,False,False,False,False,True,True,True,True,True,True,True,False,False,True,False,True,False,False,False,False
llama31_8b,test,CT08,negated_correction,2,SR1,"[""871cabc80fc7d0b63f5d-g_draft"", ""871cabc80fc7d0b63f5d-sr_feedback"", ""871cabc80fc7d0b63f5d-sr_refine""]",False,False,True,False,False,False,False,True,True,True,True,True,True,True,True,False,False,True,False,False,False,False,False,False
llama31_8b,test,CT08,negated_correction,3,D,"[""34d8b10e0379c67151c5-g_draft""]",False,False,True,False,False,False,False,False,True,True,True,True,True,True,True,False,False,True,False,True,False,False,False,False
llama31_8b,test,CT08,negated_correction,3,G,"[""34d8b10e0379c67151c5-g_draft"", ""34d8b10e0379c67151c5-g_final""]",False,False,True,False,False,False,False,True,True,True,True,True,True,True,True,False,False,True,False,False,False,False,False,False
llama31_8b,test,CT08,negated_correction,3,B,"[""34d8b10e0379c67151c5-candidate_extract"", ""34d8b10e0379c67151c5-candidate_final""]",False,False,False,False,True,False,True,False,False,False,False,False,False,False,False,False,False,False,False,False,False,False,False,False
llama31_8b,test,CT08,negated_correction,3,C,"[""34d8b10e0379c67151c5-candidate_extract"", ""34d8b10e0379c67151c5-candidate_final""]",False,False,False,False,True,False,True,False,False,False,False,False,False,False,False,False,False,False,False,False,False,False,False,False
llama31_8b,test,CT08,negated_correction,3,R,"[""34d8b10e0379c67151c5-candidate_extract"", ""34d8b10e0379c67151c5-candidate_final""]",False,False,False,False,True,False,True,False,False,False,False,False,False,False,False,False,False,False,False,False,False,False,False,False
llama31_8b,test,CT08,negated_correction,3,CR,"[""34d8b10e0379c67151c5-candidate_extract"", ""34d8b10e0379c67151c5-candidate_final""]",False,False,False,False,True,False,True,False,False,False,False,False,False,False,False,False,False,False,False,False,False,False,False,False
llama31_8b,test,CT08,negated_correction,3,SR1,"[""34d8b10e0379c67151c5-g_draft"", ""34d8b10e0379c67151c5-sr_feedback"", ""34d8b10e0379c67151c5-sr_refine""]",False,False,True,False,False,False,False,True,True,True,True,True,True,True,True,False,False,True,False,False,False,False,False,False
llama31_8b,test,CT09,reported_uncertain_correction,1,D,"[""f585db2c2e45dd341ea8-g_draft""]",False,False,True,False,False,False,False,False,True,True,True,True,True,True,True,False,False,True,False,True,False,False,False,False
llama31_8b,test,CT09,reported_uncertain_correction,1,G,"[""f585db2c2e45dd341ea8-g_draft"", ""f585db2c2e45dd341ea8-g_final""]",False,False,True,False,False,False,False,True,True,True,True,True,True,True,True,False,False,True,False,False,False,False,False,False
llama31_8b,test,CT09,reported_uncertain_correction,1,B,"[""f585db2c2e45dd341ea8-candidate_extract"", ""f585db2c2e45dd341ea8-candidate_final""]",False,False,True,False,False,False,False,False,False,True,False,True,False,True,False,False,False,False,False,True,True,True,False,False
llama31_8b,test,CT09,reported_uncertain_correction,1,C,"[""f585db2c2e45dd341ea8-candidate_extract"", ""f585db2c2e45dd341ea8-candidate_final""]",False,False,True,False,False,False,False,False,False,True,False,True,False,True,False,False,False,False,False,True,True,True,False,False
llama31_8b,test,CT09,reported_uncertain_correction,1,R,"[""f585db2c2e45dd341ea8-candidate_extract"", ""f585db2c2e45dd341ea8-candidate_final""]",False,False,True,False,False,False,False,False,False,True,False,True,False,True,False,False,False,False,False,True,True,True,True,False
llama31_8b,test,CT09,reported_uncertain_correction,1,CR,"[""f585db2c2e45dd341ea8-candidate_extract"", ""f585db2c2e45dd341ea8-candidate_final""]",False,False,True,False,False,False,False,False,False,True,False,True,False,True,False,False,False,False,False,True,True,True,True,False
llama31_8b,test,CT09,reported_uncertain_correction,1,SR1,"[""f585db2c2e45dd341ea8-g_draft"", ""f585db2c2e45dd341ea8-sr_feedback"", ""f585db2c2e45dd341ea8-sr_refine""]",False,False,True,False,False,False,False,False,True,True,True,True,True,True,True,False,False,True,False,True,False,False,False,False
llama31_8b,test,CT09,reported_uncertain_correction,2,D,"[""8c5d0c5ec288fa4806db-g_draft""]",False,False,True,False,False,False,False,False,True,True,True,True,True,True,True,False,False,True,False,True,False,False,False,False
llama31_8b,test,CT09,reported_uncertain_correction,2,G,"[""8c5d0c5ec288fa4806db-g_draft"", ""8c5d0c5ec288fa4806db-g_final""]",False,False,True,False,False,False,False,True,True,True,True,True,True,True,True,False,False,True,False,False,False,False,False,False
llama31_8b,test,CT09,reported_uncertain_correction,2,B,"[""8c5d0c5ec288fa4806db-candidate_extract"", ""8c5d0c5ec288fa4806db-candidate_final""]",False,False,True,False,False,False,False,False,True,True,True,True,True,True,True,False,False,True,False,True,False,False,False,False
llama31_8b,test,CT09,reported_uncertain_correction,2,C,"[""8c5d0c5ec288fa4806db-candidate_extract"", ""8c5d0c5ec288fa4806db-candidate_final""]",False,False,True,False,False,False,False,False,True,True,True,True,True,True,True,False,False,True,False,True,False,False,False,False
llama31_8b,test,CT09,reported_uncertain_correction,2,R,"[""8c5d0c5ec288fa4806db-candidate_extract"", ""8c5d0c5ec288fa4806db-candidate_final""]",False,False,True,False,False,False,False,False,True,True,True,True,True,True,True,False,False,True,False,True,False,False,False,False
llama31_8b,test,CT09,reported_uncertain_correction,2,CR,"[""8c5d0c5ec288fa4806db-candidate_extract"", ""8c5d0c5ec288fa4806db-candidate_final""]",False,False,True,False,False,False,False,False,True,True,True,True,True,True,True,False,False,True,False,True,False,False,False,False
llama31_8b,test,CT09,reported_uncertain_correction,2,SR1,"[""8c5d0c5ec288fa4806db-g_draft"", ""8c5d0c5ec288fa4806db-sr_feedback"", ""8c5d0c5ec288fa4806db-sr_refine""]",False,False,True,False,False,False,False,False,True,True,True,True,True,True,True,False,False,True,False,True,False,False,False,False
llama31_8b,test,CT09,reported_uncertain_correction,3,D,"[""0422c85ba382b6c8a45c-g_draft""]",False,False,True,False,False,False,False,False,True,True,True,True,True,True,True,False,False,True,False,True,False,False,False,False
llama31_8b,test,CT09,reported_uncertain_correction,3,G,"[""0422c85ba382b6c8a45c-g_draft"", ""0422c85ba382b6c8a45c-g_final""]",False,False,True,False,False,False,False,True,True,False,True,True,False,True,False,False,False,False,False,False,True,True,False,False
llama31_8b,test,CT09,reported_uncertain_correction,3,B,"[""0422c85ba382b6c8a45c-candidate_extract"", ""0422c85ba382b6c8a45c-candidate_final""]",False,False,True,False,False,False,False,False,False,True,False,True,False,True,False,False,False,False,False,True,True,True,False,False
llama31_8b,test,CT09,reported_uncertain_correction,3,C,"[""0422c85ba382b6c8a45c-candidate_extract"", ""0422c85ba382b6c8a45c-candidate_final""]",False,False,True,False,False,False,False,False,False,True,False,True,False,True,False,False,False,False,False,True,True,True,False,False
llama31_8b,test,CT09,reported_uncertain_correction,3,R,"[""0422c85ba382b6c8a45c-candidate_extract"", ""0422c85ba382b6c8a45c-candidate_final""]",False,False,True,False,False,False,False,False,False,True,False,True,False,True,False,False,False,False,False,True,True,True,True,False
llama31_8b,test,CT09,reported_uncertain_correction,3,CR,"[""0422c85ba382b6c8a45c-candidate_extract"", ""0422c85ba382b6c8a45c-candidate_final""]",False,False,True,False,False,False,False,False,False,True,False,True,False,True,False,False,False,False,False,True,True,True,True,False
llama31_8b,test,CT09,reported_uncertain_correction,3,SR1,"[""0422c85ba382b6c8a45c-g_draft"", ""0422c85ba382b6c8a45c-sr_feedback"", ""0422c85ba382b6c8a45c-sr_refine""]",False,False,True,False,False,False,False,False,True,True,True,True,True,True,True,False,False,True,False,True,False,False,False,False
llama31_8b,test,CT10,reported_uncertain_correction,1,D,"[""bed2940e6ee8ec4d0ff5-g_draft""]",False,False,True,False,False,False,False,False,True,True,True,True,True,True,True,False,False,True,False,True,False,False,False,False
llama31_8b,test,CT10,reported_uncertain_correction,1,G,"[""bed2940e6ee8ec4d0ff5-g_draft"", ""bed2940e6ee8ec4d0ff5-g_final""]",False,False,True,False,False,False,False,True,True,True,True,True,True,True,True,False,False,True,False,False,False,False,False,False
llama31_8b,test,CT10,reported_uncertain_correction,1,B,"[""bed2940e6ee8ec4d0ff5-candidate_extract"", ""bed2940e6ee8ec4d0ff5-candidate_final""]",False,False,True,False,False,False,False,False,True,True,True,True,True,True,True,False,False,True,False,True,False,False,False,False
llama31_8b,test,CT10,reported_uncertain_correction,1,C,"[""bed2940e6ee8ec4d0ff5-candidate_extract"", ""bed2940e6ee8ec4d0ff5-candidate_final""]",False,False,True,False,False,False,False,False,True,True,True,True,True,True,True,False,False,True,False,True,False,False,False,False
llama31_8b,test,CT10,reported_uncertain_correction,1,R,"[""bed2940e6ee8ec4d0ff5-candidate_extract"", ""bed2940e6ee8ec4d0ff5-candidate_final""]",False,False,True,False,False,False,False,False,True,True,True,True,True,True,True,False,False,True,False,True,False,False,False,False
llama31_8b,test,CT10,reported_uncertain_correction,1,CR,"[""bed2940e6ee8ec4d0ff5-candidate_extract"", ""bed2940e6ee8ec4d0ff5-candidate_final""]",False,False,True,False,False,False,False,False,True,True,True,True,True,True,True,False,False,True,False,True,False,False,False,False
llama31_8b,test,CT10,reported_uncertain_correction,1,SR1,"[""bed2940e6ee8ec4d0ff5-g_draft"", ""bed2940e6ee8ec4d0ff5-sr_feedback"", ""bed2940e6ee8ec4d0ff5-sr_refine""]",False,False,True,False,True,False,False,True,True,True,True,True,True,True,True,False,False,True,False,False,False,False,False,False
llama31_8b,test,CT10,reported_uncertain_correction,2,D,"[""06a7913265a88cadf7e0-g_draft""]",False,False,True,False,False,False,False,False,True,True,True,True,True,True,True,False,False,True,False,True,False,False,False,False
llama31_8b,test,CT10,reported_uncertain_correction,2,G,"[""06a7913265a88cadf7e0-g_draft"", ""06a7913265a88cadf7e0-g_final""]",False,False,True,False,False,False,False,True,True,True,True,True,True,True,True,False,False,True,False,False,False,False,False,False
llama31_8b,test,CT10,reported_uncertain_correction,2,B,"[""06a7913265a88cadf7e0-candidate_extract"", ""06a7913265a88cadf7e0-candidate_final""]",False,False,False,False,True,False,True,False,False,False,False,False,False,False,False,False,False,False,False,False,False,False,False,False
llama31_8b,test,CT10,reported_uncertain_correction,2,C,"[""06a7913265a88cadf7e0-candidate_extract"", ""06a7913265a88cadf7e0-candidate_final""]",False,False,False,False,True,False,True,False,False,False,False,False,False,False,False,False,False,False,False,False,False,False,False,False
llama31_8b,test,CT10,reported_uncertain_correction,2,R,"[""06a7913265a88cadf7e0-candidate_extract"", ""06a7913265a88cadf7e0-candidate_final""]",False,False,False,False,True,False,True,False,False,False,False,False,False,False,False,False,False,False,False,False,False,False,False,False
llama31_8b,test,CT10,reported_uncertain_correction,2,CR,"[""06a7913265a88cadf7e0-candidate_extract"", ""06a7913265a88cadf7e0-candidate_final""]",False,False,False,False,True,False,True,False,False,False,False,False,False,False,False,False,False,False,False,False,False,False,False,False
llama31_8b,test,CT10,reported_uncertain_correction,2,SR1,"[""06a7913265a88cadf7e0-g_draft"", ""06a7913265a88cadf7e0-sr_feedback"", ""06a7913265a88cadf7e0-sr_refine""]",False,False,True,False,True,False,False,True,True,True,True,True,True,True,True,False,False,True,False,False,False,False,False,False
llama31_8b,test,CT10,reported_uncertain_correction,3,D,"[""c19e522ac5ffa7b54c1f-g_draft""]",False,False,True,False,False,False,False,False,True,True,True,True,True,True,True,False,False,True,False,True,False,False,False,False
llama31_8b,test,CT10,reported_uncertain_correction,3,G,"[""c19e522ac5ffa7b54c1f-g_draft"", ""c19e522ac5ffa7b54c1f-g_final""]",False,False,True,False,False,False,False,True,True,True,True,True,True,True,True,False,False,True,False,False,False,False,False,False
llama31_8b,test,CT10,reported_uncertain_correction,3,B,"[""c19e522ac5ffa7b54c1f-candidate_extract"", ""c19e522ac5ffa7b54c1f-candidate_final""]",False,False,True,False,False,False,False,False,True,True,True,True,True,True,True,False,False,True,False,True,False,False,False,False
llama31_8b,test,CT10,reported_uncertain_correction,3,C,"[""c19e522ac5ffa7b54c1f-candidate_extract"", ""c19e522ac5ffa7b54c1f-candidate_final""]",False,False,True,False,False,False,False,False,True,True,True,True,True,True,True,False,False,True,False,True,False,False,False,False
llama31_8b,test,CT10,reported_uncertain_correction,3,R,"[""c19e522ac5ffa7b54c1f-candidate_extract"", ""c19e522ac5ffa7b54c1f-candidate_final""]",False,False,True,False,False,False,False,False,True,True,True,True,True,True,True,False,False,True,False,True,False,False,False,False
llama31_8b,test,CT10,reported_uncertain_correction,3,CR,"[""c19e522ac5ffa7b54c1f-candidate_extract"", ""c19e522ac5ffa7b54c1f-candidate_final""]",False,False,True,False,False,False,False,False,True,True,True,True,True,True,True,False,False,True,False,True,False,False,False,False
llama31_8b,test,CT10,reported_uncertain_correction,3,SR1,"[""c19e522ac5ffa7b54c1f-g_draft"", ""c19e522ac5ffa7b54c1f-sr_feedback"", ""c19e522ac5ffa7b54c1f-sr_refine""]",False,False,True,False,False,False,False,False,True,True,True,True,True,True,True,False,False,True,False,True,False,False,False,False
llama31_8b,test,CT11,reported_uncertain_correction,1,D,"[""fe487e6344f7b027d6a9-g_draft""]",False,False,True,False,False,False,False,True,True,True,True,True,True,True,True,False,False,True,False,False,False,False,False,False
llama31_8b,test,CT11,reported_uncertain_correction,1,G,"[""fe487e6344f7b027d6a9-g_draft"", ""fe487e6344f7b027d6a9-g_final""]",False,False,True,False,False,False,False,True,True,True,True,True,True,True,True,False,False,True,False,False,False,False,False,False
llama31_8b,test,CT11,reported_uncertain_correction,1,B,"[""fe487e6344f7b027d6a9-candidate_extract"", ""fe487e6344f7b027d6a9-candidate_final""]",False,False,False,False,True,False,True,False,False,False,False,False,False,False,False,False,False,False,False,False,False,False,False,False
llama31_8b,test,CT11,reported_uncertain_correction,1,C,"[""fe487e6344f7b027d6a9-candidate_extract"", ""fe487e6344f7b027d6a9-candidate_final""]",False,False,False,False,True,False,True,False,False,False,False,False,False,False,False,False,False,False,False,False,False,False,False,False
llama31_8b,test,CT11,reported_uncertain_correction,1,R,"[""fe487e6344f7b027d6a9-candidate_extract"", ""fe487e6344f7b027d6a9-candidate_final""]",False,False,False,False,True,False,True,False,False,False,False,False,False,False,False,False,False,False,False,False,False,False,False,False
llama31_8b,test,CT11,reported_uncertain_correction,1,CR,"[""fe487e6344f7b027d6a9-candidate_extract"", ""fe487e6344f7b027d6a9-candidate_final""]",False,False,False,False,True,False,True,False,False,False,False,False,False,False,False,False,False,False,False,False,False,False,False,False
llama31_8b,test,CT11,reported_uncertain_correction,1,SR1,"[""fe487e6344f7b027d6a9-g_draft"", ""fe487e6344f7b027d6a9-sr_feedback"", ""fe487e6344f7b027d6a9-sr_refine""]",False,False,True,False,False,False,False,True,True,True,True,True,True,True,True,False,False,True,False,False,False,False,False,False
llama31_8b,test,CT11,reported_uncertain_correction,2,D,"[""4b7f82863e7965a94592-g_draft""]",False,False,True,False,False,False,False,True,True,True,True,True,True,True,True,False,False,True,False,False,False,False,False,False
llama31_8b,test,CT11,reported_uncertain_correction,2,G,"[""4b7f82863e7965a94592-g_draft"", ""4b7f82863e7965a94592-g_final""]",False,False,True,False,False,False,False,True,True,True,True,True,True,True,True,False,False,True,False,False,False,False,False,False
llama31_8b,test,CT11,reported_uncertain_correction,2,B,"[""4b7f82863e7965a94592-candidate_extract"", ""4b7f82863e7965a94592-candidate_final""]",False,False,False,False,True,False,True,False,False,False,False,False,False,False,False,False,False,False,False,False,False,False,False,False
llama31_8b,test,CT11,reported_uncertain_correction,2,C,"[""4b7f82863e7965a94592-candidate_extract"", ""4b7f82863e7965a94592-candidate_final""]",False,False,False,False,True,False,True,False,False,False,False,False,False,False,False,False,False,False,False,False,False,False,False,False
llama31_8b,test,CT11,reported_uncertain_correction,2,R,"[""4b7f82863e7965a94592-candidate_extract"", ""4b7f82863e7965a94592-candidate_final""]",False,False,False,False,True,False,True,False,False,False,False,False,False,False,False,False,False,False,False,False,False,False,False,False
llama31_8b,test,CT11,reported_uncertain_correction,2,CR,"[""4b7f82863e7965a94592-candidate_extract"", ""4b7f82863e7965a94592-candidate_final""]",False,False,False,False,True,False,True,False,False,False,False,False,False,False,False,False,False,False,False,False,False,False,False,False
llama31_8b,test,CT11,reported_uncertain_correction,2,SR1,"[""4b7f82863e7965a94592-g_draft"", ""4b7f82863e7965a94592-sr_feedback"", ""4b7f82863e7965a94592-sr_refine""]",False,False,True,False,True,False,False,True,True,True,True,True,True,True,True,False,False,True,False,False,False,False,False,False
llama31_8b,test,CT11,reported_uncertain_correction,3,D,"[""96e76a54891969842a25-g_draft""]",False,False,True,False,False,False,False,True,True,True,True,True,True,True,True,False,False,True,False,False,False,False,False,False
llama31_8b,test,CT11,reported_uncertain_correction,3,G,"[""96e76a54891969842a25-g_draft"", ""96e76a54891969842a25-g_final""]",False,False,True,False,False,False,False,True,True,True,True,True,True,True,True,False,False,True,False,False,False,False,False,False
llama31_8b,test,CT11,reported_uncertain_correction,3,B,"[""96e76a54891969842a25-candidate_extract"", ""96e76a54891969842a25-candidate_final""]",False,False,False,False,True,False,True,False,False,False,False,False,False,False,False,False,False,False,False,False,False,False,False,False
llama31_8b,test,CT11,reported_uncertain_correction,3,C,"[""96e76a54891969842a25-candidate_extract"", ""96e76a54891969842a25-candidate_final""]",False,False,False,False,True,False,True,False,False,False,False,False,False,False,False,False,False,False,False,False,False,False,False,False
llama31_8b,test,CT11,reported_uncertain_correction,3,R,"[""96e76a54891969842a25-candidate_extract"", ""96e76a54891969842a25-candidate_final""]",False,False,False,False,True,False,True,False,False,False,False,False,False,False,False,False,False,False,False,False,False,False,False,False
llama31_8b,test,CT11,reported_uncertain_correction,3,CR,"[""96e76a54891969842a25-candidate_extract"", ""96e76a54891969842a25-candidate_final""]",False,False,False,False,True,False,True,False,False,False,False,False,False,False,False,False,False,False,False,False,False,False,False,False
llama31_8b,test,CT11,reported_uncertain_correction,3,SR1,"[""96e76a54891969842a25-g_draft"", ""96e76a54891969842a25-sr_feedback"", ""96e76a54891969842a25-sr_refine""]",False,False,True,False,False,False,False,True,True,True,True,True,True,True,True,False,False,True,False,False,False,False,False,False
llama31_8b,test,CT12,reported_uncertain_correction,1,D,"[""5e6a2e9d7f497b81fcc7-g_draft""]",False,False,True,False,False,False,False,True,True,True,True,True,True,True,True,False,False,True,False,False,False,False,False,False
llama31_8b,test,CT12,reported_uncertain_correction,1,G,"[""5e6a2e9d7f497b81fcc7-g_draft"", ""5e6a2e9d7f497b81fcc7-g_final""]",False,False,True,False,False,False,False,True,True,True,True,True,True,True,True,False,False,True,False,False,False,False,False,False
llama31_8b,test,CT12,reported_uncertain_correction,1,B,"[""5e6a2e9d7f497b81fcc7-candidate_extract"", ""5e6a2e9d7f497b81fcc7-candidate_final""]",False,False,True,False,False,False,False,False,True,True,True,True,True,True,True,False,False,True,False,True,False,False,False,False
llama31_8b,test,CT12,reported_uncertain_correction,1,C,"[""5e6a2e9d7f497b81fcc7-candidate_extract"", ""5e6a2e9d7f497b81fcc7-candidate_final""]",False,False,True,False,False,False,False,False,True,True,True,True,True,True,True,False,False,True,False,True,False,False,False,False
llama31_8b,test,CT12,reported_uncertain_correction,1,R,"[""5e6a2e9d7f497b81fcc7-candidate_extract"", ""5e6a2e9d7f497b81fcc7-candidate_final""]",False,False,True,False,False,False,False,False,True,True,True,True,True,True,True,False,False,True,False,True,False,False,False,False
llama31_8b,test,CT12,reported_uncertain_correction,1,CR,"[""5e6a2e9d7f497b81fcc7-candidate_extract"", ""5e6a2e9d7f497b81fcc7-candidate_final""]",False,False,True,False,False,False,False,False,True,True,True,True,True,True,True,False,False,True,False,True,False,False,False,False
llama31_8b,test,CT12,reported_uncertain_correction,1,SR1,"[""5e6a2e9d7f497b81fcc7-g_draft"", ""5e6a2e9d7f497b81fcc7-sr_feedback"", ""5e6a2e9d7f497b81fcc7-sr_refine""]",False,False,True,False,False,False,False,True,True,True,True,True,True,True,True,False,False,True,False,False,False,False,False,False
llama31_8b,test,CT12,reported_uncertain_correction,2,D,"[""b8d03ed1fa146267d536-g_draft""]",False,False,True,False,False,False,False,True,True,True,True,True,True,True,True,False,False,True,False,False,False,False,False,False
llama31_8b,test,CT12,reported_uncertain_correction,2,G,"[""b8d03ed1fa146267d536-g_draft"", ""b8d03ed1fa146267d536-g_final""]",False,False,True,False,False,False,False,True,True,True,True,True,True,True,True,False,False,True,False,False,False,False,False,False
llama31_8b,test,CT12,reported_uncertain_correction,2,B,"[""b8d03ed1fa146267d536-candidate_extract"", ""b8d03ed1fa146267d536-candidate_final""]",False,False,True,False,False,False,False,False,True,True,True,True,True,True,True,False,False,True,False,True,False,False,False,False
llama31_8b,test,CT12,reported_uncertain_correction,2,C,"[""b8d03ed1fa146267d536-candidate_extract"", ""b8d03ed1fa146267d536-candidate_final""]",False,False,True,False,False,False,False,False,True,True,True,True,True,True,True,False,False,True,False,True,False,False,False,False
llama31_8b,test,CT12,reported_uncertain_correction,2,R,"[""b8d03ed1fa146267d536-candidate_extract"", ""b8d03ed1fa146267d536-candidate_final""]",False,False,True,False,False,False,False,False,True,True,True,True,True,True,True,False,False,True,False,True,False,False,False,False
llama31_8b,test,CT12,reported_uncertain_correction,2,CR,"[""b8d03ed1fa146267d536-candidate_extract"", ""b8d03ed1fa146267d536-candidate_final""]",False,False,True,False,False,False,False,False,True,True,True,True,True,True,True,False,False,True,False,True,False,False,False,False
llama31_8b,test,CT12,reported_uncertain_correction,2,SR1,"[""b8d03ed1fa146267d536-g_draft"", ""b8d03ed1fa146267d536-sr_feedback"", ""b8d03ed1fa146267d536-sr_refine""]",False,False,True,False,False,False,False,True,True,True,True,True,True,True,True,False,False,True,False,False,False,False,False,False
llama31_8b,test,CT12,reported_uncertain_correction,3,D,"[""65d45fa317d6f5b4db9e-g_draft""]",False,False,True,False,False,False,False,True,True,True,True,True,True,True,True,False,False,True,False,False,False,False,False,False
llama31_8b,test,CT12,reported_uncertain_correction,3,G,"[""65d45fa317d6f5b4db9e-g_draft"", ""65d45fa317d6f5b4db9e-g_final""]",False,False,True,False,False,False,False,True,True,True,True,True,True,True,True,False,False,True,False,False,False,False,False,False
llama31_8b,test,CT12,reported_uncertain_correction,3,B,"[""65d45fa317d6f5b4db9e-candidate_extract"", ""65d45fa317d6f5b4db9e-candidate_final""]",False,False,True,False,False,False,False,False,True,True,True,True,True,True,True,False,False,True,False,True,False,False,False,False
llama31_8b,test,CT12,reported_uncertain_correction,3,C,"[""65d45fa317d6f5b4db9e-candidate_extract"", ""65d45fa317d6f5b4db9e-candidate_final""]",False,False,True,False,False,False,False,False,True,True,True,True,True,True,True,False,False,True,False,True,False,False,False,False
llama31_8b,test,CT12,reported_uncertain_correction,3,R,"[""65d45fa317d6f5b4db9e-candidate_extract"", ""65d45fa317d6f5b4db9e-candidate_final""]",False,False,True,False,False,False,False,False,True,True,True,True,True,True,True,False,False,True,False,True,False,False,False,False
llama31_8b,test,CT12,reported_uncertain_correction,3,CR,"[""65d45fa317d6f5b4db9e-candidate_extract"", ""65d45fa317d6f5b4db9e-candidate_final""]",False,False,True,False,False,False,False,False,True,True,True,True,True,True,True,False,False,True,False,True,False,False,False,False
llama31_8b,test,CT12,reported_uncertain_correction,3,SR1,"[""65d45fa317d6f5b4db9e-g_draft"", ""65d45fa317d6f5b4db9e-sr_feedback"", ""65d45fa317d6f5b4db9e-sr_refine""]",False,False,True,False,False,False,False,True,True,True,True,True,True,True,True,False,False,True,False,False,False,False,False,False
llama31_8b,test,CT13,wrong_subject,1,D,"[""b145bf95698b58075dd1-g_draft""]",True,False,True,False,False,False,False,True,False,True,True,True,True,True,False,False,False,False,False,False,False,False,False,False
llama31_8b,test,CT13,wrong_subject,1,G,"[""b145bf95698b58075dd1-g_draft"", ""b145bf95698b58075dd1-g_final""]",True,False,True,False,False,False,False,True,False,True,True,True,True,True,False,False,False,False,False,False,False,False,False,False
llama31_8b,test,CT13,wrong_subject,1,B,"[""b145bf95698b58075dd1-candidate_extract"", ""b145bf95698b58075dd1-candidate_final""]",True,False,True,False,False,False,False,False,False,False,True,True,False,True,False,False,False,False,False,True,True,True,False,False
llama31_8b,test,CT13,wrong_subject,1,C,"[""b145bf95698b58075dd1-candidate_extract"", ""b145bf95698b58075dd1-candidate_final""]",True,False,True,False,False,False,False,False,False,False,True,True,False,True,False,False,False,False,False,True,True,True,False,False
llama31_8b,test,CT13,wrong_subject,1,R,"[""b145bf95698b58075dd1-candidate_extract"", ""b145bf95698b58075dd1-candidate_final""]",True,False,True,False,False,False,False,False,False,False,True,True,False,True,False,False,False,False,False,True,True,True,True,False
llama31_8b,test,CT13,wrong_subject,1,CR,"[""b145bf95698b58075dd1-candidate_extract"", ""b145bf95698b58075dd1-candidate_final""]",True,False,True,False,False,False,False,False,False,False,True,True,False,True,False,False,False,False,False,True,True,True,True,False
llama31_8b,test,CT13,wrong_subject,1,SR1,"[""b145bf95698b58075dd1-g_draft"", ""b145bf95698b58075dd1-sr_feedback"", ""b145bf95698b58075dd1-sr_refine""]",True,False,True,False,False,False,False,True,False,False,True,True,False,True,False,False,False,False,False,False,True,True,False,False
llama31_8b,test,CT13,wrong_subject,2,D,"[""cb599ef8c2c566224e55-g_draft""]",True,False,True,False,False,False,False,True,False,False,True,True,False,True,False,False,False,False,False,False,True,True,False,False
llama31_8b,test,CT13,wrong_subject,2,G,"[""cb599ef8c2c566224e55-g_draft"", ""cb599ef8c2c566224e55-g_final""]",True,False,True,False,False,False,False,True,False,False,True,True,False,True,False,False,False,False,False,False,True,True,False,False
llama31_8b,test,CT13,wrong_subject,2,B,"[""cb599ef8c2c566224e55-candidate_extract"", ""cb599ef8c2c566224e55-candidate_final""]",True,False,False,False,True,False,True,False,False,False,False,False,False,False,False,False,False,False,False,False,False,False,False,False
llama31_8b,test,CT13,wrong_subject,2,C,"[""cb599ef8c2c566224e55-candidate_extract"", ""cb599ef8c2c566224e55-candidate_final""]",True,False,False,False,True,False,True,False,False,False,False,False,False,False,False,False,False,False,False,False,False,False,False,False
llama31_8b,test,CT13,wrong_subject,2,R,"[""cb599ef8c2c566224e55-candidate_extract"", ""cb599ef8c2c566224e55-candidate_final""]",True,False,False,False,True,False,True,False,False,False,False,False,False,False,False,False,False,False,False,False,False,False,False,False
llama31_8b,test,CT13,wrong_subject,2,CR,"[""cb599ef8c2c566224e55-candidate_extract"", ""cb599ef8c2c566224e55-candidate_final""]",True,False,False,False,True,False,True,False,False,False,False,False,False,False,False,False,False,False,False,False,False,False,False,False
llama31_8b,test,CT13,wrong_subject,2,SR1,"[""cb599ef8c2c566224e55-g_draft"", ""cb599ef8c2c566224e55-sr_feedback"", ""cb599ef8c2c566224e55-sr_refine""]",True,False,True,False,False,False,False,True,False,False,True,True,False,True,False,False,False,False,False,False,True,True,False,False
llama31_8b,test,CT13,wrong_subject,3,D,"[""705f5e8034ea446818c9-g_draft""]",True,False,True,False,False,False,False,True,False,True,True,True,True,True,False,False,False,False,False,False,False,False,False,False
llama31_8b,test,CT13,wrong_subject,3,G,"[""705f5e8034ea446818c9-g_draft"", ""705f5e8034ea446818c9-g_final""]",True,False,True,False,False,False,False,True,False,True,True,True,True,True,False,False,False,False,False,False,False,False,False,False
llama31_8b,test,CT13,wrong_subject,3,B,"[""705f5e8034ea446818c9-candidate_extract"", ""705f5e8034ea446818c9-candidate_final""]",True,False,False,False,True,False,True,False,False,False,False,False,False,False,False,False,False,False,False,False,False,False,False,False
llama31_8b,test,CT13,wrong_subject,3,C,"[""705f5e8034ea446818c9-candidate_extract"", ""705f5e8034ea446818c9-candidate_final""]",True,False,False,False,True,False,True,False,False,False,False,False,False,False,False,False,False,False,False,False,False,False,False,False
llama31_8b,test,CT13,wrong_subject,3,R,"[""705f5e8034ea446818c9-candidate_extract"", ""705f5e8034ea446818c9-candidate_final""]",True,False,False,False,True,False,True,False,False,False,False,False,False,False,False,False,False,False,False,False,False,False,False,False
llama31_8b,test,CT13,wrong_subject,3,CR,"[""705f5e8034ea446818c9-candidate_extract"", ""705f5e8034ea446818c9-candidate_final""]",True,False,False,False,True,False,True,False,False,False,False,False,False,False,False,False,False,False,False,False,False,False,False,False
llama31_8b,test,CT13,wrong_subject,3,SR1,"[""705f5e8034ea446818c9-g_draft"", ""705f5e8034ea446818c9-sr_feedback"", ""705f5e8034ea446818c9-sr_refine""]",True,False,True,False,False,False,False,True,False,False,True,True,False,True,False,False,False,False,False,False,True,True,False,False
llama31_8b,test,CT14,wrong_subject,1,D,"[""a24524e69c1ad97798d8-g_draft""]",True,False,True,False,False,False,False,True,False,False,True,True,False,True,False,False,False,False,False,False,True,True,False,False
llama31_8b,test,CT14,wrong_subject,1,G,"[""a24524e69c1ad97798d8-g_draft"", ""a24524e69c1ad97798d8-g_final""]",True,False,True,False,False,False,False,True,False,False,True,True,False,True,False,False,False,False,False,False,True,True,False,False
llama31_8b,test,CT14,wrong_subject,1,B,"[""a24524e69c1ad97798d8-candidate_extract"", ""a24524e69c1ad97798d8-candidate_final""]",True,False,True,False,False,False,False,False,False,True,True,True,True,True,False,False,False,False,False,True,False,False,False,False
llama31_8b,test,CT14,wrong_subject,1,C,"[""a24524e69c1ad97798d8-candidate_extract"", ""a24524e69c1ad97798d8-candidate_final""]",True,False,True,False,False,False,False,False,False,True,True,True,True,True,False,False,False,False,False,True,False,False,False,False
llama31_8b,test,CT14,wrong_subject,1,R,"[""a24524e69c1ad97798d8-candidate_extract"", ""a24524e69c1ad97798d8-candidate_final""]",True,False,True,False,False,False,False,False,False,True,True,True,True,True,False,False,False,False,False,True,False,False,True,False
llama31_8b,test,CT14,wrong_subject,1,CR,"[""a24524e69c1ad97798d8-candidate_extract"", ""a24524e69c1ad97798d8-candidate_final""]",True,False,True,False,False,False,False,False,False,True,True,True,True,True,False,False,False,False,False,True,False,False,True,False
llama31_8b,test,CT14,wrong_subject,1,SR1,"[""a24524e69c1ad97798d8-g_draft"", ""a24524e69c1ad97798d8-sr_feedback"", ""a24524e69c1ad97798d8-sr_refine""]",True,False,True,False,False,False,False,True,False,False,True,True,False,True,False,False,False,False,False,False,True,True,False,False
llama31_8b,test,CT14,wrong_subject,2,D,"[""70566bc3497132493f35-g_draft""]",True,False,True,False,False,False,False,True,False,True,True,True,True,True,False,False,False,False,False,False,False,False,False,False
llama31_8b,test,CT14,wrong_subject,2,G,"[""70566bc3497132493f35-g_draft"", ""70566bc3497132493f35-g_final""]",True,False,True,False,False,False,False,True,False,True,True,True,True,True,False,False,False,False,False,False,False,False,False,False
llama31_8b,test,CT14,wrong_subject,2,B,"[""70566bc3497132493f35-candidate_extract"", ""70566bc3497132493f35-candidate_final""]",True,False,True,False,False,False,False,False,False,False,False,True,False,True,False,False,False,False,False,True,True,True,False,False
llama31_8b,test,CT14,wrong_subject,2,C,"[""70566bc3497132493f35-candidate_extract"", ""70566bc3497132493f35-candidate_final""]",True,False,True,False,False,False,False,False,False,False,False,True,False,True,False,False,False,False,False,True,True,True,False,False
llama31_8b,test,CT14,wrong_subject,2,R,"[""70566bc3497132493f35-candidate_extract"", ""70566bc3497132493f35-candidate_final""]",True,False,True,False,False,False,False,False,False,False,False,True,False,True,False,False,False,False,False,True,True,True,True,False
llama31_8b,test,CT14,wrong_subject,2,CR,"[""70566bc3497132493f35-candidate_extract"", ""70566bc3497132493f35-candidate_final""]",True,False,True,False,False,False,False,False,False,False,False,True,False,True,False,False,False,False,False,True,True,True,True,False
llama31_8b,test,CT14,wrong_subject,2,SR1,"[""70566bc3497132493f35-g_draft"", ""70566bc3497132493f35-sr_feedback"", ""70566bc3497132493f35-sr_refine""]",True,False,True,False,False,False,False,True,False,True,True,True,True,True,False,False,False,False,False,False,False,False,False,False
llama31_8b,test,CT14,wrong_subject,3,D,"[""fe9d6d6b0c433077df52-g_draft""]",True,False,True,False,False,False,False,False,False,True,True,True,True,True,False,False,False,False,False,True,False,False,False,False
llama31_8b,test,CT14,wrong_subject,3,G,"[""fe9d6d6b0c433077df52-g_draft"", ""fe9d6d6b0c433077df52-g_final""]",True,False,True,False,False,False,False,True,False,True,True,True,True,True,False,False,False,False,False,False,False,False,False,False
llama31_8b,test,CT14,wrong_subject,3,B,"[""fe9d6d6b0c433077df52-candidate_extract"", ""fe9d6d6b0c433077df52-candidate_final""]",True,False,True,False,False,False,False,False,False,False,False,True,False,True,False,False,False,False,False,True,True,True,False,False
llama31_8b,test,CT14,wrong_subject,3,C,"[""fe9d6d6b0c433077df52-candidate_extract"", ""fe9d6d6b0c433077df52-candidate_final""]",True,False,True,False,False,False,False,False,False,False,False,True,False,True,False,False,False,False,False,True,True,True,False,False
llama31_8b,test,CT14,wrong_subject,3,R,"[""fe9d6d6b0c433077df52-candidate_extract"", ""fe9d6d6b0c433077df52-candidate_final""]",True,False,True,False,False,False,False,False,False,False,False,True,False,True,False,False,False,False,False,True,True,True,True,False
llama31_8b,test,CT14,wrong_subject,3,CR,"[""fe9d6d6b0c433077df52-candidate_extract"", ""fe9d6d6b0c433077df52-candidate_final""]",True,False,True,False,False,False,False,False,False,False,False,True,False,True,False,False,False,False,False,True,True,True,True,False
llama31_8b,test,CT14,wrong_subject,3,SR1,"[""fe9d6d6b0c433077df52-g_draft"", ""fe9d6d6b0c433077df52-sr_feedback"", ""fe9d6d6b0c433077df52-sr_refine""]",True,False,True,False,False,False,False,True,False,True,True,True,True,True,False,False,False,False,False,False,False,False,False,False
llama31_8b,test,CT15,wrong_subject,1,D,"[""83bb2a7cc8b13f2dd183-g_draft""]",True,False,True,False,False,False,False,True,False,True,True,True,True,True,False,False,False,False,False,False,False,False,False,False
llama31_8b,test,CT15,wrong_subject,1,G,"[""83bb2a7cc8b13f2dd183-g_draft"", ""83bb2a7cc8b13f2dd183-g_final""]",True,False,True,False,False,False,False,True,False,True,True,True,True,True,False,False,False,False,False,False,False,False,False,False
llama31_8b,test,CT15,wrong_subject,1,B,"[""83bb2a7cc8b13f2dd183-candidate_extract"", ""83bb2a7cc8b13f2dd183-candidate_final""]",True,False,False,False,True,False,True,False,False,False,False,False,False,False,False,False,False,False,False,False,False,False,False,False
llama31_8b,test,CT15,wrong_subject,1,C,"[""83bb2a7cc8b13f2dd183-candidate_extract"", ""83bb2a7cc8b13f2dd183-candidate_final""]",True,False,False,False,True,False,True,False,False,False,False,False,False,False,False,False,False,False,False,False,False,False,False,False
llama31_8b,test,CT15,wrong_subject,1,R,"[""83bb2a7cc8b13f2dd183-candidate_extract"", ""83bb2a7cc8b13f2dd183-candidate_final""]",True,False,False,False,True,False,True,False,False,False,False,False,False,False,False,False,False,False,False,False,False,False,False,False
llama31_8b,test,CT15,wrong_subject,1,CR,"[""83bb2a7cc8b13f2dd183-candidate_extract"", ""83bb2a7cc8b13f2dd183-candidate_final""]",True,False,False,False,True,False,True,False,False,False,False,False,False,False,False,False,False,False,False,False,False,False,False,False
llama31_8b,test,CT15,wrong_subject,1,SR1,"[""83bb2a7cc8b13f2dd183-g_draft"", ""83bb2a7cc8b13f2dd183-sr_feedback"", ""83bb2a7cc8b13f2dd183-sr_refine""]",True,False,True,False,False,False,False,True,False,False,True,True,False,True,False,False,False,False,False,False,True,True,False,False
llama31_8b,test,CT15,wrong_subject,2,D,"[""870829948a9edbd8ff70-g_draft""]",True,False,True,False,False,False,False,True,False,True,True,True,True,True,False,False,False,False,False,False,False,False,False,False
llama31_8b,test,CT15,wrong_subject,2,G,"[""870829948a9edbd8ff70-g_draft"", ""870829948a9edbd8ff70-g_final""]",True,False,True,False,False,False,False,True,False,True,True,True,True,True,False,False,False,False,False,False,False,False,False,False
llama31_8b,test,CT15,wrong_subject,2,B,"[""870829948a9edbd8ff70-candidate_extract"", ""870829948a9edbd8ff70-candidate_final""]",True,False,True,False,False,False,False,False,True,True,True,True,True,True,True,False,False,False,False,True,False,False,False,False
llama31_8b,test,CT15,wrong_subject,2,C,"[""870829948a9edbd8ff70-candidate_extract"", ""870829948a9edbd8ff70-candidate_final""]",True,False,True,False,False,False,False,False,True,True,True,True,True,True,True,False,False,False,False,True,False,False,False,False
llama31_8b,test,CT15,wrong_subject,2,R,"[""870829948a9edbd8ff70-candidate_extract"", ""870829948a9edbd8ff70-candidate_final""]",True,False,True,False,False,False,False,False,True,True,True,True,True,True,True,False,False,False,False,True,False,False,True,False
llama31_8b,test,CT15,wrong_subject,2,CR,"[""870829948a9edbd8ff70-candidate_extract"", ""870829948a9edbd8ff70-candidate_final""]",True,False,True,False,False,False,False,False,True,True,True,True,True,True,True,False,False,False,False,True,False,False,True,False
llama31_8b,test,CT15,wrong_subject,2,SR1,"[""870829948a9edbd8ff70-g_draft"", ""870829948a9edbd8ff70-sr_feedback"", ""870829948a9edbd8ff70-sr_refine""]",True,False,True,False,False,False,False,True,False,False,True,True,False,True,False,False,False,False,False,False,True,True,False,False
llama31_8b,test,CT15,wrong_subject,3,D,"[""0cbe2834fffdf8878d1b-g_draft""]",True,False,True,False,False,False,False,True,False,True,True,True,True,True,False,False,False,False,False,False,False,False,False,False
llama31_8b,test,CT15,wrong_subject,3,G,"[""0cbe2834fffdf8878d1b-g_draft"", ""0cbe2834fffdf8878d1b-g_final""]",True,False,True,False,False,False,False,True,False,True,True,True,True,True,False,False,False,False,False,False,False,False,False,False
llama31_8b,test,CT15,wrong_subject,3,B,"[""0cbe2834fffdf8878d1b-candidate_extract"", ""0cbe2834fffdf8878d1b-candidate_final""]",True,False,True,False,False,False,False,False,False,True,True,True,True,True,False,False,False,False,False,True,False,False,False,False
llama31_8b,test,CT15,wrong_subject,3,C,"[""0cbe2834fffdf8878d1b-candidate_extract"", ""0cbe2834fffdf8878d1b-candidate_final""]",True,False,True,False,False,False,False,False,False,True,True,True,True,True,False,False,False,False,False,True,False,False,False,False
llama31_8b,test,CT15,wrong_subject,3,R,"[""0cbe2834fffdf8878d1b-candidate_extract"", ""0cbe2834fffdf8878d1b-candidate_final""]",True,False,True,False,False,False,False,False,False,True,True,True,True,True,False,False,False,False,False,True,False,False,False,False
llama31_8b,test,CT15,wrong_subject,3,CR,"[""0cbe2834fffdf8878d1b-candidate_extract"", ""0cbe2834fffdf8878d1b-candidate_final""]",True,False,True,False,False,False,False,False,False,True,True,True,True,True,False,False,False,False,False,True,False,False,False,False
llama31_8b,test,CT15,wrong_subject,3,SR1,"[""0cbe2834fffdf8878d1b-g_draft"", ""0cbe2834fffdf8878d1b-sr_feedback"", ""0cbe2834fffdf8878d1b-sr_refine""]",True,False,True,False,False,False,False,True,False,True,True,True,True,True,False,False,False,False,False,False,False,False,False,False
llama31_8b,test,CT16,wrong_subject,1,D,"[""c80959d523e2d1f82a56-g_draft""]",True,False,True,False,False,False,False,False,False,True,True,True,True,True,False,False,False,False,False,True,False,False,False,False
llama31_8b,test,CT16,wrong_subject,1,G,"[""c80959d523e2d1f82a56-g_draft"", ""c80959d523e2d1f82a56-g_final""]",True,False,True,False,False,False,False,True,False,True,True,True,True,True,False,False,False,False,False,False,False,False,False,False
llama31_8b,test,CT16,wrong_subject,1,B,"[""c80959d523e2d1f82a56-candidate_extract"", ""c80959d523e2d1f82a56-candidate_final""]",True,False,True,False,False,False,False,False,False,True,True,True,True,True,False,False,False,False,False,True,False,False,False,False
llama31_8b,test,CT16,wrong_subject,1,C,"[""c80959d523e2d1f82a56-candidate_extract"", ""c80959d523e2d1f82a56-candidate_final""]",True,False,True,False,False,False,False,False,False,True,True,True,True,True,False,False,False,False,False,True,False,False,False,False
llama31_8b,test,CT16,wrong_subject,1,R,"[""c80959d523e2d1f82a56-candidate_extract"", ""c80959d523e2d1f82a56-candidate_final""]",True,False,True,False,False,False,False,False,False,True,True,True,True,True,False,False,False,False,False,True,False,False,False,False
llama31_8b,test,CT16,wrong_subject,1,CR,"[""c80959d523e2d1f82a56-candidate_extract"", ""c80959d523e2d1f82a56-candidate_final""]",True,False,True,False,False,False,False,False,False,True,True,True,True,True,False,False,False,False,False,True,False,False,False,False
llama31_8b,test,CT16,wrong_subject,1,SR1,"[""c80959d523e2d1f82a56-g_draft"", ""c80959d523e2d1f82a56-sr_feedback"", ""c80959d523e2d1f82a56-sr_refine""]",True,False,True,False,False,False,False,True,False,True,True,True,True,True,False,False,False,False,False,False,False,False,False,False
llama31_8b,test,CT16,wrong_subject,2,D,"[""4c040436fc3c9492ad3e-g_draft""]",True,False,True,False,False,False,False,False,False,True,True,True,True,True,False,False,False,False,False,True,False,False,False,False
llama31_8b,test,CT16,wrong_subject,2,G,"[""4c040436fc3c9492ad3e-g_draft"", ""4c040436fc3c9492ad3e-g_final""]",True,False,True,False,False,False,False,True,False,True,True,True,True,True,False,False,False,False,False,False,False,False,False,False
llama31_8b,test,CT16,wrong_subject,2,B,"[""4c040436fc3c9492ad3e-candidate_extract"", ""4c040436fc3c9492ad3e-candidate_final""]",True,False,True,False,False,False,False,False,False,True,True,True,True,True,False,False,False,False,False,True,False,False,False,False
llama31_8b,test,CT16,wrong_subject,2,C,"[""4c040436fc3c9492ad3e-candidate_extract"", ""4c040436fc3c9492ad3e-candidate_final""]",True,False,True,False,False,False,False,False,False,True,True,True,True,True,False,False,False,False,False,True,False,False,False,False
llama31_8b,test,CT16,wrong_subject,2,R,"[""4c040436fc3c9492ad3e-candidate_extract"", ""4c040436fc3c9492ad3e-candidate_final""]",True,False,True,False,False,False,False,False,False,True,True,True,True,True,False,False,False,False,False,True,False,False,False,False
llama31_8b,test,CT16,wrong_subject,2,CR,"[""4c040436fc3c9492ad3e-candidate_extract"", ""4c040436fc3c9492ad3e-candidate_final""]",True,False,True,False,False,False,False,False,False,True,True,True,True,True,False,False,False,False,False,True,False,False,False,False
llama31_8b,test,CT16,wrong_subject,2,SR1,"[""4c040436fc3c9492ad3e-g_draft"", ""4c040436fc3c9492ad3e-sr_feedback"", ""4c040436fc3c9492ad3e-sr_refine""]",True,False,True,False,False,False,False,True,False,True,True,True,True,True,False,False,False,False,False,False,False,False,False,False
llama31_8b,test,CT16,wrong_subject,3,D,"[""fc72cccbe99dc086809a-g_draft""]",True,False,True,False,False,False,False,True,False,True,True,True,True,True,False,False,False,False,False,False,False,False,False,False
llama31_8b,test,CT16,wrong_subject,3,G,"[""fc72cccbe99dc086809a-g_draft"", ""fc72cccbe99dc086809a-g_final""]",True,False,True,False,False,False,False,True,False,True,True,True,True,True,False,False,False,False,False,False,False,False,False,False
llama31_8b,test,CT16,wrong_subject,3,B,"[""fc72cccbe99dc086809a-candidate_extract"", ""fc72cccbe99dc086809a-candidate_final""]",True,False,True,False,False,False,False,False,False,True,True,True,True,True,False,False,False,False,False,True,False,False,False,False
llama31_8b,test,CT16,wrong_subject,3,C,"[""fc72cccbe99dc086809a-candidate_extract"", ""fc72cccbe99dc086809a-candidate_final""]",True,False,True,False,False,False,False,False,False,True,True,True,True,True,False,False,False,False,False,True,False,False,False,False
llama31_8b,test,CT16,wrong_subject,3,R,"[""fc72cccbe99dc086809a-candidate_extract"", ""fc72cccbe99dc086809a-candidate_final""]",True,False,True,False,False,False,False,False,False,True,True,True,True,True,False,False,False,False,False,True,False,False,True,False
llama31_8b,test,CT16,wrong_subject,3,CR,"[""fc72cccbe99dc086809a-candidate_extract"", ""fc72cccbe99dc086809a-candidate_final""]",True,False,True,False,False,False,False,False,False,True,True,True,True,True,False,False,False,False,False,True,False,False,True,False
llama31_8b,test,CT16,wrong_subject,3,SR1,"[""fc72cccbe99dc086809a-g_draft"", ""fc72cccbe99dc086809a-sr_feedback"", ""fc72cccbe99dc086809a-sr_refine""]",True,False,True,False,False,False,False,True,False,True,True,True,True,True,False,False,False,False,False,False,False,False,False,False
llama31_8b,test,CT17,temporal_distinction,1,D,"[""dfaba84b6e8a46e79a53-g_draft""]",True,False,True,False,False,False,False,True,True,True,True,True,False,True,False,False,False,False,False,False,True,True,False,False
llama31_8b,test,CT17,temporal_distinction,1,G,"[""dfaba84b6e8a46e79a53-g_draft"", ""dfaba84b6e8a46e79a53-g_final""]",True,False,True,False,False,False,False,True,True,True,True,True,False,True,False,False,False,False,False,False,True,True,False,False
llama31_8b,test,CT17,temporal_distinction,1,B,"[""dfaba84b6e8a46e79a53-candidate_extract"", ""dfaba84b6e8a46e79a53-candidate_final""]",True,False,True,False,False,False,False,True,True,True,True,True,True,True,True,True,False,False,False,False,False,False,False,False
llama31_8b,test,CT17,temporal_distinction,1,C,"[""dfaba84b6e8a46e79a53-candidate_extract"", ""dfaba84b6e8a46e79a53-candidate_final""]",True,False,True,False,False,False,False,True,True,True,True,True,True,True,True,True,False,False,False,False,False,False,False,False
llama31_8b,test,CT17,temporal_distinction,1,R,"[""dfaba84b6e8a46e79a53-candidate_extract"", ""dfaba84b6e8a46e79a53-candidate_final""]",True,False,True,False,False,False,False,True,True,True,True,True,True,True,True,True,False,False,False,False,False,False,True,False
llama31_8b,test,CT17,temporal_distinction,1,CR,"[""dfaba84b6e8a46e79a53-candidate_extract"", ""dfaba84b6e8a46e79a53-candidate_final""]",True,False,True,False,False,False,False,True,True,True,True,True,True,True,True,True,False,False,False,False,False,False,True,False
llama31_8b,test,CT17,temporal_distinction,1,SR1,"[""dfaba84b6e8a46e79a53-g_draft"", ""dfaba84b6e8a46e79a53-sr_feedback"", ""dfaba84b6e8a46e79a53-sr_refine""]",True,False,True,False,False,False,False,True,True,True,True,True,True,True,True,True,False,False,False,False,False,False,False,False
llama31_8b,test,CT17,temporal_distinction,2,D,"[""a869c4e911343abb703e-g_draft""]",True,False,True,False,False,False,False,True,True,True,True,True,False,True,False,False,False,False,False,False,True,True,False,False
llama31_8b,test,CT17,temporal_distinction,2,G,"[""a869c4e911343abb703e-g_draft"", ""a869c4e911343abb703e-g_final""]",True,False,True,False,False,False,False,True,True,True,True,True,False,True,False,False,False,False,False,False,True,True,False,False
llama31_8b,test,CT17,temporal_distinction,2,B,"[""a869c4e911343abb703e-candidate_extract"", ""a869c4e911343abb703e-candidate_final""]",True,False,True,False,False,False,False,False,False,True,False,True,True,True,False,False,False,False,False,True,False,True,False,False
llama31_8b,test,CT17,temporal_distinction,2,C,"[""a869c4e911343abb703e-candidate_extract"", ""a869c4e911343abb703e-candidate_final""]",True,False,True,False,False,False,False,False,False,True,False,True,True,True,False,False,False,False,False,True,False,True,False,False
llama31_8b,test,CT17,temporal_distinction,2,R,"[""a869c4e911343abb703e-candidate_extract"", ""a869c4e911343abb703e-candidate_final""]",True,False,True,False,False,False,False,False,False,True,False,True,True,True,False,False,False,False,False,True,False,True,True,False
llama31_8b,test,CT17,temporal_distinction,2,CR,"[""a869c4e911343abb703e-candidate_extract"", ""a869c4e911343abb703e-candidate_final""]",True,False,True,False,False,False,False,False,False,True,False,True,True,True,False,False,False,False,False,True,False,True,True,False
llama31_8b,test,CT17,temporal_distinction,2,SR1,"[""a869c4e911343abb703e-g_draft"", ""a869c4e911343abb703e-sr_feedback"", ""a869c4e911343abb703e-sr_refine""]",True,False,True,False,False,False,False,True,True,True,True,True,False,True,False,False,False,False,False,False,True,True,False,False
llama31_8b,test,CT17,temporal_distinction,3,D,"[""88ab3203b2afea192432-g_draft""]",True,False,True,False,False,False,False,True,True,True,True,True,False,True,False,False,False,False,False,False,True,True,False,False
llama31_8b,test,CT17,temporal_distinction,3,G,"[""88ab3203b2afea192432-g_draft"", ""88ab3203b2afea192432-g_final""]",True,False,True,False,False,False,False,True,True,True,True,True,False,True,False,False,False,False,False,False,True,True,False,False
llama31_8b,test,CT17,temporal_distinction,3,B,"[""88ab3203b2afea192432-candidate_extract"", ""88ab3203b2afea192432-candidate_final""]",True,False,True,False,False,False,False,True,True,True,True,True,True,True,True,True,False,False,False,False,False,False,False,False
llama31_8b,test,CT17,temporal_distinction,3,C,"[""88ab3203b2afea192432-candidate_extract"", ""88ab3203b2afea192432-candidate_final""]",True,False,True,False,False,False,False,True,True,True,True,True,True,True,True,True,False,False,False,False,False,False,False,False
llama31_8b,test,CT17,temporal_distinction,3,R,"[""88ab3203b2afea192432-candidate_extract"", ""88ab3203b2afea192432-candidate_final""]",True,False,True,False,False,False,False,True,True,True,True,True,True,True,True,True,False,False,False,False,False,False,True,False
llama31_8b,test,CT17,temporal_distinction,3,CR,"[""88ab3203b2afea192432-candidate_extract"", ""88ab3203b2afea192432-candidate_final""]",True,False,True,False,False,False,False,True,True,True,True,True,True,True,True,True,False,False,False,False,False,False,True,False
llama31_8b,test,CT17,temporal_distinction,3,SR1,"[""88ab3203b2afea192432-g_draft"", ""88ab3203b2afea192432-sr_feedback"", ""88ab3203b2afea192432-sr_refine""]",True,False,True,False,False,False,False,True,True,True,True,True,True,True,True,True,False,False,False,False,False,False,False,False
llama31_8b,test,CT18,temporal_distinction,1,D,"[""00584923edcd55744665-g_draft""]",True,False,True,False,False,False,False,True,False,True,True,True,True,True,False,False,False,False,False,False,False,False,False,False
llama31_8b,test,CT18,temporal_distinction,1,G,"[""00584923edcd55744665-g_draft"", ""00584923edcd55744665-g_final""]",True,False,True,False,False,False,False,True,False,True,True,True,True,True,False,False,False,False,False,False,False,False,False,False
llama31_8b,test,CT18,temporal_distinction,1,B,"[""00584923edcd55744665-candidate_extract"", ""00584923edcd55744665-candidate_final""]",True,False,True,False,False,False,False,True,True,True,True,True,True,True,True,True,False,False,False,False,False,False,False,False
llama31_8b,test,CT18,temporal_distinction,1,C,"[""00584923edcd55744665-candidate_extract"", ""00584923edcd55744665-candidate_final""]",True,False,True,False,False,False,False,True,True,True,True,True,True,True,True,True,False,False,False,False,False,False,False,False
llama31_8b,test,CT18,temporal_distinction,1,R,"[""00584923edcd55744665-candidate_extract"", ""00584923edcd55744665-candidate_final""]",True,False,True,False,False,False,False,True,True,True,True,True,True,True,True,True,False,False,False,False,False,False,True,False
llama31_8b,test,CT18,temporal_distinction,1,CR,"[""00584923edcd55744665-candidate_extract"", ""00584923edcd55744665-candidate_final""]",True,False,True,False,False,False,False,True,True,True,True,True,True,True,True,True,False,False,False,False,False,False,True,False
llama31_8b,test,CT18,temporal_distinction,1,SR1,"[""00584923edcd55744665-g_draft"", ""00584923edcd55744665-sr_feedback"", ""00584923edcd55744665-sr_refine""]",True,False,True,False,False,False,False,True,True,True,True,True,True,True,True,True,False,False,False,False,False,False,False,False
llama31_8b,test,CT18,temporal_distinction,2,D,"[""5f15dcd1aed40f7afc0b-g_draft""]",True,False,True,False,False,False,False,True,False,True,True,True,True,True,False,False,False,False,False,False,False,False,False,False
llama31_8b,test,CT18,temporal_distinction,2,G,"[""5f15dcd1aed40f7afc0b-g_draft"", ""5f15dcd1aed40f7afc0b-g_final""]",True,False,True,False,False,False,False,True,False,True,True,True,True,True,False,False,False,False,False,False,False,False,False,False
llama31_8b,test,CT18,temporal_distinction,2,B,"[""5f15dcd1aed40f7afc0b-candidate_extract"", ""5f15dcd1aed40f7afc0b-candidate_final""]",True,False,True,False,False,False,False,False,False,True,False,True,True,True,False,False,False,False,False,True,False,True,False,False
llama31_8b,test,CT18,temporal_distinction,2,C,"[""5f15dcd1aed40f7afc0b-candidate_extract"", ""5f15dcd1aed40f7afc0b-candidate_final""]",True,False,True,False,False,False,False,False,False,True,False,True,True,True,False,False,False,False,False,True,False,True,False,False
llama31_8b,test,CT18,temporal_distinction,2,R,"[""5f15dcd1aed40f7afc0b-candidate_extract"", ""5f15dcd1aed40f7afc0b-candidate_final""]",True,False,True,False,False,False,False,False,False,True,False,True,True,True,False,False,False,False,False,True,False,True,True,False
llama31_8b,test,CT18,temporal_distinction,2,CR,"[""5f15dcd1aed40f7afc0b-candidate_extract"", ""5f15dcd1aed40f7afc0b-candidate_final""]",True,False,True,False,False,False,False,False,False,True,False,True,True,True,False,False,False,False,False,True,False,True,True,False
llama31_8b,test,CT18,temporal_distinction,2,SR1,"[""5f15dcd1aed40f7afc0b-g_draft"", ""5f15dcd1aed40f7afc0b-sr_feedback"", ""5f15dcd1aed40f7afc0b-sr_refine""]",True,False,True,False,False,False,False,True,False,True,True,True,True,True,False,False,False,False,False,False,False,False,False,False
llama31_8b,test,CT18,temporal_distinction,3,D,"[""5dda5b60373c82883ff3-g_draft""]",True,False,True,False,False,False,False,True,False,True,True,True,True,True,False,False,False,False,False,False,False,False,False,False
llama31_8b,test,CT18,temporal_distinction,3,G,"[""5dda5b60373c82883ff3-g_draft"", ""5dda5b60373c82883ff3-g_final""]",True,False,True,False,False,False,False,True,False,True,True,True,True,True,False,False,False,False,False,False,False,False,False,False
llama31_8b,test,CT18,temporal_distinction,3,B,"[""5dda5b60373c82883ff3-candidate_extract"", ""5dda5b60373c82883ff3-candidate_final""]",True,False,True,False,False,False,False,False,False,True,False,True,True,True,False,False,False,False,False,True,False,True,False,False
llama31_8b,test,CT18,temporal_distinction,3,C,"[""5dda5b60373c82883ff3-candidate_extract"", ""5dda5b60373c82883ff3-candidate_final""]",True,False,True,False,False,False,False,False,False,True,False,True,True,True,False,False,False,False,False,True,False,True,False,False
llama31_8b,test,CT18,temporal_distinction,3,R,"[""5dda5b60373c82883ff3-candidate_extract"", ""5dda5b60373c82883ff3-candidate_final""]",True,False,True,False,False,False,False,False,False,True,False,True,True,True,False,False,False,False,False,True,False,True,True,False
llama31_8b,test,CT18,temporal_distinction,3,CR,"[""5dda5b60373c82883ff3-candidate_extract"", ""5dda5b60373c82883ff3-candidate_final""]",True,False,True,False,False,False,False,False,False,True,False,True,True,True,False,False,False,False,False,True,False,True,True,False
llama31_8b,test,CT18,temporal_distinction,3,SR1,"[""5dda5b60373c82883ff3-g_draft"", ""5dda5b60373c82883ff3-sr_feedback"", ""5dda5b60373c82883ff3-sr_refine""]",True,False,True,False,False,False,False,True,False,True,True,True,True,True,False,False,False,False,False,False,False,False,False,False
llama31_8b,test,CT19,temporal_distinction,1,D,"[""2f8f5f45fe3b567cd061-g_draft""]",True,False,True,False,False,False,False,True,True,True,True,True,True,True,True,True,False,False,False,False,False,False,False,False
llama31_8b,test,CT19,temporal_distinction,1,G,"[""2f8f5f45fe3b567cd061-g_draft"", ""2f8f5f45fe3b567cd061-g_final""]",True,False,True,False,False,False,False,True,True,True,True,True,True,True,True,True,False,False,False,False,False,False,False,False
llama31_8b,test,CT19,temporal_distinction,1,B,"[""2f8f5f45fe3b567cd061-candidate_extract"", ""2f8f5f45fe3b567cd061-candidate_final""]",True,False,True,False,False,False,False,False,False,True,False,True,True,True,False,False,False,False,False,True,False,True,False,False
llama31_8b,test,CT19,temporal_distinction,1,C,"[""2f8f5f45fe3b567cd061-candidate_extract"", ""2f8f5f45fe3b567cd061-candidate_final""]",True,False,True,False,False,False,False,False,False,True,False,True,True,True,False,False,False,False,False,True,False,True,False,False
llama31_8b,test,CT19,temporal_distinction,1,R,"[""2f8f5f45fe3b567cd061-candidate_extract"", ""2f8f5f45fe3b567cd061-candidate_final""]",True,False,True,False,False,False,False,False,False,True,False,True,True,True,False,False,False,False,False,True,False,True,True,False
llama31_8b,test,CT19,temporal_distinction,1,CR,"[""2f8f5f45fe3b567cd061-candidate_extract"", ""2f8f5f45fe3b567cd061-candidate_final""]",True,False,True,False,False,False,False,False,False,True,False,True,True,True,False,False,False,False,False,True,False,True,True,False
llama31_8b,test,CT19,temporal_distinction,1,SR1,"[""2f8f5f45fe3b567cd061-g_draft"", ""2f8f5f45fe3b567cd061-sr_feedback"", ""2f8f5f45fe3b567cd061-sr_refine""]",True,False,True,False,False,False,False,True,True,True,True,True,True,True,True,True,False,False,False,False,False,False,False,False
llama31_8b,test,CT19,temporal_distinction,2,D,"[""d0db88bccbc145f119b4-g_draft""]",True,False,True,False,False,False,False,True,True,True,True,True,True,True,True,True,False,False,False,False,False,False,False,False
llama31_8b,test,CT19,temporal_distinction,2,G,"[""d0db88bccbc145f119b4-g_draft"", ""d0db88bccbc145f119b4-g_final""]",True,False,True,False,False,False,False,True,True,True,True,True,True,True,True,True,False,False,False,False,False,False,False,False
llama31_8b,test,CT19,temporal_distinction,2,B,"[""d0db88bccbc145f119b4-candidate_extract"", ""d0db88bccbc145f119b4-candidate_final""]",True,False,True,False,False,False,False,False,False,True,False,True,True,True,False,False,False,False,False,True,False,True,False,False
llama31_8b,test,CT19,temporal_distinction,2,C,"[""d0db88bccbc145f119b4-candidate_extract"", ""d0db88bccbc145f119b4-candidate_final""]",True,False,True,False,False,False,False,False,False,True,False,True,True,True,False,False,False,False,False,True,False,True,False,False
llama31_8b,test,CT19,temporal_distinction,2,R,"[""d0db88bccbc145f119b4-candidate_extract"", ""d0db88bccbc145f119b4-candidate_final""]",True,False,True,False,False,False,False,False,False,True,False,True,True,True,False,False,False,False,False,True,False,True,True,False
llama31_8b,test,CT19,temporal_distinction,2,CR,"[""d0db88bccbc145f119b4-candidate_extract"", ""d0db88bccbc145f119b4-candidate_final""]",True,False,True,False,False,False,False,False,False,True,False,True,True,True,False,False,False,False,False,True,False,True,True,False
llama31_8b,test,CT19,temporal_distinction,2,SR1,"[""d0db88bccbc145f119b4-g_draft"", ""d0db88bccbc145f119b4-sr_feedback"", ""d0db88bccbc145f119b4-sr_refine""]",True,False,True,False,False,False,False,True,False,True,True,True,True,True,False,False,False,False,False,False,False,False,False,False
llama31_8b,test,CT19,temporal_distinction,3,D,"[""5a9020f62b036b8047eb-g_draft""]",True,False,True,False,False,False,False,True,True,True,True,True,True,True,True,True,False,False,False,False,False,False,False,False
llama31_8b,test,CT19,temporal_distinction,3,G,"[""5a9020f62b036b8047eb-g_draft"", ""5a9020f62b036b8047eb-g_final""]",True,False,True,False,False,False,False,True,True,True,True,True,True,True,True,True,False,False,False,False,False,False,False,False
llama31_8b,test,CT19,temporal_distinction,3,B,"[""5a9020f62b036b8047eb-candidate_extract"", ""5a9020f62b036b8047eb-candidate_final""]",True,False,True,False,False,False,False,False,True,True,True,True,True,True,True,False,False,False,False,True,False,False,False,False
llama31_8b,test,CT19,temporal_distinction,3,C,"[""5a9020f62b036b8047eb-candidate_extract"", ""5a9020f62b036b8047eb-candidate_final""]",True,False,True,False,False,False,False,False,True,True,True,True,True,True,True,False,False,False,False,True,False,False,False,False
llama31_8b,test,CT19,temporal_distinction,3,R,"[""5a9020f62b036b8047eb-candidate_extract"", ""5a9020f62b036b8047eb-candidate_final""]",True,False,True,False,False,False,False,False,True,True,True,True,True,True,True,False,False,False,False,True,False,False,True,False
llama31_8b,test,CT19,temporal_distinction,3,CR,"[""5a9020f62b036b8047eb-candidate_extract"", ""5a9020f62b036b8047eb-candidate_final""]",True,False,True,False,False,False,False,False,True,True,True,True,True,True,True,False,False,False,False,True,False,False,True,False
llama31_8b,test,CT19,temporal_distinction,3,SR1,"[""5a9020f62b036b8047eb-g_draft"", ""5a9020f62b036b8047eb-sr_feedback"", ""5a9020f62b036b8047eb-sr_refine""]",True,False,True,False,False,False,False,True,True,True,True,True,True,True,True,True,False,False,False,False,False,False,False,False
llama31_8b,test,CT20,temporal_distinction,1,D,"[""34eaed28f9cace8f5f61-g_draft""]",True,False,True,False,False,False,False,False,False,True,True,True,True,True,False,False,False,False,False,True,False,False,False,False
llama31_8b,test,CT20,temporal_distinction,1,G,"[""34eaed28f9cace8f5f61-g_draft"", ""34eaed28f9cace8f5f61-g_final""]",True,False,True,False,False,False,False,True,False,True,True,True,True,True,False,False,False,False,False,False,False,False,False,False
llama31_8b,test,CT20,temporal_distinction,1,B,"[""34eaed28f9cace8f5f61-candidate_extract"", ""34eaed28f9cace8f5f61-candidate_final""]",True,False,True,False,False,False,False,False,True,True,True,True,True,True,True,False,False,False,False,True,False,False,False,False
llama31_8b,test,CT20,temporal_distinction,1,C,"[""34eaed28f9cace8f5f61-candidate_extract"", ""34eaed28f9cace8f5f61-candidate_final""]",True,False,True,False,False,False,False,False,True,True,True,True,True,True,True,False,False,False,False,True,False,False,False,False
llama31_8b,test,CT20,temporal_distinction,1,R,"[""34eaed28f9cace8f5f61-candidate_extract"", ""34eaed28f9cace8f5f61-candidate_final""]",True,False,True,False,False,False,False,False,True,True,True,True,True,True,True,False,False,False,False,True,False,False,True,False
llama31_8b,test,CT20,temporal_distinction,1,CR,"[""34eaed28f9cace8f5f61-candidate_extract"", ""34eaed28f9cace8f5f61-candidate_final""]",True,False,True,False,False,False,False,False,True,True,True,True,True,True,True,False,False,False,False,True,False,False,True,False
llama31_8b,test,CT20,temporal_distinction,1,SR1,"[""34eaed28f9cace8f5f61-g_draft"", ""34eaed28f9cace8f5f61-sr_feedback"", ""34eaed28f9cace8f5f61-sr_refine""]",True,False,True,False,False,False,False,True,False,True,True,True,True,True,False,False,False,False,False,False,False,False,False,False
llama31_8b,test,CT20,temporal_distinction,2,D,"[""947fa8c2c7e0389110c7-g_draft""]",True,False,True,False,False,False,False,True,True,True,True,True,True,True,True,True,False,False,False,False,False,False,False,False
llama31_8b,test,CT20,temporal_distinction,2,G,"[""947fa8c2c7e0389110c7-g_draft"", ""947fa8c2c7e0389110c7-g_final""]",True,False,True,False,False,False,False,True,True,True,True,True,True,True,True,True,False,False,False,False,False,False,False,False
llama31_8b,test,CT20,temporal_distinction,2,B,"[""947fa8c2c7e0389110c7-candidate_extract"", ""947fa8c2c7e0389110c7-candidate_final""]",True,False,True,False,False,False,False,False,True,True,True,True,True,True,True,False,False,False,False,True,False,False,False,False
llama31_8b,test,CT20,temporal_distinction,2,C,"[""947fa8c2c7e0389110c7-candidate_extract"", ""947fa8c2c7e0389110c7-candidate_final""]",True,False,True,False,False,False,False,False,True,True,True,True,True,True,True,False,False,False,False,True,False,False,False,False
llama31_8b,test,CT20,temporal_distinction,2,R,"[""947fa8c2c7e0389110c7-candidate_extract"", ""947fa8c2c7e0389110c7-candidate_final""]",True,False,True,False,False,False,False,False,True,True,True,True,True,True,True,False,False,False,False,True,False,False,True,False
llama31_8b,test,CT20,temporal_distinction,2,CR,"[""947fa8c2c7e0389110c7-candidate_extract"", ""947fa8c2c7e0389110c7-candidate_final""]",True,False,True,False,False,False,False,False,True,True,True,True,True,True,True,False,False,False,False,True,False,False,True,False
llama31_8b,test,CT20,temporal_distinction,2,SR1,"[""947fa8c2c7e0389110c7-g_draft"", ""947fa8c2c7e0389110c7-sr_feedback"", ""947fa8c2c7e0389110c7-sr_refine""]",True,False,True,False,False,False,False,True,True,True,True,True,True,True,True,True,False,False,False,False,False,False,False,False
llama31_8b,test,CT20,temporal_distinction,3,D,"[""7beb3b12e05c02fc94cc-g_draft""]",True,False,True,False,False,False,False,True,True,True,True,True,True,True,True,True,False,False,False,False,False,False,False,False
llama31_8b,test,CT20,temporal_distinction,3,G,"[""7beb3b12e05c02fc94cc-g_draft"", ""7beb3b12e05c02fc94cc-g_final""]",True,False,True,False,False,False,False,True,True,True,True,True,True,True,True,True,False,False,False,False,False,False,False,False
llama31_8b,test,CT20,temporal_distinction,3,B,"[""7beb3b12e05c02fc94cc-candidate_extract"", ""7beb3b12e05c02fc94cc-candidate_final""]",True,False,True,False,False,False,False,False,True,True,True,True,True,True,True,False,False,False,False,True,False,False,False,False
llama31_8b,test,CT20,temporal_distinction,3,C,"[""7beb3b12e05c02fc94cc-candidate_extract"", ""7beb3b12e05c02fc94cc-candidate_final""]",True,False,True,False,False,False,False,False,True,True,True,True,True,True,True,False,False,False,False,True,False,False,False,False
llama31_8b,test,CT20,temporal_distinction,3,R,"[""7beb3b12e05c02fc94cc-candidate_extract"", ""7beb3b12e05c02fc94cc-candidate_final""]",True,False,True,False,False,False,False,False,True,True,True,True,True,True,True,False,False,False,False,True,False,False,True,False
llama31_8b,test,CT20,temporal_distinction,3,CR,"[""7beb3b12e05c02fc94cc-candidate_extract"", ""7beb3b12e05c02fc94cc-candidate_final""]",True,False,True,False,False,False,False,False,True,True,True,True,True,True,True,False,False,False,False,True,False,False,True,False
llama31_8b,test,CT20,temporal_distinction,3,SR1,"[""7beb3b12e05c02fc94cc-g_draft"", ""7beb3b12e05c02fc94cc-sr_feedback"", ""7beb3b12e05c02fc94cc-sr_refine""]",True,False,True,False,False,False,False,True,True,True,True,True,True,True,True,True,False,False,False,False,False,False,False,False
llama31_8b,test,CT21,conflicting_transcript_alternatives,1,D,"[""c8f8cc011124f03b7a5b-g_draft""]",False,False,True,False,False,False,False,False,True,True,True,True,True,True,True,False,False,True,True,False,False,False,False,False
llama31_8b,test,CT21,conflicting_transcript_alternatives,1,G,"[""c8f8cc011124f03b7a5b-g_draft"", ""c8f8cc011124f03b7a5b-g_final""]",False,False,True,False,False,False,False,False,True,True,True,True,True,True,True,False,False,True,True,False,False,False,False,False
llama31_8b,test,CT21,conflicting_transcript_alternatives,1,B,"[""c8f8cc011124f03b7a5b-candidate_extract"", ""c8f8cc011124f03b7a5b-candidate_final""]",False,False,False,False,True,False,True,False,False,False,False,False,False,False,False,False,False,False,False,False,False,False,False,False
llama31_8b,test,CT21,conflicting_transcript_alternatives,1,C,"[""c8f8cc011124f03b7a5b-candidate_extract"", ""c8f8cc011124f03b7a5b-candidate_final""]",False,False,False,False,True,False,True,False,False,False,False,False,False,False,False,False,False,False,False,False,False,False,False,False
llama31_8b,test,CT21,conflicting_transcript_alternatives,1,R,"[""c8f8cc011124f03b7a5b-candidate_extract"", ""c8f8cc011124f03b7a5b-candidate_final""]",False,False,False,False,True,False,True,False,False,False,False,False,False,False,False,False,False,False,False,False,False,False,False,False
llama31_8b,test,CT21,conflicting_transcript_alternatives,1,CR,"[""c8f8cc011124f03b7a5b-candidate_extract"", ""c8f8cc011124f03b7a5b-candidate_final""]",False,False,False,False,True,False,True,False,False,False,False,False,False,False,False,False,False,False,False,False,False,False,False,False
llama31_8b,test,CT21,conflicting_transcript_alternatives,1,SR1,"[""c8f8cc011124f03b7a5b-g_draft"", ""c8f8cc011124f03b7a5b-sr_feedback"", ""c8f8cc011124f03b7a5b-sr_refine""]",False,False,True,False,False,False,False,False,True,False,True,True,False,True,False,False,False,False,True,False,True,True,False,False
llama31_8b,test,CT21,conflicting_transcript_alternatives,2,D,"[""7480618ab8b58b8a6f0e-g_draft""]",False,False,True,False,False,False,False,False,True,True,True,True,True,True,True,False,False,True,True,False,False,False,False,False
llama31_8b,test,CT21,conflicting_transcript_alternatives,2,G,"[""7480618ab8b58b8a6f0e-g_draft"", ""7480618ab8b58b8a6f0e-g_final""]",False,False,True,False,False,False,False,False,True,True,True,True,True,True,True,False,False,True,True,False,False,False,False,False
llama31_8b,test,CT21,conflicting_transcript_alternatives,2,B,"[""7480618ab8b58b8a6f0e-candidate_extract"", ""7480618ab8b58b8a6f0e-candidate_final""]",False,False,True,False,False,False,False,False,True,True,True,True,True,True,True,False,False,True,True,False,False,False,False,False
llama31_8b,test,CT21,conflicting_transcript_alternatives,2,C,"[""7480618ab8b58b8a6f0e-candidate_extract"", ""7480618ab8b58b8a6f0e-candidate_final""]",False,False,True,False,False,False,False,False,True,True,True,True,True,True,True,False,False,True,True,False,False,False,False,False
llama31_8b,test,CT21,conflicting_transcript_alternatives,2,R,"[""7480618ab8b58b8a6f0e-candidate_extract"", ""7480618ab8b58b8a6f0e-candidate_final""]",False,False,True,False,False,False,False,False,True,True,True,True,True,True,True,False,False,True,True,False,False,False,False,False
llama31_8b,test,CT21,conflicting_transcript_alternatives,2,CR,"[""7480618ab8b58b8a6f0e-candidate_extract"", ""7480618ab8b58b8a6f0e-candidate_final""]",False,False,True,False,False,False,False,False,True,True,True,True,True,True,True,False,False,True,True,False,False,False,False,False
llama31_8b,test,CT21,conflicting_transcript_alternatives,2,SR1,"[""7480618ab8b58b8a6f0e-g_draft"", ""7480618ab8b58b8a6f0e-sr_feedback"", ""7480618ab8b58b8a6f0e-sr_refine""]",False,False,True,False,False,False,False,False,True,False,True,True,False,True,False,False,False,False,True,False,True,True,False,False
llama31_8b,test,CT21,conflicting_transcript_alternatives,3,D,"[""079db6da1cbbcc1429ec-g_draft""]",False,False,True,False,False,False,False,False,True,True,True,True,True,True,True,False,False,True,True,False,False,False,False,False
llama31_8b,test,CT21,conflicting_transcript_alternatives,3,G,"[""079db6da1cbbcc1429ec-g_draft"", ""079db6da1cbbcc1429ec-g_final""]",False,False,True,False,False,False,False,False,True,True,True,True,True,True,True,False,False,True,True,False,False,False,False,False
llama31_8b,test,CT21,conflicting_transcript_alternatives,3,B,"[""079db6da1cbbcc1429ec-candidate_extract"", ""079db6da1cbbcc1429ec-candidate_final""]",False,False,True,False,False,False,False,False,True,True,True,True,True,True,True,False,False,True,True,False,False,False,False,False
llama31_8b,test,CT21,conflicting_transcript_alternatives,3,C,"[""079db6da1cbbcc1429ec-candidate_extract"", ""079db6da1cbbcc1429ec-candidate_final""]",False,False,True,False,False,False,False,False,True,True,True,True,True,True,True,False,False,True,True,False,False,False,False,False
llama31_8b,test,CT21,conflicting_transcript_alternatives,3,R,"[""079db6da1cbbcc1429ec-candidate_extract"", ""079db6da1cbbcc1429ec-candidate_final""]",False,False,True,False,False,False,False,False,True,True,True,True,True,True,True,False,False,True,True,False,False,False,False,False
llama31_8b,test,CT21,conflicting_transcript_alternatives,3,CR,"[""079db6da1cbbcc1429ec-candidate_extract"", ""079db6da1cbbcc1429ec-candidate_final""]",False,False,True,False,False,False,False,False,True,True,True,True,True,True,True,False,False,True,True,False,False,False,False,False
llama31_8b,test,CT21,conflicting_transcript_alternatives,3,SR1,"[""079db6da1cbbcc1429ec-g_draft"", ""079db6da1cbbcc1429ec-sr_feedback"", ""079db6da1cbbcc1429ec-sr_refine""]",False,False,True,False,False,False,False,False,True,False,True,True,False,True,False,False,False,False,True,False,True,True,False,False
llama31_8b,test,CT22,conflicting_transcript_alternatives,1,D,"[""20c23c7e0f29c1c05718-g_draft""]",False,False,True,False,False,False,False,True,False,True,False,True,False,True,False,False,False,False,False,False,True,True,False,False
llama31_8b,test,CT22,conflicting_transcript_alternatives,1,G,"[""20c23c7e0f29c1c05718-g_draft"", ""20c23c7e0f29c1c05718-g_final""]",False,False,True,False,False,False,False,False,True,True,True,True,False,True,False,False,False,False,True,False,True,True,False,False
llama31_8b,test,CT22,conflicting_transcript_alternatives,1,B,"[""20c23c7e0f29c1c05718-candidate_extract"", ""20c23c7e0f29c1c05718-candidate_final""]",False,False,False,False,True,False,True,False,False,False,False,False,False,False,False,False,False,False,False,False,False,False,False,False
llama31_8b,test,CT22,conflicting_transcript_alternatives,1,C,"[""20c23c7e0f29c1c05718-candidate_extract"", ""20c23c7e0f29c1c05718-candidate_final""]",False,False,False,False,True,False,True,False,False,False,False,False,False,False,False,False,False,False,False,False,False,False,False,False
llama31_8b,test,CT22,conflicting_transcript_alternatives,1,R,"[""20c23c7e0f29c1c05718-candidate_extract"", ""20c23c7e0f29c1c05718-candidate_final""]",False,False,False,False,True,False,True,False,False,False,False,False,False,False,False,False,False,False,False,False,False,False,False,False
llama31_8b,test,CT22,conflicting_transcript_alternatives,1,CR,"[""20c23c7e0f29c1c05718-candidate_extract"", ""20c23c7e0f29c1c05718-candidate_final""]",False,False,False,False,True,False,True,False,False,False,False,False,False,False,False,False,False,False,False,False,False,False,False,False
llama31_8b,test,CT22,conflicting_transcript_alternatives,1,SR1,"[""20c23c7e0f29c1c05718-g_draft"", ""20c23c7e0f29c1c05718-sr_feedback"", ""20c23c7e0f29c1c05718-sr_refine""]",False,False,True,False,False,False,False,True,True,True,True,True,True,True,True,False,False,True,False,False,False,False,False,False
llama31_8b,test,CT22,conflicting_transcript_alternatives,2,D,"[""d2cfc88592ec592a1354-g_draft""]",False,False,True,False,False,False,False,True,False,False,False,True,False,True,False,False,False,False,False,False,True,True,False,False
llama31_8b,test,CT22,conflicting_transcript_alternatives,2,G,"[""d2cfc88592ec592a1354-g_draft"", ""d2cfc88592ec592a1354-g_final""]",False,False,True,False,False,False,False,False,True,False,True,True,False,True,False,False,False,False,True,False,True,True,False,False
llama31_8b,test,CT22,conflicting_transcript_alternatives,2,B,"[""d2cfc88592ec592a1354-candidate_extract"", ""d2cfc88592ec592a1354-candidate_final""]",False,False,False,False,True,False,True,False,False,False,False,False,False,False,False,False,False,False,False,False,False,False,False,False
llama31_8b,test,CT22,conflicting_transcript_alternatives,2,C,"[""d2cfc88592ec592a1354-candidate_extract"", ""d2cfc88592ec592a1354-candidate_final""]",False,False,False,False,True,False,True,False,False,False,False,False,False,False,False,False,False,False,False,False,False,False,False,False
llama31_8b,test,CT22,conflicting_transcript_alternatives,2,R,"[""d2cfc88592ec592a1354-candidate_extract"", ""d2cfc88592ec592a1354-candidate_final""]",False,False,False,False,True,False,True,False,False,False,False,False,False,False,False,False,False,False,False,False,False,False,False,False
llama31_8b,test,CT22,conflicting_transcript_alternatives,2,CR,"[""d2cfc88592ec592a1354-candidate_extract"", ""d2cfc88592ec592a1354-candidate_final""]",False,False,False,False,True,False,True,False,False,False,False,False,False,False,False,False,False,False,False,False,False,False,False,False
llama31_8b,test,CT22,conflicting_transcript_alternatives,2,SR1,"[""d2cfc88592ec592a1354-g_draft"", ""d2cfc88592ec592a1354-sr_feedback"", ""d2cfc88592ec592a1354-sr_refine""]",False,False,True,False,False,False,False,True,False,False,False,True,False,True,False,False,False,False,False,False,True,True,False,False
llama31_8b,test,CT22,conflicting_transcript_alternatives,3,D,"[""30deea3dcd9a78c42ec3-g_draft""]",False,False,True,False,False,False,False,True,False,True,False,True,False,True,False,False,False,False,False,False,True,True,False,False
llama31_8b,test,CT22,conflicting_transcript_alternatives,3,G,"[""30deea3dcd9a78c42ec3-g_draft"", ""30deea3dcd9a78c42ec3-g_final""]",False,False,True,False,False,False,False,False,False,True,False,True,False,True,False,False,False,False,True,False,True,True,False,False
llama31_8b,test,CT22,conflicting_transcript_alternatives,3,B,"[""30deea3dcd9a78c42ec3-candidate_extract"", ""30deea3dcd9a78c42ec3-candidate_final""]",False,False,False,False,True,False,True,False,False,False,False,False,False,False,False,False,False,False,False,False,False,False,False,False
llama31_8b,test,CT22,conflicting_transcript_alternatives,3,C,"[""30deea3dcd9a78c42ec3-candidate_extract"", ""30deea3dcd9a78c42ec3-candidate_final""]",False,False,False,False,True,False,True,False,False,False,False,False,False,False,False,False,False,False,False,False,False,False,False,False
llama31_8b,test,CT22,conflicting_transcript_alternatives,3,R,"[""30deea3dcd9a78c42ec3-candidate_extract"", ""30deea3dcd9a78c42ec3-candidate_final""]",False,False,False,False,True,False,True,False,False,False,False,False,False,False,False,False,False,False,False,False,False,False,False,False
llama31_8b,test,CT22,conflicting_transcript_alternatives,3,CR,"[""30deea3dcd9a78c42ec3-candidate_extract"", ""30deea3dcd9a78c42ec3-candidate_final""]",False,False,False,False,True,False,True,False,False,False,False,False,False,False,False,False,False,False,False,False,False,False,False,False
llama31_8b,test,CT22,conflicting_transcript_alternatives,3,SR1,"[""30deea3dcd9a78c42ec3-g_draft"", ""30deea3dcd9a78c42ec3-sr_feedback"", ""30deea3dcd9a78c42ec3-sr_refine""]",False,False,True,False,False,False,False,True,False,True,False,True,False,True,False,False,False,False,False,False,True,True,False,False
llama31_8b,test,CT23,conflicting_transcript_alternatives,1,D,"[""8bdebc6de08f3846f8eb-g_draft""]",False,False,True,False,False,False,False,True,True,True,True,True,True,True,True,False,False,True,False,False,False,False,False,False
llama31_8b,test,CT23,conflicting_transcript_alternatives,1,G,"[""8bdebc6de08f3846f8eb-g_draft"", ""8bdebc6de08f3846f8eb-g_final""]",False,False,True,False,False,False,False,True,True,True,True,True,True,True,True,False,False,True,False,False,False,False,False,False
llama31_8b,test,CT23,conflicting_transcript_alternatives,1,B,"[""8bdebc6de08f3846f8eb-candidate_extract"", ""8bdebc6de08f3846f8eb-candidate_final""]",False,False,True,False,False,False,False,False,True,False,True,True,False,True,False,False,False,False,False,True,True,True,False,False
llama31_8b,test,CT23,conflicting_transcript_alternatives,1,C,"[""8bdebc6de08f3846f8eb-candidate_extract"", ""8bdebc6de08f3846f8eb-candidate_final""]",False,False,True,False,False,False,False,False,True,False,True,True,False,True,False,False,False,False,False,True,True,True,False,False
llama31_8b,test,CT23,conflicting_transcript_alternatives,1,R,"[""8bdebc6de08f3846f8eb-candidate_extract"", ""8bdebc6de08f3846f8eb-candidate_final""]",False,False,True,False,False,False,False,False,True,False,True,True,False,True,False,False,False,False,False,True,True,True,True,False
llama31_8b,test,CT23,conflicting_transcript_alternatives,1,CR,"[""8bdebc6de08f3846f8eb-candidate_extract"", ""8bdebc6de08f3846f8eb-candidate_final""]",False,False,True,False,False,False,False,False,True,False,True,True,False,True,False,False,False,False,False,True,True,True,True,False
llama31_8b,test,CT23,conflicting_transcript_alternatives,1,SR1,"[""8bdebc6de08f3846f8eb-g_draft"", ""8bdebc6de08f3846f8eb-sr_feedback"", ""8bdebc6de08f3846f8eb-sr_refine""]",False,False,True,False,False,False,False,True,True,True,True,True,True,True,True,False,False,True,False,False,False,False,False,False
llama31_8b,test,CT23,conflicting_transcript_alternatives,2,D,"[""9febd9ded6b82eff5b58-g_draft""]",False,False,True,False,False,False,False,True,True,True,True,True,True,True,True,False,False,True,False,False,False,False,False,False
llama31_8b,test,CT23,conflicting_transcript_alternatives,2,G,"[""9febd9ded6b82eff5b58-g_draft"", ""9febd9ded6b82eff5b58-g_final""]",False,False,True,False,False,False,False,True,True,True,True,True,True,True,True,False,False,True,False,False,False,False,False,False
llama31_8b,test,CT23,conflicting_transcript_alternatives,2,B,"[""9febd9ded6b82eff5b58-candidate_extract"", ""9febd9ded6b82eff5b58-candidate_final""]",False,False,True,False,False,False,False,True,True,True,True,True,True,True,True,False,False,True,False,False,False,False,False,False
llama31_8b,test,CT23,conflicting_transcript_alternatives,2,C,"[""9febd9ded6b82eff5b58-candidate_extract"", ""9febd9ded6b82eff5b58-candidate_final""]",False,False,True,False,False,False,False,True,True,True,True,True,True,True,True,False,False,True,False,False,False,False,False,False
llama31_8b,test,CT23,conflicting_transcript_alternatives,2,R,"[""9febd9ded6b82eff5b58-candidate_extract"", ""9febd9ded6b82eff5b58-candidate_final""]",False,False,True,False,False,False,False,True,True,True,True,True,True,True,True,False,False,True,False,False,False,False,False,False
llama31_8b,test,CT23,conflicting_transcript_alternatives,2,CR,"[""9febd9ded6b82eff5b58-candidate_extract"", ""9febd9ded6b82eff5b58-candidate_final""]",False,False,True,False,False,False,False,True,True,True,True,True,True,True,True,False,False,True,False,False,False,False,False,False
llama31_8b,test,CT23,conflicting_transcript_alternatives,2,SR1,"[""9febd9ded6b82eff5b58-g_draft"", ""9febd9ded6b82eff5b58-sr_feedback"", ""9febd9ded6b82eff5b58-sr_refine""]",False,False,True,False,True,False,False,True,True,True,True,True,True,True,True,False,False,True,False,False,False,False,False,False
llama31_8b,test,CT23,conflicting_transcript_alternatives,3,D,"[""db3ef6b8b2b25d69c687-g_draft""]",False,False,True,False,False,False,False,True,True,False,True,True,False,True,False,False,False,False,False,False,True,True,False,False
llama31_8b,test,CT23,conflicting_transcript_alternatives,3,G,"[""db3ef6b8b2b25d69c687-g_draft"", ""db3ef6b8b2b25d69c687-g_final""]",False,False,True,False,False,False,False,True,True,False,True,True,False,True,False,False,False,False,False,False,True,True,False,False
llama31_8b,test,CT23,conflicting_transcript_alternatives,3,B,"[""db3ef6b8b2b25d69c687-candidate_extract"", ""db3ef6b8b2b25d69c687-candidate_final""]",False,False,True,False,False,False,False,True,True,False,True,True,False,True,False,False,False,False,False,False,True,True,False,False
llama31_8b,test,CT23,conflicting_transcript_alternatives,3,C,"[""db3ef6b8b2b25d69c687-candidate_extract"", ""db3ef6b8b2b25d69c687-candidate_final""]",False,False,True,False,False,False,False,True,True,False,True,True,False,True,False,False,False,False,False,False,True,True,False,False
llama31_8b,test,CT23,conflicting_transcript_alternatives,3,R,"[""db3ef6b8b2b25d69c687-candidate_extract"", ""db3ef6b8b2b25d69c687-candidate_final""]",False,False,True,False,False,False,False,True,True,False,True,True,False,True,False,False,False,False,False,False,True,True,True,False
llama31_8b,test,CT23,conflicting_transcript_alternatives,3,CR,"[""db3ef6b8b2b25d69c687-candidate_extract"", ""db3ef6b8b2b25d69c687-candidate_final""]",False,False,True,False,False,False,False,True,True,False,True,True,False,True,False,False,False,False,False,False,True,True,True,False
llama31_8b,test,CT23,conflicting_transcript_alternatives,3,SR1,"[""db3ef6b8b2b25d69c687-g_draft"", ""db3ef6b8b2b25d69c687-sr_feedback"", ""db3ef6b8b2b25d69c687-sr_refine""]",False,False,True,False,False,False,False,True,True,False,True,True,False,True,False,False,False,False,False,False,True,True,False,False
llama31_8b,test,CT24,conflicting_transcript_alternatives,1,D,"[""a946113cae728632871c-g_draft""]",False,False,True,False,False,False,False,True,True,True,True,True,True,True,True,False,False,True,False,False,False,False,False,False
llama31_8b,test,CT24,conflicting_transcript_alternatives,1,G,"[""a946113cae728632871c-g_draft"", ""a946113cae728632871c-g_final""]",False,False,True,False,False,False,False,True,True,True,True,True,True,True,True,False,False,True,False,False,False,False,False,False
llama31_8b,test,CT24,conflicting_transcript_alternatives,1,B,"[""a946113cae728632871c-candidate_extract"", ""a946113cae728632871c-candidate_final""]",False,False,False,False,True,False,True,False,False,False,False,False,False,False,False,False,False,False,False,False,False,False,False,False
llama31_8b,test,CT24,conflicting_transcript_alternatives,1,C,"[""a946113cae728632871c-candidate_extract"", ""a946113cae728632871c-candidate_final""]",False,False,False,False,True,False,True,False,False,False,False,False,False,False,False,False,False,False,False,False,False,False,False,False
llama31_8b,test,CT24,conflicting_transcript_alternatives,1,R,"[""a946113cae728632871c-candidate_extract"", ""a946113cae728632871c-candidate_final""]",False,False,False,False,True,False,True,False,False,False,False,False,False,False,False,False,False,False,False,False,False,False,False,False
llama31_8b,test,CT24,conflicting_transcript_alternatives,1,CR,"[""a946113cae728632871c-candidate_extract"", ""a946113cae728632871c-candidate_final""]",False,False,False,False,True,False,True,False,False,False,False,False,False,False,False,False,False,False,False,False,False,False,False,False
llama31_8b,test,CT24,conflicting_transcript_alternatives,1,SR1,"[""a946113cae728632871c-g_draft"", ""a946113cae728632871c-sr_feedback"", ""a946113cae728632871c-sr_refine""]",False,False,True,False,True,False,False,True,True,True,True,True,True,True,True,False,False,True,False,False,False,False,False,False
llama31_8b,test,CT24,conflicting_transcript_alternatives,2,D,"[""1bef19a4e7b621b72133-g_draft""]",False,False,True,False,False,False,False,True,True,True,True,True,True,True,True,False,False,True,False,False,False,False,False,False
llama31_8b,test,CT24,conflicting_transcript_alternatives,2,G,"[""1bef19a4e7b621b72133-g_draft"", ""1bef19a4e7b621b72133-g_final""]",False,False,True,False,False,False,False,True,True,True,True,True,True,True,True,False,False,True,False,False,False,False,False,False
llama31_8b,test,CT24,conflicting_transcript_alternatives,2,B,"[""1bef19a4e7b621b72133-candidate_extract"", ""1bef19a4e7b621b72133-candidate_final""]",False,False,False,False,True,False,True,False,False,False,False,False,False,False,False,False,False,False,False,False,False,False,False,False
llama31_8b,test,CT24,conflicting_transcript_alternatives,2,C,"[""1bef19a4e7b621b72133-candidate_extract"", ""1bef19a4e7b621b72133-candidate_final""]",False,False,False,False,True,False,True,False,False,False,False,False,False,False,False,False,False,False,False,False,False,False,False,False
llama31_8b,test,CT24,conflicting_transcript_alternatives,2,R,"[""1bef19a4e7b621b72133-candidate_extract"", ""1bef19a4e7b621b72133-candidate_final""]",False,False,False,False,True,False,True,False,False,False,False,False,False,False,False,False,False,False,False,False,False,False,False,False
llama31_8b,test,CT24,conflicting_transcript_alternatives,2,CR,"[""1bef19a4e7b621b72133-candidate_extract"", ""1bef19a4e7b621b72133-candidate_final""]",False,False,False,False,True,False,True,False,False,False,False,False,False,False,False,False,False,False,False,False,False,False,False,False
llama31_8b,test,CT24,conflicting_transcript_alternatives,2,SR1,"[""1bef19a4e7b621b72133-g_draft"", ""1bef19a4e7b621b72133-sr_feedback"", ""1bef19a4e7b621b72133-sr_refine""]",False,False,True,False,False,False,False,True,True,True,True,True,True,True,True,False,False,True,False,False,False,False,False,False
llama31_8b,test,CT24,conflicting_transcript_alternatives,3,D,"[""96bb744247e32b3cef3e-g_draft""]",False,False,True,False,False,False,False,True,True,True,True,True,True,True,True,False,False,True,False,False,False,False,False,False
llama31_8b,test,CT24,conflicting_transcript_alternatives,3,G,"[""96bb744247e32b3cef3e-g_draft"", ""96bb744247e32b3cef3e-g_final""]",False,False,True,False,False,False,False,True,True,True,True,True,True,True,True,False,False,True,False,False,False,False,False,False
llama31_8b,test,CT24,conflicting_transcript_alternatives,3,B,"[""96bb744247e32b3cef3e-candidate_extract"", ""96bb744247e32b3cef3e-candidate_final""]",False,False,False,False,True,False,True,False,False,False,False,False,False,False,False,False,False,False,False,False,False,False,False,False
llama31_8b,test,CT24,conflicting_transcript_alternatives,3,C,"[""96bb744247e32b3cef3e-candidate_extract"", ""96bb744247e32b3cef3e-candidate_final""]",False,False,False,False,True,False,True,False,False,False,False,False,False,False,False,False,False,False,False,False,False,False,False,False
llama31_8b,test,CT24,conflicting_transcript_alternatives,3,R,"[""96bb744247e32b3cef3e-candidate_extract"", ""96bb744247e32b3cef3e-candidate_final""]",False,False,False,False,True,False,True,False,False,False,False,False,False,False,False,False,False,False,False,False,False,False,False,False
llama31_8b,test,CT24,conflicting_transcript_alternatives,3,CR,"[""96bb744247e32b3cef3e-candidate_extract"", ""96bb744247e32b3cef3e-candidate_final""]",False,False,False,False,True,False,True,False,False,False,False,False,False,False,False,False,False,False,False,False,False,False,False,False
llama31_8b,test,CT24,conflicting_transcript_alternatives,3,SR1,"[""96bb744247e32b3cef3e-g_draft"", ""96bb744247e32b3cef3e-sr_feedback"", ""96bb744247e32b3cef3e-sr_refine""]",False,False,True,False,False,False,False,True,True,True,True,True,True,True,True,False,False,True,False,False,False,False,False,False
llama31_8b,test,CT25,innocuous_equivalent_variants,1,D,"[""b0e8c710c10a765ad874-g_draft""]",True,False,True,False,False,False,False,True,True,True,True,True,True,True,True,True,False,False,False,False,False,False,False,False
llama31_8b,test,CT25,innocuous_equivalent_variants,1,G,"[""b0e8c710c10a765ad874-g_draft"", ""b0e8c710c10a765ad874-g_final""]",True,False,True,False,False,False,False,True,True,True,True,True,True,True,True,True,False,False,False,False,False,False,False,False
llama31_8b,test,CT25,innocuous_equivalent_variants,1,B,"[""b0e8c710c10a765ad874-candidate_extract"", ""b0e8c710c10a765ad874-candidate_final""]",True,False,True,False,False,False,False,True,True,True,True,True,True,True,True,True,False,False,False,False,False,False,False,False
llama31_8b,test,CT25,innocuous_equivalent_variants,1,C,"[""b0e8c710c10a765ad874-candidate_extract"", ""b0e8c710c10a765ad874-candidate_final""]",True,False,True,False,False,False,False,True,True,True,True,True,True,True,True,True,False,False,False,False,False,False,False,False
llama31_8b,test,CT25,innocuous_equivalent_variants,1,R,"[""b0e8c710c10a765ad874-candidate_extract"", ""b0e8c710c10a765ad874-candidate_final""]",True,False,True,False,False,False,False,True,True,True,True,True,True,True,True,True,False,False,False,False,False,False,True,False
llama31_8b,test,CT25,innocuous_equivalent_variants,1,CR,"[""b0e8c710c10a765ad874-candidate_extract"", ""b0e8c710c10a765ad874-candidate_final""]",True,False,True,False,False,False,False,True,True,True,True,True,True,True,True,True,False,False,False,False,False,False,True,False
llama31_8b,test,CT25,innocuous_equivalent_variants,1,SR1,"[""b0e8c710c10a765ad874-g_draft"", ""b0e8c710c10a765ad874-sr_feedback"", ""b0e8c710c10a765ad874-sr_refine""]",True,False,True,False,False,False,False,True,True,True,True,True,True,True,True,True,False,False,False,False,False,False,False,False
llama31_8b,test,CT25,innocuous_equivalent_variants,2,D,"[""d7a9eca4d204f9d17add-g_draft""]",True,False,True,False,False,False,False,True,True,True,True,True,True,True,True,True,False,False,False,False,False,False,False,False
llama31_8b,test,CT25,innocuous_equivalent_variants,2,G,"[""d7a9eca4d204f9d17add-g_draft"", ""d7a9eca4d204f9d17add-g_final""]",True,False,True,False,False,False,False,True,True,True,True,True,True,True,True,True,False,False,False,False,False,False,False,False
llama31_8b,test,CT25,innocuous_equivalent_variants,2,B,"[""d7a9eca4d204f9d17add-candidate_extract"", ""d7a9eca4d204f9d17add-candidate_final""]",True,False,True,False,False,False,False,False,True,True,True,True,True,True,True,False,False,False,False,True,False,False,False,False
llama31_8b,test,CT25,innocuous_equivalent_variants,2,C,"[""d7a9eca4d204f9d17add-candidate_extract"", ""d7a9eca4d204f9d17add-candidate_final""]",True,False,True,False,False,False,False,False,True,True,True,True,True,True,True,False,False,False,False,True,False,False,False,False
llama31_8b,test,CT25,innocuous_equivalent_variants,2,R,"[""d7a9eca4d204f9d17add-candidate_extract"", ""d7a9eca4d204f9d17add-candidate_final""]",True,False,True,False,False,False,False,False,True,True,True,True,True,True,True,False,False,False,False,True,False,False,True,False
llama31_8b,test,CT25,innocuous_equivalent_variants,2,CR,"[""d7a9eca4d204f9d17add-candidate_extract"", ""d7a9eca4d204f9d17add-candidate_final""]",True,False,True,False,False,False,False,False,True,True,True,True,True,True,True,False,False,False,False,True,False,False,True,False
llama31_8b,test,CT25,innocuous_equivalent_variants,2,SR1,"[""d7a9eca4d204f9d17add-g_draft"", ""d7a9eca4d204f9d17add-sr_feedback"", ""d7a9eca4d204f9d17add-sr_refine""]",True,False,True,False,False,False,False,True,True,True,True,True,True,True,True,True,False,False,False,False,False,False,False,False
llama31_8b,test,CT25,innocuous_equivalent_variants,3,D,"[""9dfb6362d2a8a8936914-g_draft""]",True,False,True,False,False,False,False,True,True,True,True,True,True,True,True,True,False,False,False,False,False,False,False,False
llama31_8b,test,CT25,innocuous_equivalent_variants,3,G,"[""9dfb6362d2a8a8936914-g_draft"", ""9dfb6362d2a8a8936914-g_final""]",True,False,True,False,False,False,False,True,True,True,True,True,True,True,True,True,False,False,False,False,False,False,False,False
llama31_8b,test,CT25,innocuous_equivalent_variants,3,B,"[""9dfb6362d2a8a8936914-candidate_extract"", ""9dfb6362d2a8a8936914-candidate_final""]",True,False,True,False,False,False,False,True,True,True,True,True,True,True,True,True,False,False,False,False,False,False,False,False
llama31_8b,test,CT25,innocuous_equivalent_variants,3,C,"[""9dfb6362d2a8a8936914-candidate_extract"", ""9dfb6362d2a8a8936914-candidate_final""]",True,False,True,False,False,False,False,True,True,True,True,True,True,True,True,True,False,False,False,False,False,False,False,False
llama31_8b,test,CT25,innocuous_equivalent_variants,3,R,"[""9dfb6362d2a8a8936914-candidate_extract"", ""9dfb6362d2a8a8936914-candidate_final""]",True,False,True,False,False,False,False,True,True,True,True,True,True,True,True,True,False,False,False,False,False,False,True,False
llama31_8b,test,CT25,innocuous_equivalent_variants,3,CR,"[""9dfb6362d2a8a8936914-candidate_extract"", ""9dfb6362d2a8a8936914-candidate_final""]",True,False,True,False,False,False,False,True,True,True,True,True,True,True,True,True,False,False,False,False,False,False,True,False
llama31_8b,test,CT25,innocuous_equivalent_variants,3,SR1,"[""9dfb6362d2a8a8936914-g_draft"", ""9dfb6362d2a8a8936914-sr_feedback"", ""9dfb6362d2a8a8936914-sr_refine""]",True,False,True,False,False,False,False,True,True,True,True,True,True,True,True,True,False,False,False,False,False,False,False,False
llama31_8b,test,CT26,innocuous_equivalent_variants,1,D,"[""eb7f960272a8a3a32859-g_draft""]",True,False,True,False,False,False,False,False,True,True,True,True,True,True,True,False,False,False,False,True,False,False,False,False
llama31_8b,test,CT26,innocuous_equivalent_variants,1,G,"[""eb7f960272a8a3a32859-g_draft"", ""eb7f960272a8a3a32859-g_final""]",True,False,True,False,False,False,False,True,True,True,True,True,True,True,True,True,False,False,False,False,False,False,False,False
llama31_8b,test,CT26,innocuous_equivalent_variants,1,B,"[""eb7f960272a8a3a32859-candidate_extract"", ""eb7f960272a8a3a32859-candidate_final""]",True,False,True,False,False,False,False,False,False,True,True,True,True,True,False,False,False,False,False,True,False,False,False,False
llama31_8b,test,CT26,innocuous_equivalent_variants,1,C,"[""eb7f960272a8a3a32859-candidate_extract"", ""eb7f960272a8a3a32859-candidate_final""]",True,False,True,False,False,False,False,False,False,True,True,True,True,True,False,False,False,False,False,True,False,False,False,False
llama31_8b,test,CT26,innocuous_equivalent_variants,1,R,"[""eb7f960272a8a3a32859-candidate_extract"", ""eb7f960272a8a3a32859-candidate_final""]",True,False,True,False,False,False,False,False,False,True,True,True,True,True,False,False,False,False,False,True,False,False,False,False
llama31_8b,test,CT26,innocuous_equivalent_variants,1,CR,"[""eb7f960272a8a3a32859-candidate_extract"", ""eb7f960272a8a3a32859-candidate_final""]",True,False,True,False,False,False,False,False,False,True,True,True,True,True,False,False,False,False,False,True,False,False,False,False
llama31_8b,test,CT26,innocuous_equivalent_variants,1,SR1,"[""eb7f960272a8a3a32859-g_draft"", ""eb7f960272a8a3a32859-sr_feedback"", ""eb7f960272a8a3a32859-sr_refine""]",True,False,True,False,False,False,False,False,True,True,True,True,True,True,True,False,False,False,False,True,False,False,False,False
llama31_8b,test,CT26,innocuous_equivalent_variants,2,D,"[""049f2b719ab9b1f3a773-g_draft""]",True,False,True,False,False,False,False,True,True,True,True,True,True,True,True,True,False,False,False,False,False,False,False,False
llama31_8b,test,CT26,innocuous_equivalent_variants,2,G,"[""049f2b719ab9b1f3a773-g_draft"", ""049f2b719ab9b1f3a773-g_final""]",True,False,True,False,False,False,False,True,True,True,True,True,True,True,True,True,False,False,False,False,False,False,False,False
llama31_8b,test,CT26,innocuous_equivalent_variants,2,B,"[""049f2b719ab9b1f3a773-candidate_extract"", ""049f2b719ab9b1f3a773-candidate_final""]",True,False,True,False,False,False,False,True,False,True,True,True,False,True,False,False,False,False,False,False,True,True,False,False
llama31_8b,test,CT26,innocuous_equivalent_variants,2,C,"[""049f2b719ab9b1f3a773-candidate_extract"", ""049f2b719ab9b1f3a773-candidate_final""]",True,False,True,False,False,False,False,True,False,True,True,True,False,True,False,False,False,False,False,False,True,True,False,False
llama31_8b,test,CT26,innocuous_equivalent_variants,2,R,"[""049f2b719ab9b1f3a773-candidate_extract"", ""049f2b719ab9b1f3a773-candidate_final""]",True,False,True,False,False,False,False,True,False,True,True,True,False,True,False,False,False,False,False,False,True,True,True,False
llama31_8b,test,CT26,innocuous_equivalent_variants,2,CR,"[""049f2b719ab9b1f3a773-candidate_extract"", ""049f2b719ab9b1f3a773-candidate_final""]",True,False,True,False,False,False,False,True,False,True,True,True,False,True,False,False,False,False,False,False,True,True,True,False
llama31_8b,test,CT26,innocuous_equivalent_variants,2,SR1,"[""049f2b719ab9b1f3a773-g_draft"", ""049f2b719ab9b1f3a773-sr_feedback"", ""049f2b719ab9b1f3a773-sr_refine""]",True,False,True,False,False,False,False,True,False,True,True,True,False,True,False,False,False,False,False,False,True,True,False,False
llama31_8b,test,CT26,innocuous_equivalent_variants,3,D,"[""9c102dea750b4da99730-g_draft""]",True,False,True,False,False,False,False,True,False,True,True,True,False,True,False,False,False,False,False,False,True,True,False,False
llama31_8b,test,CT26,innocuous_equivalent_variants,3,G,"[""9c102dea750b4da99730-g_draft"", ""9c102dea750b4da99730-g_final""]",True,False,True,False,False,False,False,True,False,True,True,True,False,True,False,False,False,False,False,False,True,True,False,False
llama31_8b,test,CT26,innocuous_equivalent_variants,3,B,"[""9c102dea750b4da99730-candidate_extract"", ""9c102dea750b4da99730-candidate_final""]",True,False,True,False,False,False,False,False,False,True,True,True,False,True,False,False,False,False,False,True,True,True,False,False
llama31_8b,test,CT26,innocuous_equivalent_variants,3,C,"[""9c102dea750b4da99730-candidate_extract"", ""9c102dea750b4da99730-candidate_final""]",True,False,True,False,False,False,False,False,False,True,True,True,False,True,False,False,False,False,False,True,True,True,False,False
llama31_8b,test,CT26,innocuous_equivalent_variants,3,R,"[""9c102dea750b4da99730-candidate_extract"", ""9c102dea750b4da99730-candidate_final""]",True,False,True,False,False,False,False,False,False,True,True,True,False,True,False,False,False,False,False,True,True,True,True,False
llama31_8b,test,CT26,innocuous_equivalent_variants,3,CR,"[""9c102dea750b4da99730-candidate_extract"", ""9c102dea750b4da99730-candidate_final""]",True,False,True,False,False,False,False,False,False,True,True,True,False,True,False,False,False,False,False,True,True,True,True,False
llama31_8b,test,CT26,innocuous_equivalent_variants,3,SR1,"[""9c102dea750b4da99730-g_draft"", ""9c102dea750b4da99730-sr_feedback"", ""9c102dea750b4da99730-sr_refine""]",True,False,True,False,False,False,False,True,False,True,True,True,True,True,False,False,False,False,False,False,False,False,False,False
llama31_8b,test,CT27,innocuous_equivalent_variants,1,D,"[""46ef6d4fdd48f767c2b3-g_draft""]",True,False,True,False,False,False,False,True,False,True,True,True,False,True,False,False,False,False,False,False,True,True,False,False
llama31_8b,test,CT27,innocuous_equivalent_variants,1,G,"[""46ef6d4fdd48f767c2b3-g_draft"", ""46ef6d4fdd48f767c2b3-g_final""]",True,False,True,False,False,False,False,True,False,True,True,True,False,True,False,False,False,False,False,False,True,True,False,False
llama31_8b,test,CT27,innocuous_equivalent_variants,1,B,"[""46ef6d4fdd48f767c2b3-candidate_extract"", ""46ef6d4fdd48f767c2b3-candidate_final""]",True,False,True,False,False,False,False,True,False,True,True,True,False,True,False,False,False,False,False,False,True,True,False,False
llama31_8b,test,CT27,innocuous_equivalent_variants,1,C,"[""46ef6d4fdd48f767c2b3-candidate_extract"", ""46ef6d4fdd48f767c2b3-candidate_final""]",True,False,True,False,False,False,False,True,False,True,True,True,False,True,False,False,False,False,False,False,True,True,False,False
llama31_8b,test,CT27,innocuous_equivalent_variants,1,R,"[""46ef6d4fdd48f767c2b3-candidate_extract"", ""46ef6d4fdd48f767c2b3-candidate_final""]",True,False,True,False,False,False,False,True,False,True,True,True,False,True,False,False,False,False,False,False,True,True,True,False
llama31_8b,test,CT27,innocuous_equivalent_variants,1,CR,"[""46ef6d4fdd48f767c2b3-candidate_extract"", ""46ef6d4fdd48f767c2b3-candidate_final""]",True,False,True,False,False,False,False,True,False,True,True,True,False,True,False,False,False,False,False,False,True,True,True,False
llama31_8b,test,CT27,innocuous_equivalent_variants,1,SR1,"[""46ef6d4fdd48f767c2b3-g_draft"", ""46ef6d4fdd48f767c2b3-sr_feedback"", ""46ef6d4fdd48f767c2b3-sr_refine""]",True,False,True,False,False,False,False,True,False,True,True,True,False,True,False,False,False,False,False,False,True,True,False,False
llama31_8b,test,CT27,innocuous_equivalent_variants,2,D,"[""3af0d1d92bfdefc7cb6a-g_draft""]",True,False,True,False,False,False,False,True,True,True,True,True,True,True,True,True,False,False,False,False,False,False,False,False
llama31_8b,test,CT27,innocuous_equivalent_variants,2,G,"[""3af0d1d92bfdefc7cb6a-g_draft"", ""3af0d1d92bfdefc7cb6a-g_final""]",True,False,True,False,False,False,False,True,True,True,True,True,True,True,True,True,False,False,False,False,False,False,False,False
llama31_8b,test,CT27,innocuous_equivalent_variants,2,B,"[""3af0d1d92bfdefc7cb6a-candidate_extract"", ""3af0d1d92bfdefc7cb6a-candidate_final""]",True,False,True,False,False,False,False,True,False,True,True,True,False,True,False,False,False,False,False,False,True,True,False,False
llama31_8b,test,CT27,innocuous_equivalent_variants,2,C,"[""3af0d1d92bfdefc7cb6a-candidate_extract"", ""3af0d1d92bfdefc7cb6a-candidate_final""]",True,False,True,False,False,False,False,True,False,True,True,True,False,True,False,False,False,False,False,False,True,True,False,False
llama31_8b,test,CT27,innocuous_equivalent_variants,2,R,"[""3af0d1d92bfdefc7cb6a-candidate_extract"", ""3af0d1d92bfdefc7cb6a-candidate_final""]",True,False,True,False,False,False,False,True,False,True,True,True,False,True,False,False,False,False,False,False,True,True,True,False
llama31_8b,test,CT27,innocuous_equivalent_variants,2,CR,"[""3af0d1d92bfdefc7cb6a-candidate_extract"", ""3af0d1d92bfdefc7cb6a-candidate_final""]",True,False,True,False,False,False,False,True,False,True,True,True,False,True,False,False,False,False,False,False,True,True,True,False
llama31_8b,test,CT27,innocuous_equivalent_variants,2,SR1,"[""3af0d1d92bfdefc7cb6a-g_draft"", ""3af0d1d92bfdefc7cb6a-sr_feedback"", ""3af0d1d92bfdefc7cb6a-sr_refine""]",True,False,True,False,False,False,False,True,True,True,True,True,True,True,True,True,False,False,False,False,False,False,False,False
llama31_8b,test,CT27,innocuous_equivalent_variants,3,D,"[""3bf25f4b667fe2fae09f-g_draft""]",True,False,True,False,False,False,False,True,True,True,True,True,True,True,True,True,False,False,False,False,False,False,False,False
llama31_8b,test,CT27,innocuous_equivalent_variants,3,G,"[""3bf25f4b667fe2fae09f-g_draft"", ""3bf25f4b667fe2fae09f-g_final""]",True,False,True,False,False,False,False,True,True,True,True,True,True,True,True,True,False,False,False,False,False,False,False,False
llama31_8b,test,CT27,innocuous_equivalent_variants,3,B,"[""3bf25f4b667fe2fae09f-candidate_extract"", ""3bf25f4b667fe2fae09f-candidate_final""]",True,False,True,False,False,False,False,True,False,True,True,True,False,True,False,False,False,False,False,False,True,True,False,False
llama31_8b,test,CT27,innocuous_equivalent_variants,3,C,"[""3bf25f4b667fe2fae09f-candidate_extract"", ""3bf25f4b667fe2fae09f-candidate_final""]",True,False,True,False,False,False,False,True,False,True,True,True,False,True,False,False,False,False,False,False,True,True,False,False
llama31_8b,test,CT27,innocuous_equivalent_variants,3,R,"[""3bf25f4b667fe2fae09f-candidate_extract"", ""3bf25f4b667fe2fae09f-candidate_final""]",True,False,True,False,False,False,False,True,False,True,True,True,False,True,False,False,False,False,False,False,True,True,True,False
llama31_8b,test,CT27,innocuous_equivalent_variants,3,CR,"[""3bf25f4b667fe2fae09f-candidate_extract"", ""3bf25f4b667fe2fae09f-candidate_final""]",True,False,True,False,False,False,False,True,False,True,True,True,False,True,False,False,False,False,False,False,True,True,True,False
llama31_8b,test,CT27,innocuous_equivalent_variants,3,SR1,"[""3bf25f4b667fe2fae09f-g_draft"", ""3bf25f4b667fe2fae09f-sr_feedback"", ""3bf25f4b667fe2fae09f-sr_refine""]",True,False,True,False,False,False,False,True,False,True,True,True,True,True,False,False,False,False,False,False,False,False,False,False
llama31_8b,test,CT28,innocuous_equivalent_variants,1,D,"[""4dce5e852f6eb41e565d-g_draft""]",True,False,True,False,False,False,False,True,True,True,True,True,True,True,True,True,False,False,False,False,False,False,False,False
llama31_8b,test,CT28,innocuous_equivalent_variants,1,G,"[""4dce5e852f6eb41e565d-g_draft"", ""4dce5e852f6eb41e565d-g_final""]",True,False,True,False,False,False,False,True,True,True,True,True,True,True,True,True,False,False,False,False,False,False,False,False
llama31_8b,test,CT28,innocuous_equivalent_variants,1,B,"[""4dce5e852f6eb41e565d-candidate_extract"", ""4dce5e852f6eb41e565d-candidate_final""]",True,False,True,False,False,False,False,True,False,True,True,True,True,True,False,False,False,False,False,False,False,False,False,False
llama31_8b,test,CT28,innocuous_equivalent_variants,1,C,"[""4dce5e852f6eb41e565d-candidate_extract"", ""4dce5e852f6eb41e565d-candidate_final""]",True,False,True,False,False,False,False,True,False,True,True,True,True,True,False,False,False,False,False,False,False,False,False,False
llama31_8b,test,CT28,innocuous_equivalent_variants,1,R,"[""4dce5e852f6eb41e565d-candidate_extract"", ""4dce5e852f6eb41e565d-candidate_final""]",True,False,True,False,False,False,False,True,False,True,True,True,True,True,False,False,False,False,False,False,False,False,False,False
llama31_8b,test,CT28,innocuous_equivalent_variants,1,CR,"[""4dce5e852f6eb41e565d-candidate_extract"", ""4dce5e852f6eb41e565d-candidate_final""]",True,False,True,False,False,False,False,True,False,True,True,True,True,True,False,False,False,False,False,False,False,False,False,False
llama31_8b,test,CT28,innocuous_equivalent_variants,1,SR1,"[""4dce5e852f6eb41e565d-g_draft"", ""4dce5e852f6eb41e565d-sr_feedback"", ""4dce5e852f6eb41e565d-sr_refine""]",True,False,True,False,False,False,False,True,True,True,True,True,True,True,True,True,False,False,False,False,False,False,False,False
llama31_8b,test,CT28,innocuous_equivalent_variants,2,D,"[""bb7e8be1e05f21ac7e46-g_draft""]",True,False,True,False,False,False,False,True,True,True,True,True,True,True,True,True,False,False,False,False,False,False,False,False
llama31_8b,test,CT28,innocuous_equivalent_variants,2,G,"[""bb7e8be1e05f21ac7e46-g_draft"", ""bb7e8be1e05f21ac7e46-g_final""]",True,False,True,False,False,False,False,True,True,True,True,True,True,True,True,True,False,False,False,False,False,False,False,False
llama31_8b,test,CT28,innocuous_equivalent_variants,2,B,"[""bb7e8be1e05f21ac7e46-candidate_extract"", ""bb7e8be1e05f21ac7e46-candidate_final""]",True,False,True,False,False,False,False,True,True,True,True,True,True,True,True,True,False,False,False,False,False,False,False,False
llama31_8b,test,CT28,innocuous_equivalent_variants,2,C,"[""bb7e8be1e05f21ac7e46-candidate_extract"", ""bb7e8be1e05f21ac7e46-candidate_final""]",True,False,True,False,False,False,False,True,True,True,True,True,True,True,True,True,False,False,False,False,False,False,False,False
llama31_8b,test,CT28,innocuous_equivalent_variants,2,R,"[""bb7e8be1e05f21ac7e46-candidate_extract"", ""bb7e8be1e05f21ac7e46-candidate_final""]",True,False,True,False,False,False,False,True,True,True,True,True,True,True,True,True,False,False,False,False,False,False,True,False
llama31_8b,test,CT28,innocuous_equivalent_variants,2,CR,"[""bb7e8be1e05f21ac7e46-candidate_extract"", ""bb7e8be1e05f21ac7e46-candidate_final""]",True,False,True,False,False,False,False,True,True,True,True,True,True,True,True,True,False,False,False,False,False,False,True,False
llama31_8b,test,CT28,innocuous_equivalent_variants,2,SR1,"[""bb7e8be1e05f21ac7e46-g_draft"", ""bb7e8be1e05f21ac7e46-sr_feedback"", ""bb7e8be1e05f21ac7e46-sr_refine""]",True,False,True,False,False,False,False,True,False,True,True,True,True,True,False,False,False,False,False,False,False,False,False,False
llama31_8b,test,CT28,innocuous_equivalent_variants,3,D,"[""841e9c1b965a5430444e-g_draft""]",True,False,True,False,False,False,False,True,False,True,True,True,True,True,False,False,False,False,False,False,False,False,False,False
llama31_8b,test,CT28,innocuous_equivalent_variants,3,G,"[""841e9c1b965a5430444e-g_draft"", ""841e9c1b965a5430444e-g_final""]",True,False,True,False,False,False,False,True,False,True,True,True,True,True,False,False,False,False,False,False,False,False,False,False
llama31_8b,test,CT28,innocuous_equivalent_variants,3,B,"[""841e9c1b965a5430444e-candidate_extract"", ""841e9c1b965a5430444e-candidate_final""]",True,False,True,False,False,False,False,True,False,True,True,True,True,True,False,False,False,False,False,False,False,False,False,False
llama31_8b,test,CT28,innocuous_equivalent_variants,3,C,"[""841e9c1b965a5430444e-candidate_extract"", ""841e9c1b965a5430444e-candidate_final""]",True,False,True,False,False,False,False,True,False,True,True,True,True,True,False,False,False,False,False,False,False,False,False,False
llama31_8b,test,CT28,innocuous_equivalent_variants,3,R,"[""841e9c1b965a5430444e-candidate_extract"", ""841e9c1b965a5430444e-candidate_final""]",True,False,True,False,False,False,False,True,False,True,True,True,True,True,False,False,False,False,False,False,False,False,False,False
llama31_8b,test,CT28,innocuous_equivalent_variants,3,CR,"[""841e9c1b965a5430444e-candidate_extract"", ""841e9c1b965a5430444e-candidate_final""]",True,False,True,False,False,False,False,True,False,True,True,True,True,True,False,False,False,False,False,False,False,False,False,False
llama31_8b,test,CT28,innocuous_equivalent_variants,3,SR1,"[""841e9c1b965a5430444e-g_draft"", ""841e9c1b965a5430444e-sr_feedback"", ""841e9c1b965a5430444e-sr_refine""]",True,False,True,False,False,False,False,True,False,True,True,True,True,True,False,False,False,False,False,False,False,False,False,False
llama31_8b,test,CT29,new_append,1,D,"[""4ae65938875e0f4a02b8-g_draft""]",True,False,False,False,True,False,True,False,False,False,False,False,False,False,False,False,False,False,False,False,False,False,False,False
llama31_8b,test,CT29,new_append,1,G,"[""4ae65938875e0f4a02b8-g_draft"", ""4ae65938875e0f4a02b8-g_final""]",True,False,False,False,True,False,True,False,False,False,False,False,False,False,False,False,False,False,False,False,False,False,False,False
llama31_8b,test,CT29,new_append,1,B,"[""4ae65938875e0f4a02b8-candidate_extract"", ""4ae65938875e0f4a02b8-candidate_final""]",True,False,True,False,False,False,False,False,False,True,True,True,False,True,False,False,False,False,False,True,True,True,False,False
llama31_8b,test,CT29,new_append,1,C,"[""4ae65938875e0f4a02b8-candidate_extract"", ""4ae65938875e0f4a02b8-candidate_final""]",True,False,True,False,False,False,False,False,False,True,True,True,False,True,False,False,False,False,False,True,True,True,False,False
llama31_8b,test,CT29,new_append,1,R,"[""4ae65938875e0f4a02b8-candidate_extract"", ""4ae65938875e0f4a02b8-candidate_final""]",True,False,True,False,False,False,False,False,False,True,True,True,False,True,False,False,False,False,False,True,True,True,True,False
llama31_8b,test,CT29,new_append,1,CR,"[""4ae65938875e0f4a02b8-candidate_extract"", ""4ae65938875e0f4a02b8-candidate_final""]",True,False,True,False,False,False,False,False,False,True,True,True,False,True,False,False,False,False,False,True,True,True,True,False
llama31_8b,test,CT29,new_append,1,SR1,"[""4ae65938875e0f4a02b8-g_draft"", ""4ae65938875e0f4a02b8-sr_feedback"", ""4ae65938875e0f4a02b8-sr_refine""]",True,False,True,False,True,False,False,True,False,True,True,True,False,True,False,False,False,False,False,False,True,True,False,False
llama31_8b,test,CT29,new_append,2,D,"[""54129910d50ca168de7a-g_draft""]",True,False,True,False,False,False,False,True,True,True,True,True,True,True,True,True,False,False,False,False,False,False,False,False
llama31_8b,test,CT29,new_append,2,G,"[""54129910d50ca168de7a-g_draft"", ""54129910d50ca168de7a-g_final""]",True,False,True,False,False,False,False,True,True,True,True,True,True,True,True,True,False,False,False,False,False,False,False,False
llama31_8b,test,CT29,new_append,2,B,"[""54129910d50ca168de7a-candidate_extract"", ""54129910d50ca168de7a-candidate_final""]",True,False,True,False,False,False,False,False,False,True,True,True,False,True,False,False,False,False,False,True,True,True,False,False
llama31_8b,test,CT29,new_append,2,C,"[""54129910d50ca168de7a-candidate_extract"", ""54129910d50ca168de7a-candidate_final""]",True,False,True,False,False,False,False,False,False,True,True,True,False,True,False,False,False,False,False,True,True,True,False,False
llama31_8b,test,CT29,new_append,2,R,"[""54129910d50ca168de7a-candidate_extract"", ""54129910d50ca168de7a-candidate_final""]",True,False,True,False,False,False,False,False,False,True,True,True,False,True,False,False,False,False,False,True,True,True,True,False
llama31_8b,test,CT29,new_append,2,CR,"[""54129910d50ca168de7a-candidate_extract"", ""54129910d50ca168de7a-candidate_final""]",True,False,True,False,False,False,False,False,False,True,True,True,False,True,False,False,False,False,False,True,True,True,True,False
llama31_8b,test,CT29,new_append,2,SR1,"[""54129910d50ca168de7a-g_draft"", ""54129910d50ca168de7a-sr_feedback"", ""54129910d50ca168de7a-sr_refine""]",True,False,True,False,False,False,False,True,True,True,True,True,True,True,True,True,False,False,False,False,False,False,False,False
llama31_8b,test,CT29,new_append,3,D,"[""89fbba4bae5b14692f4e-g_draft""]",True,False,True,False,False,False,False,True,True,True,True,True,True,True,True,True,False,False,False,False,False,False,False,False
llama31_8b,test,CT29,new_append,3,G,"[""89fbba4bae5b14692f4e-g_draft"", ""89fbba4bae5b14692f4e-g_final""]",True,False,True,False,False,False,False,True,True,True,True,True,True,True,True,True,False,False,False,False,False,False,False,False
llama31_8b,test,CT29,new_append,3,B,"[""89fbba4bae5b14692f4e-candidate_extract"", ""89fbba4bae5b14692f4e-candidate_final""]",True,False,True,False,False,False,False,True,False,True,True,True,False,True,False,False,False,False,False,False,True,True,False,False
llama31_8b,test,CT29,new_append,3,C,"[""89fbba4bae5b14692f4e-candidate_extract"", ""89fbba4bae5b14692f4e-candidate_final""]",True,False,True,False,False,False,False,True,False,True,True,True,False,True,False,False,False,False,False,False,True,True,False,False
llama31_8b,test,CT29,new_append,3,R,"[""89fbba4bae5b14692f4e-candidate_extract"", ""89fbba4bae5b14692f4e-candidate_final""]",True,False,True,False,False,False,False,True,False,True,True,True,False,True,False,False,False,False,False,False,True,True,True,False
llama31_8b,test,CT29,new_append,3,CR,"[""89fbba4bae5b14692f4e-candidate_extract"", ""89fbba4bae5b14692f4e-candidate_final""]",True,False,True,False,False,False,False,True,False,True,True,True,False,True,False,False,False,False,False,False,True,True,True,False
llama31_8b,test,CT29,new_append,3,SR1,"[""89fbba4bae5b14692f4e-g_draft"", ""89fbba4bae5b14692f4e-sr_feedback"", ""89fbba4bae5b14692f4e-sr_refine""]",True,False,True,False,False,False,False,True,True,True,True,True,True,True,True,True,False,False,False,False,False,False,False,False
llama31_8b,test,CT30,new_append,1,D,"[""471c62f19a3ed63c9af9-g_draft""]",True,False,True,False,False,False,False,True,True,True,True,True,True,True,True,True,False,False,False,False,False,False,False,False
llama31_8b,test,CT30,new_append,1,G,"[""471c62f19a3ed63c9af9-g_draft"", ""471c62f19a3ed63c9af9-g_final""]",True,False,True,False,False,False,False,True,True,True,True,True,True,True,True,True,False,False,False,False,False,False,False,False
llama31_8b,test,CT30,new_append,1,B,"[""471c62f19a3ed63c9af9-candidate_extract"", ""471c62f19a3ed63c9af9-candidate_final""]",True,False,False,False,True,False,True,False,False,False,False,False,False,False,False,False,False,False,False,False,False,False,False,False
llama31_8b,test,CT30,new_append,1,C,"[""471c62f19a3ed63c9af9-candidate_extract"", ""471c62f19a3ed63c9af9-candidate_final""]",True,False,False,False,True,False,True,False,False,False,False,False,False,False,False,False,False,False,False,False,False,False,False,False
llama31_8b,test,CT30,new_append,1,R,"[""471c62f19a3ed63c9af9-candidate_extract"", ""471c62f19a3ed63c9af9-candidate_final""]",True,False,False,False,True,False,True,False,False,False,False,False,False,False,False,False,False,False,False,False,False,False,False,False
llama31_8b,test,CT30,new_append,1,CR,"[""471c62f19a3ed63c9af9-candidate_extract"", ""471c62f19a3ed63c9af9-candidate_final""]",True,False,False,False,True,False,True,False,False,False,False,False,False,False,False,False,False,False,False,False,False,False,False,False
llama31_8b,test,CT30,new_append,1,SR1,"[""471c62f19a3ed63c9af9-g_draft"", ""471c62f19a3ed63c9af9-sr_feedback"", ""471c62f19a3ed63c9af9-sr_refine""]",True,False,True,False,False,False,False,True,True,True,True,True,True,True,True,True,False,False,False,False,False,False,False,False
llama31_8b,test,CT30,new_append,2,D,"[""36d919a42d3232250811-g_draft""]",True,False,True,False,False,False,False,True,True,True,True,True,True,True,True,True,False,False,False,False,False,False,False,False
llama31_8b,test,CT30,new_append,2,G,"[""36d919a42d3232250811-g_draft"", ""36d919a42d3232250811-g_final""]",True,False,True,False,False,False,False,True,True,True,True,True,True,True,True,True,False,False,False,False,False,False,False,False
llama31_8b,test,CT30,new_append,2,B,"[""36d919a42d3232250811-candidate_extract"", ""36d919a42d3232250811-candidate_final""]",True,False,False,False,True,False,True,False,False,False,False,False,False,False,False,False,False,False,False,False,False,False,False,False
llama31_8b,test,CT30,new_append,2,C,"[""36d919a42d3232250811-candidate_extract"", ""36d919a42d3232250811-candidate_final""]",True,False,False,False,True,False,True,False,False,False,False,False,False,False,False,False,False,False,False,False,False,False,False,False
llama31_8b,test,CT30,new_append,2,R,"[""36d919a42d3232250811-candidate_extract"", ""36d919a42d3232250811-candidate_final""]",True,False,False,False,True,False,True,False,False,False,False,False,False,False,False,False,False,False,False,False,False,False,False,False
llama31_8b,test,CT30,new_append,2,CR,"[""36d919a42d3232250811-candidate_extract"", ""36d919a42d3232250811-candidate_final""]",True,False,False,False,True,False,True,False,False,False,False,False,False,False,False,False,False,False,False,False,False,False,False,False
llama31_8b,test,CT30,new_append,2,SR1,"[""36d919a42d3232250811-g_draft"", ""36d919a42d3232250811-sr_feedback"", ""36d919a42d3232250811-sr_refine""]",True,False,True,False,False,False,False,True,True,True,True,True,True,True,True,True,False,False,False,False,False,False,False,False
llama31_8b,test,CT30,new_append,3,D,"[""50c80c183fe81becd00f-g_draft""]",True,False,True,False,False,False,False,True,True,True,True,True,True,True,True,True,False,False,False,False,False,False,False,False
llama31_8b,test,CT30,new_append,3,G,"[""50c80c183fe81becd00f-g_draft"", ""50c80c183fe81becd00f-g_final""]",True,False,True,False,False,False,False,True,True,True,True,True,True,True,True,True,False,False,False,False,False,False,False,False
llama31_8b,test,CT30,new_append,3,B,"[""50c80c183fe81becd00f-candidate_extract"", ""50c80c183fe81becd00f-candidate_final""]",True,False,False,False,True,False,True,False,False,False,False,False,False,False,False,False,False,False,False,False,False,False,False,False
llama31_8b,test,CT30,new_append,3,C,"[""50c80c183fe81becd00f-candidate_extract"", ""50c80c183fe81becd00f-candidate_final""]",True,False,False,False,True,False,True,False,False,False,False,False,False,False,False,False,False,False,False,False,False,False,False,False
llama31_8b,test,CT30,new_append,3,R,"[""50c80c183fe81becd00f-candidate_extract"", ""50c80c183fe81becd00f-candidate_final""]",True,False,False,False,True,False,True,False,False,False,False,False,False,False,False,False,False,False,False,False,False,False,False,False
llama31_8b,test,CT30,new_append,3,CR,"[""50c80c183fe81becd00f-candidate_extract"", ""50c80c183fe81becd00f-candidate_final""]",True,False,False,False,True,False,True,False,False,False,False,False,False,False,False,False,False,False,False,False,False,False,False,False
llama31_8b,test,CT30,new_append,3,SR1,"[""50c80c183fe81becd00f-g_draft"", ""50c80c183fe81becd00f-sr_feedback"", ""50c80c183fe81becd00f-sr_refine""]",True,False,True,False,False,False,False,True,True,True,True,True,True,True,True,True,False,False,False,False,False,False,False,False
llama31_8b,test,CT31,new_append,1,D,"[""5e78c71988e2ee24e6b9-g_draft""]",True,False,True,False,False,False,False,True,False,True,True,True,False,True,False,False,False,False,False,False,True,True,False,False
llama31_8b,test,CT31,new_append,1,G,"[""5e78c71988e2ee24e6b9-g_draft"", ""5e78c71988e2ee24e6b9-g_final""]",True,False,True,False,False,False,False,True,False,True,True,True,False,True,False,False,False,False,False,False,True,True,False,False
llama31_8b,test,CT31,new_append,1,B,"[""5e78c71988e2ee24e6b9-candidate_extract"", ""5e78c71988e2ee24e6b9-candidate_final""]",True,False,False,False,True,False,True,False,False,False,False,False,False,False,False,False,False,False,False,False,False,False,False,False
llama31_8b,test,CT31,new_append,1,C,"[""5e78c71988e2ee24e6b9-candidate_extract"", ""5e78c71988e2ee24e6b9-candidate_final""]",True,False,False,False,True,False,True,False,False,False,False,False,False,False,False,False,False,False,False,False,False,False,False,False
llama31_8b,test,CT31,new_append,1,R,"[""5e78c71988e2ee24e6b9-candidate_extract"", ""5e78c71988e2ee24e6b9-candidate_final""]",True,False,False,False,True,False,True,False,False,False,False,False,False,False,False,False,False,False,False,False,False,False,False,False
llama31_8b,test,CT31,new_append,1,CR,"[""5e78c71988e2ee24e6b9-candidate_extract"", ""5e78c71988e2ee24e6b9-candidate_final""]",True,False,False,False,True,False,True,False,False,False,False,False,False,False,False,False,False,False,False,False,False,False,False,False
llama31_8b,test,CT31,new_append,1,SR1,"[""5e78c71988e2ee24e6b9-g_draft"", ""5e78c71988e2ee24e6b9-sr_feedback"", ""5e78c71988e2ee24e6b9-sr_refine""]",True,False,True,False,False,False,False,True,False,True,True,True,False,True,False,False,False,False,False,False,True,True,False,False
llama31_8b,test,CT31,new_append,2,D,"[""4fd068b462a8d4a6e86d-g_draft""]",True,False,True,False,False,False,False,True,False,True,True,True,False,True,False,False,False,False,False,False,True,True,False,False
llama31_8b,test,CT31,new_append,2,G,"[""4fd068b462a8d4a6e86d-g_draft"", ""4fd068b462a8d4a6e86d-g_final""]",True,False,True,False,False,False,False,True,False,True,True,True,False,True,False,False,False,False,False,False,True,True,False,False
llama31_8b,test,CT31,new_append,2,B,"[""4fd068b462a8d4a6e86d-candidate_extract"", ""4fd068b462a8d4a6e86d-candidate_final""]",True,False,False,False,True,False,True,False,False,False,False,False,False,False,False,False,False,False,False,False,False,False,False,False
llama31_8b,test,CT31,new_append,2,C,"[""4fd068b462a8d4a6e86d-candidate_extract"", ""4fd068b462a8d4a6e86d-candidate_final""]",True,False,False,False,True,False,True,False,False,False,False,False,False,False,False,False,False,False,False,False,False,False,False,False
llama31_8b,test,CT31,new_append,2,R,"[""4fd068b462a8d4a6e86d-candidate_extract"", ""4fd068b462a8d4a6e86d-candidate_final""]",True,False,False,False,True,False,True,False,False,False,False,False,False,False,False,False,False,False,False,False,False,False,False,False
llama31_8b,test,CT31,new_append,2,CR,"[""4fd068b462a8d4a6e86d-candidate_extract"", ""4fd068b462a8d4a6e86d-candidate_final""]",True,False,False,False,True,False,True,False,False,False,False,False,False,False,False,False,False,False,False,False,False,False,False,False
llama31_8b,test,CT31,new_append,2,SR1,"[""4fd068b462a8d4a6e86d-g_draft"", ""4fd068b462a8d4a6e86d-sr_feedback"", ""4fd068b462a8d4a6e86d-sr_refine""]",True,False,True,False,False,False,False,True,False,True,True,True,True,True,False,False,False,False,False,False,False,False,False,False
llama31_8b,test,CT31,new_append,3,D,"[""5931bc60a4676fd10a98-g_draft""]",True,False,True,False,False,False,False,True,False,True,True,True,False,True,False,False,False,False,False,False,True,True,False,False
llama31_8b,test,CT31,new_append,3,G,"[""5931bc60a4676fd10a98-g_draft"", ""5931bc60a4676fd10a98-g_final""]",True,False,True,False,False,False,False,True,False,True,True,True,False,True,False,False,False,False,False,False,True,True,False,False
llama31_8b,test,CT31,new_append,3,B,"[""5931bc60a4676fd10a98-candidate_extract"", ""5931bc60a4676fd10a98-candidate_final""]",True,False,False,False,True,False,True,False,False,False,False,False,False,False,False,False,False,False,False,False,False,False,False,False
llama31_8b,test,CT31,new_append,3,C,"[""5931bc60a4676fd10a98-candidate_extract"", ""5931bc60a4676fd10a98-candidate_final""]",True,False,False,False,True,False,True,False,False,False,False,False,False,False,False,False,False,False,False,False,False,False,False,False
llama31_8b,test,CT31,new_append,3,R,"[""5931bc60a4676fd10a98-candidate_extract"", ""5931bc60a4676fd10a98-candidate_final""]",True,False,False,False,True,False,True,False,False,False,False,False,False,False,False,False,False,False,False,False,False,False,False,False
llama31_8b,test,CT31,new_append,3,CR,"[""5931bc60a4676fd10a98-candidate_extract"", ""5931bc60a4676fd10a98-candidate_final""]",True,False,False,False,True,False,True,False,False,False,False,False,False,False,False,False,False,False,False,False,False,False,False,False
llama31_8b,test,CT31,new_append,3,SR1,"[""5931bc60a4676fd10a98-g_draft"", ""5931bc60a4676fd10a98-sr_feedback"", ""5931bc60a4676fd10a98-sr_refine""]",True,False,True,False,False,False,False,True,False,True,True,True,True,True,False,False,False,False,False,False,False,False,False,False
llama31_8b,test,CT32,new_append,1,D,"[""d939817fdebb91b1a3fe-g_draft""]",True,False,True,False,False,False,False,True,True,True,True,True,True,True,True,True,False,False,False,False,False,False,False,False
llama31_8b,test,CT32,new_append,1,G,"[""d939817fdebb91b1a3fe-g_draft"", ""d939817fdebb91b1a3fe-g_final""]",True,False,True,False,False,False,False,True,True,True,True,True,True,True,True,True,False,False,False,False,False,False,False,False
llama31_8b,test,CT32,new_append,1,B,"[""d939817fdebb91b1a3fe-candidate_extract"", ""d939817fdebb91b1a3fe-candidate_final""]",True,False,True,False,False,False,False,False,False,True,True,True,True,True,False,False,False,False,False,True,False,False,False,False
llama31_8b,test,CT32,new_append,1,C,"[""d939817fdebb91b1a3fe-candidate_extract"", ""d939817fdebb91b1a3fe-candidate_final""]",True,False,True,False,False,False,False,False,False,True,True,True,True,True,False,False,False,False,False,True,False,False,False,False
llama31_8b,test,CT32,new_append,1,R,"[""d939817fdebb91b1a3fe-candidate_extract"", ""d939817fdebb91b1a3fe-candidate_final""]",True,False,True,False,False,False,False,False,False,True,True,True,True,True,False,False,False,False,False,True,False,False,False,False
llama31_8b,test,CT32,new_append,1,CR,"[""d939817fdebb91b1a3fe-candidate_extract"", ""d939817fdebb91b1a3fe-candidate_final""]",True,False,True,False,False,False,False,False,False,True,True,True,True,True,False,False,False,False,False,True,False,False,False,False
llama31_8b,test,CT32,new_append,1,SR1,"[""d939817fdebb91b1a3fe-g_draft"", ""d939817fdebb91b1a3fe-sr_feedback"", ""d939817fdebb91b1a3fe-sr_refine""]",True,False,True,False,False,False,False,True,True,True,True,True,True,True,True,True,False,False,False,False,False,False,False,False
llama31_8b,test,CT32,new_append,2,D,"[""9cd1cadbeabecadfd499-g_draft""]",True,False,True,False,False,False,False,True,True,True,True,True,True,True,True,True,False,False,False,False,False,False,False,False
llama31_8b,test,CT32,new_append,2,G,"[""9cd1cadbeabecadfd499-g_draft"", ""9cd1cadbeabecadfd499-g_final""]",True,False,True,False,False,False,False,True,True,True,True,True,True,True,True,True,False,False,False,False,False,False,False,False
llama31_8b,test,CT32,new_append,2,B,"[""9cd1cadbeabecadfd499-candidate_extract"", ""9cd1cadbeabecadfd499-candidate_final""]",True,False,True,False,False,False,False,False,False,True,True,True,True,True,False,False,False,False,False,True,False,False,False,False
llama31_8b,test,CT32,new_append,2,C,"[""9cd1cadbeabecadfd499-candidate_extract"", ""9cd1cadbeabecadfd499-candidate_final""]",True,False,True,False,False,False,False,False,False,True,True,True,True,True,False,False,False,False,False,True,False,False,False,False
llama31_8b,test,CT32,new_append,2,R,"[""9cd1cadbeabecadfd499-candidate_extract"", ""9cd1cadbeabecadfd499-candidate_final""]",True,False,True,False,False,False,False,False,False,True,True,True,True,True,False,False,False,False,False,True,False,False,False,False
llama31_8b,test,CT32,new_append,2,CR,"[""9cd1cadbeabecadfd499-candidate_extract"", ""9cd1cadbeabecadfd499-candidate_final""]",True,False,True,False,False,False,False,False,False,True,True,True,True,True,False,False,False,False,False,True,False,False,False,False
llama31_8b,test,CT32,new_append,2,SR1,"[""9cd1cadbeabecadfd499-g_draft"", ""9cd1cadbeabecadfd499-sr_feedback"", ""9cd1cadbeabecadfd499-sr_refine""]",True,False,True,False,False,False,False,True,True,True,True,True,True,True,True,True,False,False,False,False,False,False,False,False
llama31_8b,test,CT32,new_append,3,D,"[""652896a4202033482344-g_draft""]",True,False,True,False,False,False,False,True,True,True,True,True,True,True,True,True,False,False,False,False,False,False,False,False
llama31_8b,test,CT32,new_append,3,G,"[""652896a4202033482344-g_draft"", ""652896a4202033482344-g_final""]",True,False,True,False,False,False,False,True,True,True,True,True,True,True,True,True,False,False,False,False,False,False,False,False
llama31_8b,test,CT32,new_append,3,B,"[""652896a4202033482344-candidate_extract"", ""652896a4202033482344-candidate_final""]",True,False,False,False,True,False,True,False,False,False,False,False,False,False,False,False,False,False,False,False,False,False,False,False
llama31_8b,test,CT32,new_append,3,C,"[""652896a4202033482344-candidate_extract"", ""652896a4202033482344-candidate_final""]",True,False,False,False,True,False,True,False,False,False,False,False,False,False,False,False,False,False,False,False,False,False,False,False
llama31_8b,test,CT32,new_append,3,R,"[""652896a4202033482344-candidate_extract"", ""652896a4202033482344-candidate_final""]",True,False,False,False,True,False,True,False,False,False,False,False,False,False,False,False,False,False,False,False,False,False,False,False
llama31_8b,test,CT32,new_append,3,CR,"[""652896a4202033482344-candidate_extract"", ""652896a4202033482344-candidate_final""]",True,False,False,False,True,False,True,False,False,False,False,False,False,False,False,False,False,False,False,False,False,False,False,False
llama31_8b,test,CT32,new_append,3,SR1,"[""652896a4202033482344-g_draft"", ""652896a4202033482344-sr_feedback"", ""652896a4202033482344-sr_refine""]",True,False,True,False,False,False,False,True,True,True,True,True,True,True,True,True,False,False,False,False,False,False,False,False
llama31_8b,test,CT33,withheld_unknown_permission,1,D,"[""4fbe8ba1ea1c3fa00dce-g_draft""]",False,False,True,False,False,False,False,True,True,True,True,True,True,True,True,False,False,True,False,False,False,False,False,False
llama31_8b,test,CT33,withheld_unknown_permission,1,G,"[""4fbe8ba1ea1c3fa00dce-g_draft"", ""4fbe8ba1ea1c3fa00dce-g_final""]",False,False,True,False,False,False,False,True,True,True,True,True,True,True,True,False,False,True,False,False,False,False,False,False
llama31_8b,test,CT33,withheld_unknown_permission,1,B,"[""4fbe8ba1ea1c3fa00dce-candidate_extract"", ""4fbe8ba1ea1c3fa00dce-candidate_final""]",False,False,False,False,True,False,True,False,False,False,False,False,False,False,False,False,False,False,False,False,False,False,False,False
llama31_8b,test,CT33,withheld_unknown_permission,1,C,"[""4fbe8ba1ea1c3fa00dce-candidate_extract"", ""4fbe8ba1ea1c3fa00dce-candidate_final""]",False,False,False,False,True,False,True,False,False,False,False,False,False,False,False,False,False,False,False,False,False,False,False,False
llama31_8b,test,CT33,withheld_unknown_permission,1,R,"[""4fbe8ba1ea1c3fa00dce-candidate_extract"", ""4fbe8ba1ea1c3fa00dce-candidate_final""]",False,False,False,False,True,False,True,False,False,False,False,False,False,False,False,False,False,False,False,False,False,False,False,False
llama31_8b,test,CT33,withheld_unknown_permission,1,CR,"[""4fbe8ba1ea1c3fa00dce-candidate_extract"", ""4fbe8ba1ea1c3fa00dce-candidate_final""]",False,False,False,False,True,False,True,False,False,False,False,False,False,False,False,False,False,False,False,False,False,False,False,False
llama31_8b,test,CT33,withheld_unknown_permission,1,SR1,"[""4fbe8ba1ea1c3fa00dce-g_draft"", ""4fbe8ba1ea1c3fa00dce-sr_feedback"", ""4fbe8ba1ea1c3fa00dce-sr_refine""]",False,False,True,False,False,False,False,True,True,True,True,True,True,True,True,False,False,True,False,False,False,False,False,False
llama31_8b,test,CT33,withheld_unknown_permission,2,D,"[""dbcd9502bd68bd0bb0bf-g_draft""]",False,False,True,False,False,False,False,True,True,True,True,True,True,True,True,False,False,True,False,False,False,False,False,False
llama31_8b,test,CT33,withheld_unknown_permission,2,G,"[""dbcd9502bd68bd0bb0bf-g_draft"", ""dbcd9502bd68bd0bb0bf-g_final""]",False,False,True,False,False,False,False,True,True,True,True,True,True,True,True,False,False,True,False,False,False,False,False,False
llama31_8b,test,CT33,withheld_unknown_permission,2,B,"[""dbcd9502bd68bd0bb0bf-candidate_extract"", ""dbcd9502bd68bd0bb0bf-candidate_final""]",False,False,False,False,True,False,True,False,False,False,False,False,False,False,False,False,False,False,False,False,False,False,False,False
llama31_8b,test,CT33,withheld_unknown_permission,2,C,"[""dbcd9502bd68bd0bb0bf-candidate_extract"", ""dbcd9502bd68bd0bb0bf-candidate_final""]",False,False,False,False,True,False,True,False,False,False,False,False,False,False,False,False,False,False,False,False,False,False,False,False
llama31_8b,test,CT33,withheld_unknown_permission,2,R,"[""dbcd9502bd68bd0bb0bf-candidate_extract"", ""dbcd9502bd68bd0bb0bf-candidate_final""]",False,False,False,False,True,False,True,False,False,False,False,False,False,False,False,False,False,False,False,False,False,False,False,False
llama31_8b,test,CT33,withheld_unknown_permission,2,CR,"[""dbcd9502bd68bd0bb0bf-candidate_extract"", ""dbcd9502bd68bd0bb0bf-candidate_final""]",False,False,False,False,True,False,True,False,False,False,False,False,False,False,False,False,False,False,False,False,False,False,False,False
llama31_8b,test,CT33,withheld_unknown_permission,2,SR1,"[""dbcd9502bd68bd0bb0bf-g_draft"", ""dbcd9502bd68bd0bb0bf-sr_feedback"", ""dbcd9502bd68bd0bb0bf-sr_refine""]",False,False,True,False,False,False,False,True,True,True,True,True,True,True,True,False,False,True,False,False,False,False,False,False
llama31_8b,test,CT33,withheld_unknown_permission,3,D,"[""73da2ea05c30955b3e52-g_draft""]",False,False,True,False,False,False,False,True,True,True,True,True,True,True,True,False,False,True,False,False,False,False,False,False
llama31_8b,test,CT33,withheld_unknown_permission,3,G,"[""73da2ea05c30955b3e52-g_draft"", ""73da2ea05c30955b3e52-g_final""]",False,False,True,False,False,False,False,True,True,True,True,True,True,True,True,False,False,True,False,False,False,False,False,False
llama31_8b,test,CT33,withheld_unknown_permission,3,B,"[""73da2ea05c30955b3e52-candidate_extract"", ""73da2ea05c30955b3e52-candidate_final""]",False,False,False,False,True,False,True,False,False,False,False,False,False,False,False,False,False,False,False,False,False,False,False,False
llama31_8b,test,CT33,withheld_unknown_permission,3,C,"[""73da2ea05c30955b3e52-candidate_extract"", ""73da2ea05c30955b3e52-candidate_final""]",False,False,False,False,True,False,True,False,False,False,False,False,False,False,False,False,False,False,False,False,False,False,False,False
llama31_8b,test,CT33,withheld_unknown_permission,3,R,"[""73da2ea05c30955b3e52-candidate_extract"", ""73da2ea05c30955b3e52-candidate_final""]",False,False,False,False,True,False,True,False,False,False,False,False,False,False,False,False,False,False,False,False,False,False,False,False
llama31_8b,test,CT33,withheld_unknown_permission,3,CR,"[""73da2ea05c30955b3e52-candidate_extract"", ""73da2ea05c30955b3e52-candidate_final""]",False,False,False,False,True,False,True,False,False,False,False,False,False,False,False,False,False,False,False,False,False,False,False,False
llama31_8b,test,CT33,withheld_unknown_permission,3,SR1,"[""73da2ea05c30955b3e52-g_draft"", ""73da2ea05c30955b3e52-sr_feedback"", ""73da2ea05c30955b3e52-sr_refine""]",False,False,True,False,False,False,False,True,True,True,True,True,True,True,True,False,False,True,False,False,False,False,False,False
llama31_8b,test,CT34,withheld_unknown_permission,1,D,"[""ae1637a01f7531351100-g_draft""]",False,False,True,False,False,False,False,True,True,True,True,True,True,True,True,False,False,True,False,False,False,False,False,False
llama31_8b,test,CT34,withheld_unknown_permission,1,G,"[""ae1637a01f7531351100-g_draft"", ""ae1637a01f7531351100-g_final""]",False,False,True,False,False,False,False,False,True,True,True,True,True,True,True,False,False,True,True,False,False,False,False,False
llama31_8b,test,CT34,withheld_unknown_permission,1,B,"[""ae1637a01f7531351100-candidate_extract"", ""ae1637a01f7531351100-candidate_final""]",False,False,False,False,True,False,True,False,False,False,False,False,False,False,False,False,False,False,False,False,False,False,False,False
llama31_8b,test,CT34,withheld_unknown_permission,1,C,"[""ae1637a01f7531351100-candidate_extract"", ""ae1637a01f7531351100-candidate_final""]",False,False,False,False,True,False,True,False,False,False,False,False,False,False,False,False,False,False,False,False,False,False,False,False
llama31_8b,test,CT34,withheld_unknown_permission,1,R,"[""ae1637a01f7531351100-candidate_extract"", ""ae1637a01f7531351100-candidate_final""]",False,False,False,False,True,False,True,False,False,False,False,False,False,False,False,False,False,False,False,False,False,False,False,False
llama31_8b,test,CT34,withheld_unknown_permission,1,CR,"[""ae1637a01f7531351100-candidate_extract"", ""ae1637a01f7531351100-candidate_final""]",False,False,False,False,True,False,True,False,False,False,False,False,False,False,False,False,False,False,False,False,False,False,False,False
llama31_8b,test,CT34,withheld_unknown_permission,1,SR1,"[""ae1637a01f7531351100-g_draft"", ""ae1637a01f7531351100-sr_feedback"", ""ae1637a01f7531351100-sr_refine""]",False,False,True,False,False,False,False,True,True,True,True,True,True,True,True,False,False,True,False,False,False,False,False,False
llama31_8b,test,CT34,withheld_unknown_permission,2,D,"[""1dc57ce944746a375e51-g_draft""]",False,False,True,False,False,False,False,True,True,True,True,True,True,True,True,False,False,True,False,False,False,False,False,False
llama31_8b,test,CT34,withheld_unknown_permission,2,G,"[""1dc57ce944746a375e51-g_draft"", ""1dc57ce944746a375e51-g_final""]",False,False,True,False,False,False,False,False,True,True,True,True,True,True,True,False,False,True,True,False,False,False,False,False
llama31_8b,test,CT34,withheld_unknown_permission,2,B,"[""1dc57ce944746a375e51-candidate_extract"", ""1dc57ce944746a375e51-candidate_final""]",False,False,False,False,True,False,True,False,False,False,False,False,False,False,False,False,False,False,False,False,False,False,False,False
llama31_8b,test,CT34,withheld_unknown_permission,2,C,"[""1dc57ce944746a375e51-candidate_extract"", ""1dc57ce944746a375e51-candidate_final""]",False,False,False,False,True,False,True,False,False,False,False,False,False,False,False,False,False,False,False,False,False,False,False,False
llama31_8b,test,CT34,withheld_unknown_permission,2,R,"[""1dc57ce944746a375e51-candidate_extract"", ""1dc57ce944746a375e51-candidate_final""]",False,False,False,False,True,False,True,False,False,False,False,False,False,False,False,False,False,False,False,False,False,False,False,False
llama31_8b,test,CT34,withheld_unknown_permission,2,CR,"[""1dc57ce944746a375e51-candidate_extract"", ""1dc57ce944746a375e51-candidate_final""]",False,False,False,False,True,False,True,False,False,False,False,False,False,False,False,False,False,False,False,False,False,False,False,False
llama31_8b,test,CT34,withheld_unknown_permission,2,SR1,"[""1dc57ce944746a375e51-g_draft"", ""1dc57ce944746a375e51-sr_feedback"", ""1dc57ce944746a375e51-sr_refine""]",False,False,True,False,False,False,False,True,True,True,True,True,True,True,True,False,False,True,False,False,False,False,False,False
llama31_8b,test,CT34,withheld_unknown_permission,3,D,"[""916537b588d1eced8d7c-g_draft""]",False,False,True,False,False,False,False,True,True,True,True,True,True,True,True,False,False,True,False,False,False,False,False,False
llama31_8b,test,CT34,withheld_unknown_permission,3,G,"[""916537b588d1eced8d7c-g_draft"", ""916537b588d1eced8d7c-g_final""]",False,False,True,False,False,False,False,False,True,True,True,True,True,True,True,False,False,True,True,False,False,False,False,False
llama31_8b,test,CT34,withheld_unknown_permission,3,B,"[""916537b588d1eced8d7c-candidate_extract"", ""916537b588d1eced8d7c-candidate_final""]",False,False,True,False,False,False,False,True,True,True,True,True,True,True,True,False,False,True,False,False,False,False,False,False
llama31_8b,test,CT34,withheld_unknown_permission,3,C,"[""916537b588d1eced8d7c-candidate_extract"", ""916537b588d1eced8d7c-candidate_final""]",False,False,True,False,False,False,False,True,True,True,True,True,True,True,True,False,False,True,False,False,False,False,False,False
llama31_8b,test,CT34,withheld_unknown_permission,3,R,"[""916537b588d1eced8d7c-candidate_extract"", ""916537b588d1eced8d7c-candidate_final""]",False,False,True,False,False,False,False,True,True,True,True,True,True,True,True,False,False,True,False,False,False,False,False,False
llama31_8b,test,CT34,withheld_unknown_permission,3,CR,"[""916537b588d1eced8d7c-candidate_extract"", ""916537b588d1eced8d7c-candidate_final""]",False,False,True,False,False,False,False,True,True,True,True,True,True,True,True,False,False,True,False,False,False,False,False,False
llama31_8b,test,CT34,withheld_unknown_permission,3,SR1,"[""916537b588d1eced8d7c-g_draft"", ""916537b588d1eced8d7c-sr_feedback"", ""916537b588d1eced8d7c-sr_refine""]",False,False,True,False,False,False,False,True,True,True,True,True,True,True,True,False,False,True,False,False,False,False,False,False
llama31_8b,test,CT35,withheld_unknown_permission,1,D,"[""19b38866e57a2cab3b9f-g_draft""]",False,False,True,False,False,False,False,True,True,True,True,True,True,True,True,False,False,True,False,False,False,False,False,False
llama31_8b,test,CT35,withheld_unknown_permission,1,G,"[""19b38866e57a2cab3b9f-g_draft"", ""19b38866e57a2cab3b9f-g_final""]",False,False,True,False,False,False,False,True,True,True,True,True,True,True,True,False,False,True,False,False,False,False,False,False
llama31_8b,test,CT35,withheld_unknown_permission,1,B,"[""19b38866e57a2cab3b9f-candidate_extract"", ""19b38866e57a2cab3b9f-candidate_final""]",False,False,False,False,True,False,True,False,False,False,False,False,False,False,False,False,False,False,False,False,False,False,False,False
llama31_8b,test,CT35,withheld_unknown_permission,1,C,"[""19b38866e57a2cab3b9f-candidate_extract"", ""19b38866e57a2cab3b9f-candidate_final""]",False,False,False,False,True,False,True,False,False,False,False,False,False,False,False,False,False,False,False,False,False,False,False,False
llama31_8b,test,CT35,withheld_unknown_permission,1,R,"[""19b38866e57a2cab3b9f-candidate_extract"", ""19b38866e57a2cab3b9f-candidate_final""]",False,False,False,False,True,False,True,False,False,False,False,False,False,False,False,False,False,False,False,False,False,False,False,False
llama31_8b,test,CT35,withheld_unknown_permission,1,CR,"[""19b38866e57a2cab3b9f-candidate_extract"", ""19b38866e57a2cab3b9f-candidate_final""]",False,False,False,False,True,False,True,False,False,False,False,False,False,False,False,False,False,False,False,False,False,False,False,False
llama31_8b,test,CT35,withheld_unknown_permission,1,SR1,"[""19b38866e57a2cab3b9f-g_draft"", ""19b38866e57a2cab3b9f-sr_feedback"", ""19b38866e57a2cab3b9f-sr_refine""]",False,False,True,False,False,False,False,True,True,True,True,True,True,True,True,False,False,True,False,False,False,False,False,False
llama31_8b,test,CT35,withheld_unknown_permission,2,D,"[""2e5434ed3400279f9eb2-g_draft""]",False,False,True,False,False,False,False,True,True,True,True,True,True,True,True,False,False,True,False,False,False,False,False,False
llama31_8b,test,CT35,withheld_unknown_permission,2,G,"[""2e5434ed3400279f9eb2-g_draft"", ""2e5434ed3400279f9eb2-g_final""]",False,False,True,False,False,False,False,True,True,True,True,True,True,True,True,False,False,True,False,False,False,False,False,False
llama31_8b,test,CT35,withheld_unknown_permission,2,B,"[""2e5434ed3400279f9eb2-candidate_extract"", ""2e5434ed3400279f9eb2-candidate_final""]",False,False,False,False,True,False,True,False,False,False,False,False,False,False,False,False,False,False,False,False,False,False,False,False
llama31_8b,test,CT35,withheld_unknown_permission,2,C,"[""2e5434ed3400279f9eb2-candidate_extract"", ""2e5434ed3400279f9eb2-candidate_final""]",False,False,False,False,True,False,True,False,False,False,False,False,False,False,False,False,False,False,False,False,False,False,False,False
llama31_8b,test,CT35,withheld_unknown_permission,2,R,"[""2e5434ed3400279f9eb2-candidate_extract"", ""2e5434ed3400279f9eb2-candidate_final""]",False,False,False,False,True,False,True,False,False,False,False,False,False,False,False,False,False,False,False,False,False,False,False,False
llama31_8b,test,CT35,withheld_unknown_permission,2,CR,"[""2e5434ed3400279f9eb2-candidate_extract"", ""2e5434ed3400279f9eb2-candidate_final""]",False,False,False,False,True,False,True,False,False,False,False,False,False,False,False,False,False,False,False,False,False,False,False,False
llama31_8b,test,CT35,withheld_unknown_permission,2,SR1,"[""2e5434ed3400279f9eb2-g_draft"", ""2e5434ed3400279f9eb2-sr_feedback"", ""2e5434ed3400279f9eb2-sr_refine""]",False,False,True,False,False,False,False,True,True,True,True,True,True,True,True,False,False,True,False,False,False,False,False,False
llama31_8b,test,CT35,withheld_unknown_permission,3,D,"[""03beae658522d009e0a9-g_draft""]",False,False,True,False,False,False,False,True,True,True,True,True,True,True,True,False,False,True,False,False,False,False,False,False
llama31_8b,test,CT35,withheld_unknown_permission,3,G,"[""03beae658522d009e0a9-g_draft"", ""03beae658522d009e0a9-g_final""]",False,False,True,False,False,False,False,True,True,True,True,True,True,True,True,False,False,True,False,False,False,False,False,False
llama31_8b,test,CT35,withheld_unknown_permission,3,B,"[""03beae658522d009e0a9-candidate_extract"", ""03beae658522d009e0a9-candidate_final""]",False,False,True,False,False,False,False,False,True,True,True,True,True,True,True,False,False,True,False,True,False,False,False,False
llama31_8b,test,CT35,withheld_unknown_permission,3,C,"[""03beae658522d009e0a9-candidate_extract"", ""03beae658522d009e0a9-candidate_final""]",False,False,True,False,False,False,False,False,True,True,True,True,True,True,True,False,False,True,False,True,False,False,False,False
llama31_8b,test,CT35,withheld_unknown_permission,3,R,"[""03beae658522d009e0a9-candidate_extract"", ""03beae658522d009e0a9-candidate_final""]",False,False,True,False,False,False,False,False,True,True,True,True,True,True,True,False,False,True,False,True,False,False,False,False
llama31_8b,test,CT35,withheld_unknown_permission,3,CR,"[""03beae658522d009e0a9-candidate_extract"", ""03beae658522d009e0a9-candidate_final""]",False,False,True,False,False,False,False,False,True,True,True,True,True,True,True,False,False,True,False,True,False,False,False,False
llama31_8b,test,CT35,withheld_unknown_permission,3,SR1,"[""03beae658522d009e0a9-g_draft"", ""03beae658522d009e0a9-sr_feedback"", ""03beae658522d009e0a9-sr_refine""]",False,False,True,False,False,False,False,True,True,True,True,True,True,True,True,False,False,True,False,False,False,False,False,False
llama31_8b,test,CT36,withheld_unknown_permission,1,D,"[""573b43b59e375e7cfb34-g_draft""]",False,False,True,False,False,False,False,True,True,True,True,True,True,True,True,False,False,True,False,False,False,False,False,False
llama31_8b,test,CT36,withheld_unknown_permission,1,G,"[""573b43b59e375e7cfb34-g_draft"", ""573b43b59e375e7cfb34-g_final""]",False,False,True,False,False,False,False,True,True,True,True,True,True,True,True,False,False,True,False,False,False,False,False,False
llama31_8b,test,CT36,withheld_unknown_permission,1,B,"[""573b43b59e375e7cfb34-candidate_extract"", ""573b43b59e375e7cfb34-candidate_final""]",False,False,False,False,True,False,True,False,False,False,False,False,False,False,False,False,False,False,False,False,False,False,False,False
llama31_8b,test,CT36,withheld_unknown_permission,1,C,"[""573b43b59e375e7cfb34-candidate_extract"", ""573b43b59e375e7cfb34-candidate_final""]",False,False,False,False,True,False,True,False,False,False,False,False,False,False,False,False,False,False,False,False,False,False,False,False
llama31_8b,test,CT36,withheld_unknown_permission,1,R,"[""573b43b59e375e7cfb34-candidate_extract"", ""573b43b59e375e7cfb34-candidate_final""]",False,False,False,False,True,False,True,False,False,False,False,False,False,False,False,False,False,False,False,False,False,False,False,False
llama31_8b,test,CT36,withheld_unknown_permission,1,CR,"[""573b43b59e375e7cfb34-candidate_extract"", ""573b43b59e375e7cfb34-candidate_final""]",False,False,False,False,True,False,True,False,False,False,False,False,False,False,False,False,False,False,False,False,False,False,False,False
llama31_8b,test,CT36,withheld_unknown_permission,1,SR1,"[""573b43b59e375e7cfb34-g_draft"", ""573b43b59e375e7cfb34-sr_feedback"", ""573b43b59e375e7cfb34-sr_refine""]",False,False,True,False,False,False,False,True,True,True,True,True,True,True,True,False,False,True,False,False,False,False,False,False
llama31_8b,test,CT36,withheld_unknown_permission,2,D,"[""eb6e460f86686ebe3c9d-g_draft""]",False,False,True,False,False,False,False,True,True,True,True,True,True,True,True,False,False,True,False,False,False,False,False,False
llama31_8b,test,CT36,withheld_unknown_permission,2,G,"[""eb6e460f86686ebe3c9d-g_draft"", ""eb6e460f86686ebe3c9d-g_final""]",False,False,True,False,False,False,False,True,True,True,True,True,True,True,True,False,False,True,False,False,False,False,False,False
llama31_8b,test,CT36,withheld_unknown_permission,2,B,"[""eb6e460f86686ebe3c9d-candidate_extract"", ""eb6e460f86686ebe3c9d-candidate_final""]",False,False,False,False,True,False,True,False,False,False,False,False,False,False,False,False,False,False,False,False,False,False,False,False
llama31_8b,test,CT36,withheld_unknown_permission,2,C,"[""eb6e460f86686ebe3c9d-candidate_extract"", ""eb6e460f86686ebe3c9d-candidate_final""]",False,False,False,False,True,False,True,False,False,False,False,False,False,False,False,False,False,False,False,False,False,False,False,False
llama31_8b,test,CT36,withheld_unknown_permission,2,R,"[""eb6e460f86686ebe3c9d-candidate_extract"", ""eb6e460f86686ebe3c9d-candidate_final""]",False,False,False,False,True,False,True,False,False,False,False,False,False,False,False,False,False,False,False,False,False,False,False,False
llama31_8b,test,CT36,withheld_unknown_permission,2,CR,"[""eb6e460f86686ebe3c9d-candidate_extract"", ""eb6e460f86686ebe3c9d-candidate_final""]",False,False,False,False,True,False,True,False,False,False,False,False,False,False,False,False,False,False,False,False,False,False,False,False
llama31_8b,test,CT36,withheld_unknown_permission,2,SR1,"[""eb6e460f86686ebe3c9d-g_draft"", ""eb6e460f86686ebe3c9d-sr_feedback"", ""eb6e460f86686ebe3c9d-sr_refine""]",False,False,True,False,False,False,False,True,True,True,True,True,True,True,True,False,False,True,False,False,False,False,False,False
llama31_8b,test,CT36,withheld_unknown_permission,3,D,"[""880be736ac8adceb8e42-g_draft""]",False,False,True,False,False,False,False,True,True,True,True,True,True,True,True,False,False,True,False,False,False,False,False,False
llama31_8b,test,CT36,withheld_unknown_permission,3,G,"[""880be736ac8adceb8e42-g_draft"", ""880be736ac8adceb8e42-g_final""]",False,False,True,False,False,False,False,True,True,True,True,True,True,True,True,False,False,True,False,False,False,False,False,False
llama31_8b,test,CT36,withheld_unknown_permission,3,B,"[""880be736ac8adceb8e42-candidate_extract"", ""880be736ac8adceb8e42-candidate_final""]",False,False,False,False,True,False,True,False,False,False,False,False,False,False,False,False,False,False,False,False,False,False,False,False
llama31_8b,test,CT36,withheld_unknown_permission,3,C,"[""880be736ac8adceb8e42-candidate_extract"", ""880be736ac8adceb8e42-candidate_final""]",False,False,False,False,True,False,True,False,False,False,False,False,False,False,False,False,False,False,False,False,False,False,False,False
llama31_8b,test,CT36,withheld_unknown_permission,3,R,"[""880be736ac8adceb8e42-candidate_extract"", ""880be736ac8adceb8e42-candidate_final""]",False,False,False,False,True,False,True,False,False,False,False,False,False,False,False,False,False,False,False,False,False,False,False,False
llama31_8b,test,CT36,withheld_unknown_permission,3,CR,"[""880be736ac8adceb8e42-candidate_extract"", ""880be736ac8adceb8e42-candidate_final""]",False,False,False,False,True,False,True,False,False,False,False,False,False,False,False,False,False,False,False,False,False,False,False,False
llama31_8b,test,CT36,withheld_unknown_permission,3,SR1,"[""880be736ac8adceb8e42-g_draft"", ""880be736ac8adceb8e42-sr_feedback"", ""880be736ac8adceb8e42-sr_refine""]",False,False,True,False,False,False,False,True,True,True,True,True,True,True,True,False,False,True,False,False,False,False,False,False
llama31_8b,test,CT37,stopping_declining,1,D,"[""ef1c2d890524684c56df-g_draft""]",False,False,True,False,False,False,False,True,True,True,True,True,True,True,True,False,False,True,False,False,False,False,False,False
llama31_8b,test,CT37,stopping_declining,1,G,"[""ef1c2d890524684c56df-g_draft"", ""ef1c2d890524684c56df-g_final""]",False,False,True,False,False,False,False,False,True,True,True,True,True,True,True,False,False,True,False,False,False,False,False,False
llama31_8b,test,CT37,stopping_declining,1,B,"[""ef1c2d890524684c56df-candidate_extract"", ""ef1c2d890524684c56df-candidate_final""]",False,False,False,False,True,False,True,False,False,False,False,False,False,False,False,False,False,False,False,False,False,False,False,False
llama31_8b,test,CT37,stopping_declining,1,C,"[""ef1c2d890524684c56df-candidate_extract"", ""ef1c2d890524684c56df-candidate_final""]",False,False,False,False,True,False,True,False,False,False,False,False,False,False,False,False,False,False,False,False,False,False,False,False
llama31_8b,test,CT37,stopping_declining,1,R,"[""ef1c2d890524684c56df-candidate_extract"", ""ef1c2d890524684c56df-candidate_final""]",False,False,False,False,True,False,True,False,False,False,False,False,False,False,False,False,False,False,False,False,False,False,False,False
llama31_8b,test,CT37,stopping_declining,1,CR,"[""ef1c2d890524684c56df-candidate_extract"", ""ef1c2d890524684c56df-candidate_final""]",False,False,False,False,True,False,True,False,False,False,False,False,False,False,False,False,False,False,False,False,False,False,False,False
llama31_8b,test,CT37,stopping_declining,1,SR1,"[""ef1c2d890524684c56df-g_draft"", ""ef1c2d890524684c56df-sr_feedback"", ""ef1c2d890524684c56df-sr_refine""]",False,False,True,False,False,False,False,False,True,True,True,True,True,True,True,False,False,True,False,False,False,False,False,False
llama31_8b,test,CT37,stopping_declining,2,D,"[""1928242c1995fb734706-g_draft""]",False,False,True,False,False,False,False,True,True,True,True,True,True,True,True,False,False,True,False,False,False,False,False,False
llama31_8b,test,CT37,stopping_declining,2,G,"[""1928242c1995fb734706-g_draft"", ""1928242c1995fb734706-g_final""]",False,False,True,False,False,False,False,False,True,True,True,True,True,True,True,False,False,True,False,False,False,False,False,False
llama31_8b,test,CT37,stopping_declining,2,B,"[""1928242c1995fb734706-candidate_extract"", ""1928242c1995fb734706-candidate_final""]",False,False,False,False,True,False,True,False,False,False,False,False,False,False,False,False,False,False,False,False,False,False,False,False
llama31_8b,test,CT37,stopping_declining,2,C,"[""1928242c1995fb734706-candidate_extract"", ""1928242c1995fb734706-candidate_final""]",False,False,False,False,True,False,True,False,False,False,False,False,False,False,False,False,False,False,False,False,False,False,False,False
llama31_8b,test,CT37,stopping_declining,2,R,"[""1928242c1995fb734706-candidate_extract"", ""1928242c1995fb734706-candidate_final""]",False,False,False,False,True,False,True,False,False,False,False,False,False,False,False,False,False,False,False,False,False,False,False,False
llama31_8b,test,CT37,stopping_declining,2,CR,"[""1928242c1995fb734706-candidate_extract"", ""1928242c1995fb734706-candidate_final""]",False,False,False,False,True,False,True,False,False,False,False,False,False,False,False,False,False,False,False,False,False,False,False,False
llama31_8b,test,CT37,stopping_declining,2,SR1,"[""1928242c1995fb734706-g_draft"", ""1928242c1995fb734706-sr_feedback"", ""1928242c1995fb734706-sr_refine""]",False,False,True,False,False,False,False,True,True,True,True,True,True,True,True,False,False,True,False,False,False,False,False,False
llama31_8b,test,CT37,stopping_declining,3,D,"[""2525db91cd1379467c32-g_draft""]",False,False,False,False,True,False,True,False,False,False,False,False,False,False,False,False,False,False,False,False,False,False,False,False
llama31_8b,test,CT37,stopping_declining,3,G,"[""2525db91cd1379467c32-g_draft"", ""2525db91cd1379467c32-g_final""]",False,False,True,False,True,False,False,False,True,True,True,True,True,True,True,False,False,True,False,False,False,False,False,False
llama31_8b,test,CT37,stopping_declining,3,B,"[""2525db91cd1379467c32-candidate_extract"", ""2525db91cd1379467c32-candidate_final""]",False,False,False,False,True,False,True,False,False,False,False,False,False,False,False,False,False,False,False,False,False,False,False,False
llama31_8b,test,CT37,stopping_declining,3,C,"[""2525db91cd1379467c32-candidate_extract"", ""2525db91cd1379467c32-candidate_final""]",False,False,False,False,True,False,True,False,False,False,False,False,False,False,False,False,False,False,False,False,False,False,False,False
llama31_8b,test,CT37,stopping_declining,3,R,"[""2525db91cd1379467c32-candidate_extract"", ""2525db91cd1379467c32-candidate_final""]",False,False,False,False,True,False,True,False,False,False,False,False,False,False,False,False,False,False,False,False,False,False,False,False
llama31_8b,test,CT37,stopping_declining,3,CR,"[""2525db91cd1379467c32-candidate_extract"", ""2525db91cd1379467c32-candidate_final""]",False,False,False,False,True,False,True,False,False,False,False,False,False,False,False,False,False,False,False,False,False,False,False,False
llama31_8b,test,CT37,stopping_declining,3,SR1,"[""2525db91cd1379467c32-g_draft"", ""2525db91cd1379467c32-sr_feedback"", ""2525db91cd1379467c32-sr_refine""]",False,False,True,False,True,False,False,False,True,True,True,True,True,True,True,False,False,True,False,False,False,False,False,False
llama31_8b,test,CT38,stopping_declining,1,D,"[""01459604ed53530df985-g_draft""]",False,False,True,False,False,False,False,True,True,True,True,True,True,True,True,False,False,True,False,False,False,False,False,False
llama31_8b,test,CT38,stopping_declining,1,G,"[""01459604ed53530df985-g_draft"", ""01459604ed53530df985-g_final""]",False,False,True,False,False,False,False,True,True,True,True,True,True,True,True,False,False,True,False,False,False,False,False,False
llama31_8b,test,CT38,stopping_declining,1,B,"[""01459604ed53530df985-candidate_extract"", ""01459604ed53530df985-candidate_final""]",False,False,True,False,False,False,False,False,True,True,True,True,False,True,False,False,False,False,False,False,True,True,False,False
llama31_8b,test,CT38,stopping_declining,1,C,"[""01459604ed53530df985-candidate_extract"", ""01459604ed53530df985-candidate_final""]",False,False,True,False,False,False,False,False,True,True,True,True,False,True,False,False,False,False,False,False,True,True,False,False
llama31_8b,test,CT38,stopping_declining,1,R,"[""01459604ed53530df985-candidate_extract"", ""01459604ed53530df985-candidate_final""]",False,False,True,False,False,False,False,False,True,True,True,True,False,True,False,False,False,False,False,False,True,True,True,False
llama31_8b,test,CT38,stopping_declining,1,CR,"[""01459604ed53530df985-candidate_extract"", ""01459604ed53530df985-candidate_final""]",False,False,True,False,False,False,False,False,True,True,True,True,False,True,False,False,False,False,False,False,True,True,True,False
llama31_8b,test,CT38,stopping_declining,1,SR1,"[""01459604ed53530df985-g_draft"", ""01459604ed53530df985-sr_feedback"", ""01459604ed53530df985-sr_refine""]",False,False,True,False,False,False,False,True,True,True,True,True,True,True,True,False,False,True,False,False,False,False,False,False
llama31_8b,test,CT38,stopping_declining,2,D,"[""5f607f48a8682d927d0d-g_draft""]",False,False,True,False,False,False,False,True,True,True,True,True,True,True,True,False,False,True,False,False,False,False,False,False
llama31_8b,test,CT38,stopping_declining,2,G,"[""5f607f48a8682d927d0d-g_draft"", ""5f607f48a8682d927d0d-g_final""]",False,False,True,False,False,False,False,True,True,True,True,True,True,True,True,False,False,True,False,False,False,False,False,False
llama31_8b,test,CT38,stopping_declining,2,B,"[""5f607f48a8682d927d0d-candidate_extract"", ""5f607f48a8682d927d0d-candidate_final""]",False,False,False,False,True,False,True,False,False,False,False,False,False,False,False,False,False,False,False,False,False,False,False,False
llama31_8b,test,CT38,stopping_declining,2,C,"[""5f607f48a8682d927d0d-candidate_extract"", ""5f607f48a8682d927d0d-candidate_final""]",False,False,False,False,True,False,True,False,False,False,False,False,False,False,False,False,False,False,False,False,False,False,False,False
llama31_8b,test,CT38,stopping_declining,2,R,"[""5f607f48a8682d927d0d-candidate_extract"", ""5f607f48a8682d927d0d-candidate_final""]",False,False,False,False,True,False,True,False,False,False,False,False,False,False,False,False,False,False,False,False,False,False,False,False
llama31_8b,test,CT38,stopping_declining,2,CR,"[""5f607f48a8682d927d0d-candidate_extract"", ""5f607f48a8682d927d0d-candidate_final""]",False,False,False,False,True,False,True,False,False,False,False,False,False,False,False,False,False,False,False,False,False,False,False,False
llama31_8b,test,CT38,stopping_declining,2,SR1,"[""5f607f48a8682d927d0d-g_draft"", ""5f607f48a8682d927d0d-sr_feedback"", ""5f607f48a8682d927d0d-sr_refine""]",False,False,True,False,False,False,False,True,True,True,True,True,True,True,True,False,False,True,False,False,False,False,False,False
llama31_8b,test,CT38,stopping_declining,3,D,"[""ba030e8c67583bdb7532-g_draft""]",False,False,True,False,False,False,False,True,True,True,True,True,True,True,True,False,False,True,False,False,False,False,False,False
llama31_8b,test,CT38,stopping_declining,3,G,"[""ba030e8c67583bdb7532-g_draft"", ""ba030e8c67583bdb7532-g_final""]",False,False,True,False,False,False,False,True,True,True,True,True,True,True,True,False,False,True,False,False,False,False,False,False
llama31_8b,test,CT38,stopping_declining,3,B,"[""ba030e8c67583bdb7532-candidate_extract"", ""ba030e8c67583bdb7532-candidate_final""]",False,False,False,False,True,False,True,False,False,False,False,False,False,False,False,False,False,False,False,False,False,False,False,False
llama31_8b,test,CT38,stopping_declining,3,C,"[""ba030e8c67583bdb7532-candidate_extract"", ""ba030e8c67583bdb7532-candidate_final""]",False,False,False,False,True,False,True,False,False,False,False,False,False,False,False,False,False,False,False,False,False,False,False,False
llama31_8b,test,CT38,stopping_declining,3,R,"[""ba030e8c67583bdb7532-candidate_extract"", ""ba030e8c67583bdb7532-candidate_final""]",False,False,False,False,True,False,True,False,False,False,False,False,False,False,False,False,False,False,False,False,False,False,False,False
llama31_8b,test,CT38,stopping_declining,3,CR,"[""ba030e8c67583bdb7532-candidate_extract"", ""ba030e8c67583bdb7532-candidate_final""]",False,False,False,False,True,False,True,False,False,False,False,False,False,False,False,False,False,False,False,False,False,False,False,False
llama31_8b,test,CT38,stopping_declining,3,SR1,"[""ba030e8c67583bdb7532-g_draft"", ""ba030e8c67583bdb7532-sr_feedback"", ""ba030e8c67583bdb7532-sr_refine""]",False,False,True,False,False,False,False,True,True,True,True,True,True,True,True,False,False,True,False,False,False,False,False,False
llama31_8b,test,CT39,stopping_declining,1,D,"[""6f14780e79245ac9854a-g_draft""]",False,False,True,False,False,False,False,False,True,True,True,True,True,True,True,False,False,True,False,False,False,False,False,False
llama31_8b,test,CT39,stopping_declining,1,G,"[""6f14780e79245ac9854a-g_draft"", ""6f14780e79245ac9854a-g_final""]",False,False,True,False,False,False,False,False,True,True,True,True,True,True,True,False,False,True,False,False,False,False,False,False
llama31_8b,test,CT39,stopping_declining,1,B,"[""6f14780e79245ac9854a-candidate_extract"", ""6f14780e79245ac9854a-candidate_final""]",False,False,False,False,True,False,True,False,False,False,False,False,False,False,False,False,False,False,False,False,False,False,False,False
llama31_8b,test,CT39,stopping_declining,1,C,"[""6f14780e79245ac9854a-candidate_extract"", ""6f14780e79245ac9854a-candidate_final""]",False,False,False,False,True,False,True,False,False,False,False,False,False,False,False,False,False,False,False,False,False,False,False,False
llama31_8b,test,CT39,stopping_declining,1,R,"[""6f14780e79245ac9854a-candidate_extract"", ""6f14780e79245ac9854a-candidate_final""]",False,False,False,False,True,False,True,False,False,False,False,False,False,False,False,False,False,False,False,False,False,False,False,False
llama31_8b,test,CT39,stopping_declining,1,CR,"[""6f14780e79245ac9854a-candidate_extract"", ""6f14780e79245ac9854a-candidate_final""]",False,False,False,False,True,False,True,False,False,False,False,False,False,False,False,False,False,False,False,False,False,False,False,False
llama31_8b,test,CT39,stopping_declining,1,SR1,"[""6f14780e79245ac9854a-g_draft"", ""6f14780e79245ac9854a-sr_feedback"", ""6f14780e79245ac9854a-sr_refine""]",False,False,True,False,True,False,False,False,True,True,True,True,True,True,True,False,False,True,False,False,False,False,False,False
llama31_8b,test,CT39,stopping_declining,2,D,"[""0eab8981ecb56fc17754-g_draft""]",False,False,True,False,False,False,False,False,True,True,True,True,True,True,True,False,False,True,False,False,False,False,False,False
llama31_8b,test,CT39,stopping_declining,2,G,"[""0eab8981ecb56fc17754-g_draft"", ""0eab8981ecb56fc17754-g_final""]",False,False,True,False,False,False,False,False,True,True,True,True,True,True,True,False,False,True,False,False,False,False,False,False
llama31_8b,test,CT39,stopping_declining,2,B,"[""0eab8981ecb56fc17754-candidate_extract"", ""0eab8981ecb56fc17754-candidate_final""]",False,False,False,False,True,False,True,False,False,False,False,False,False,False,False,False,False,False,False,False,False,False,False,False
llama31_8b,test,CT39,stopping_declining,2,C,"[""0eab8981ecb56fc17754-candidate_extract"", ""0eab8981ecb56fc17754-candidate_final""]",False,False,False,False,True,False,True,False,False,False,False,False,False,False,False,False,False,False,False,False,False,False,False,False
llama31_8b,test,CT39,stopping_declining,2,R,"[""0eab8981ecb56fc17754-candidate_extract"", ""0eab8981ecb56fc17754-candidate_final""]",False,False,False,False,True,False,True,False,False,False,False,False,False,False,False,False,False,False,False,False,False,False,False,False
llama31_8b,test,CT39,stopping_declining,2,CR,"[""0eab8981ecb56fc17754-candidate_extract"", ""0eab8981ecb56fc17754-candidate_final""]",False,False,False,False,True,False,True,False,False,False,False,False,False,False,False,False,False,False,False,False,False,False,False,False
llama31_8b,test,CT39,stopping_declining,2,SR1,"[""0eab8981ecb56fc17754-g_draft"", ""0eab8981ecb56fc17754-sr_feedback"", ""0eab8981ecb56fc17754-sr_refine""]",False,False,True,False,True,False,False,False,True,True,True,True,True,True,True,False,False,True,False,False,False,False,False,False
llama31_8b,test,CT39,stopping_declining,3,D,"[""cfd995a9962043ddb9cc-g_draft""]",False,False,True,False,False,False,False,False,True,True,True,True,True,True,True,False,False,True,False,False,False,False,False,False
llama31_8b,test,CT39,stopping_declining,3,G,"[""cfd995a9962043ddb9cc-g_draft"", ""cfd995a9962043ddb9cc-g_final""]",False,False,True,False,False,False,False,False,True,True,True,True,True,True,True,False,False,True,False,False,False,False,False,False
llama31_8b,test,CT39,stopping_declining,3,B,"[""cfd995a9962043ddb9cc-candidate_extract"", ""cfd995a9962043ddb9cc-candidate_final""]",False,False,False,False,True,False,True,False,False,False,False,False,False,False,False,False,False,False,False,False,False,False,False,False
llama31_8b,test,CT39,stopping_declining,3,C,"[""cfd995a9962043ddb9cc-candidate_extract"", ""cfd995a9962043ddb9cc-candidate_final""]",False,False,False,False,True,False,True,False,False,False,False,False,False,False,False,False,False,False,False,False,False,False,False,False
llama31_8b,test,CT39,stopping_declining,3,R,"[""cfd995a9962043ddb9cc-candidate_extract"", ""cfd995a9962043ddb9cc-candidate_final""]",False,False,False,False,True,False,True,False,False,False,False,False,False,False,False,False,False,False,False,False,False,False,False,False
llama31_8b,test,CT39,stopping_declining,3,CR,"[""cfd995a9962043ddb9cc-candidate_extract"", ""cfd995a9962043ddb9cc-candidate_final""]",False,False,False,False,True,False,True,False,False,False,False,False,False,False,False,False,False,False,False,False,False,False,False,False
llama31_8b,test,CT39,stopping_declining,3,SR1,"[""cfd995a9962043ddb9cc-g_draft"", ""cfd995a9962043ddb9cc-sr_feedback"", ""cfd995a9962043ddb9cc-sr_refine""]",False,False,True,False,False,False,False,False,True,True,True,True,True,True,True,False,False,True,False,False,False,False,False,False
llama31_8b,test,CT40,stopping_declining,1,D,"[""7b8b9d2027acfd034afa-g_draft""]",False,False,True,False,False,False,False,True,True,True,True,True,True,True,True,False,False,True,False,False,False,False,False,False
llama31_8b,test,CT40,stopping_declining,1,G,"[""7b8b9d2027acfd034afa-g_draft"", ""7b8b9d2027acfd034afa-g_final""]",False,False,True,False,False,False,False,True,True,True,True,True,True,True,True,False,False,True,False,False,False,False,False,False
llama31_8b,test,CT40,stopping_declining,1,B,"[""7b8b9d2027acfd034afa-candidate_extract"", ""7b8b9d2027acfd034afa-candidate_final""]",False,False,False,False,True,False,True,False,False,False,False,False,False,False,False,False,False,False,False,False,False,False,False,False
llama31_8b,test,CT40,stopping_declining,1,C,"[""7b8b9d2027acfd034afa-candidate_extract"", ""7b8b9d2027acfd034afa-candidate_final""]",False,False,False,False,True,False,True,False,False,False,False,False,False,False,False,False,False,False,False,False,False,False,False,False
llama31_8b,test,CT40,stopping_declining,1,R,"[""7b8b9d2027acfd034afa-candidate_extract"", ""7b8b9d2027acfd034afa-candidate_final""]",False,False,False,False,True,False,True,False,False,False,False,False,False,False,False,False,False,False,False,False,False,False,False,False
llama31_8b,test,CT40,stopping_declining,1,CR,"[""7b8b9d2027acfd034afa-candidate_extract"", ""7b8b9d2027acfd034afa-candidate_final""]",False,False,False,False,True,False,True,False,False,False,False,False,False,False,False,False,False,False,False,False,False,False,False,False
llama31_8b,test,CT40,stopping_declining,1,SR1,"[""7b8b9d2027acfd034afa-g_draft"", ""7b8b9d2027acfd034afa-sr_feedback"", ""7b8b9d2027acfd034afa-sr_refine""]",False,False,True,False,False,False,False,True,True,True,True,True,True,True,True,False,False,True,False,False,False,False,False,False
llama31_8b,test,CT40,stopping_declining,2,D,"[""1cd274808b318a459ebd-g_draft""]",False,False,True,False,False,False,False,True,True,True,True,True,True,True,True,False,False,True,False,False,False,False,False,False
llama31_8b,test,CT40,stopping_declining,2,G,"[""1cd274808b318a459ebd-g_draft"", ""1cd274808b318a459ebd-g_final""]",False,False,True,False,False,False,False,True,True,True,True,True,True,True,True,False,False,True,False,False,False,False,False,False
llama31_8b,test,CT40,stopping_declining,2,B,"[""1cd274808b318a459ebd-candidate_extract"", ""1cd274808b318a459ebd-candidate_final""]",False,False,False,False,True,False,True,False,False,False,False,False,False,False,False,False,False,False,False,False,False,False,False,False
llama31_8b,test,CT40,stopping_declining,2,C,"[""1cd274808b318a459ebd-candidate_extract"", ""1cd274808b318a459ebd-candidate_final""]",False,False,False,False,True,False,True,False,False,False,False,False,False,False,False,False,False,False,False,False,False,False,False,False
llama31_8b,test,CT40,stopping_declining,2,R,"[""1cd274808b318a459ebd-candidate_extract"", ""1cd274808b318a459ebd-candidate_final""]",False,False,False,False,True,False,True,False,False,False,False,False,False,False,False,False,False,False,False,False,False,False,False,False
llama31_8b,test,CT40,stopping_declining,2,CR,"[""1cd274808b318a459ebd-candidate_extract"", ""1cd274808b318a459ebd-candidate_final""]",False,False,False,False,True,False,True,False,False,False,False,False,False,False,False,False,False,False,False,False,False,False,False,False
llama31_8b,test,CT40,stopping_declining,2,SR1,"[""1cd274808b318a459ebd-g_draft"", ""1cd274808b318a459ebd-sr_feedback"", ""1cd274808b318a459ebd-sr_refine""]",False,False,True,False,False,False,False,True,True,True,True,True,True,True,True,False,False,True,False,False,False,False,False,False
llama31_8b,test,CT40,stopping_declining,3,D,"[""58af72d8b75eac655a5c-g_draft""]",False,False,True,False,False,False,False,True,True,True,True,True,True,True,True,False,False,True,False,False,False,False,False,False
llama31_8b,test,CT40,stopping_declining,3,G,"[""58af72d8b75eac655a5c-g_draft"", ""58af72d8b75eac655a5c-g_final""]",False,False,True,False,False,False,False,True,True,True,True,True,True,True,True,False,False,True,False,False,False,False,False,False
llama31_8b,test,CT40,stopping_declining,3,B,"[""58af72d8b75eac655a5c-candidate_extract"", ""58af72d8b75eac655a5c-candidate_final""]",False,False,False,False,True,False,True,False,False,False,False,False,False,False,False,False,False,False,False,False,False,False,False,False
llama31_8b,test,CT40,stopping_declining,3,C,"[""58af72d8b75eac655a5c-candidate_extract"", ""58af72d8b75eac655a5c-candidate_final""]",False,False,False,False,True,False,True,False,False,False,False,False,False,False,False,False,False,False,False,False,False,False,False,False
llama31_8b,test,CT40,stopping_declining,3,R,"[""58af72d8b75eac655a5c-candidate_extract"", ""58af72d8b75eac655a5c-candidate_final""]",False,False,False,False,True,False,True,False,False,False,False,False,False,False,False,False,False,False,False,False,False,False,False,False
llama31_8b,test,CT40,stopping_declining,3,CR,"[""58af72d8b75eac655a5c-candidate_extract"", ""58af72d8b75eac655a5c-candidate_final""]",False,False,False,False,True,False,True,False,False,False,False,False,False,False,False,False,False,False,False,False,False,False,False,False
llama31_8b,test,CT40,stopping_declining,3,SR1,"[""58af72d8b75eac655a5c-g_draft"", ""58af72d8b75eac655a5c-sr_feedback"", ""58af72d8b75eac655a5c-sr_refine""]",False,False,True,False,False,False,False,True,True,True,True,True,True,True,True,False,False,True,False,False,False,False,False,False
llama31_8b,test,CT41,multiple_facts_partial_scope,1,D,"[""292d3a8ac51c5900af2c-g_draft""]",True,True,True,False,False,False,False,False,False,False,True,True,True,False,False,False,False,False,False,True,False,False,False,False
llama31_8b,test,CT41,multiple_facts_partial_scope,1,G,"[""292d3a8ac51c5900af2c-g_draft"", ""292d3a8ac51c5900af2c-g_final""]",True,True,True,False,False,False,False,True,False,False,True,True,True,False,False,False,False,False,False,False,False,False,False,False
llama31_8b,test,CT41,multiple_facts_partial_scope,1,B,"[""292d3a8ac51c5900af2c-candidate_extract"", ""292d3a8ac51c5900af2c-candidate_final""]",True,True,False,False,True,False,True,False,False,False,False,False,False,False,False,False,False,False,False,False,False,False,False,False
llama31_8b,test,CT41,multiple_facts_partial_scope,1,C,"[""292d3a8ac51c5900af2c-candidate_extract"", ""292d3a8ac51c5900af2c-candidate_final""]",True,True,False,False,True,False,True,False,False,False,False,False,False,False,False,False,False,False,False,False,False,False,False,False
llama31_8b,test,CT41,multiple_facts_partial_scope,1,R,"[""292d3a8ac51c5900af2c-candidate_extract"", ""292d3a8ac51c5900af2c-candidate_final""]",True,True,False,False,True,False,True,False,False,False,False,False,False,False,False,False,False,False,False,False,False,False,False,False
llama31_8b,test,CT41,multiple_facts_partial_scope,1,CR,"[""292d3a8ac51c5900af2c-candidate_extract"", ""292d3a8ac51c5900af2c-candidate_final""]",True,True,False,False,True,False,True,False,False,False,False,False,False,False,False,False,False,False,False,False,False,False,False,False
llama31_8b,test,CT41,multiple_facts_partial_scope,1,SR1,"[""292d3a8ac51c5900af2c-g_draft"", ""292d3a8ac51c5900af2c-sr_feedback"", ""292d3a8ac51c5900af2c-sr_refine""]",True,True,True,False,False,False,False,True,True,True,True,True,True,True,True,True,True,False,False,False,False,False,False,False
llama31_8b,test,CT41,multiple_facts_partial_scope,2,D,"[""59b5e4e411f0f5d86981-g_draft""]",True,True,True,False,False,False,False,False,False,False,True,True,True,False,False,False,False,False,False,True,False,False,False,False
llama31_8b,test,CT41,multiple_facts_partial_scope,2,G,"[""59b5e4e411f0f5d86981-g_draft"", ""59b5e4e411f0f5d86981-g_final""]",True,True,True,False,False,False,False,True,False,False,True,True,True,False,False,False,False,False,False,False,False,False,False,False
llama31_8b,test,CT41,multiple_facts_partial_scope,2,B,"[""59b5e4e411f0f5d86981-candidate_extract"", ""59b5e4e411f0f5d86981-candidate_final""]",True,True,False,False,True,False,True,False,False,False,False,False,False,False,False,False,False,False,False,False,False,False,False,False
llama31_8b,test,CT41,multiple_facts_partial_scope,2,C,"[""59b5e4e411f0f5d86981-candidate_extract"", ""59b5e4e411f0f5d86981-candidate_final""]",True,True,False,False,True,False,True,False,False,False,False,False,False,False,False,False,False,False,False,False,False,False,False,False
llama31_8b,test,CT41,multiple_facts_partial_scope,2,R,"[""59b5e4e411f0f5d86981-candidate_extract"", ""59b5e4e411f0f5d86981-candidate_final""]",True,True,False,False,True,False,True,False,False,False,False,False,False,False,False,False,False,False,False,False,False,False,False,False
llama31_8b,test,CT41,multiple_facts_partial_scope,2,CR,"[""59b5e4e411f0f5d86981-candidate_extract"", ""59b5e4e411f0f5d86981-candidate_final""]",True,True,False,False,True,False,True,False,False,False,False,False,False,False,False,False,False,False,False,False,False,False,False,False
llama31_8b,test,CT41,multiple_facts_partial_scope,2,SR1,"[""59b5e4e411f0f5d86981-g_draft"", ""59b5e4e411f0f5d86981-sr_feedback"", ""59b5e4e411f0f5d86981-sr_refine""]",True,True,True,False,False,False,False,True,False,False,True,True,True,False,False,False,False,False,False,False,False,False,False,False
llama31_8b,test,CT41,multiple_facts_partial_scope,3,D,"[""fdcc5558654ce532ade3-g_draft""]",True,True,True,False,False,False,False,False,False,False,True,True,True,False,False,False,False,False,False,True,False,False,False,False
llama31_8b,test,CT41,multiple_facts_partial_scope,3,G,"[""fdcc5558654ce532ade3-g_draft"", ""fdcc5558654ce532ade3-g_final""]",True,True,True,False,False,False,False,True,False,False,True,True,True,False,False,False,False,False,False,False,False,False,False,False
llama31_8b,test,CT41,multiple_facts_partial_scope,3,B,"[""fdcc5558654ce532ade3-candidate_extract"", ""fdcc5558654ce532ade3-candidate_final""]",True,True,False,False,True,False,True,False,False,False,False,False,False,False,False,False,False,False,False,False,False,False,False,False
llama31_8b,test,CT41,multiple_facts_partial_scope,3,C,"[""fdcc5558654ce532ade3-candidate_extract"", ""fdcc5558654ce532ade3-candidate_final""]",True,True,False,False,True,False,True,False,False,False,False,False,False,False,False,False,False,False,False,False,False,False,False,False
llama31_8b,test,CT41,multiple_facts_partial_scope,3,R,"[""fdcc5558654ce532ade3-candidate_extract"", ""fdcc5558654ce532ade3-candidate_final""]",True,True,False,False,True,False,True,False,False,False,False,False,False,False,False,False,False,False,False,False,False,False,False,False
llama31_8b,test,CT41,multiple_facts_partial_scope,3,CR,"[""fdcc5558654ce532ade3-candidate_extract"", ""fdcc5558654ce532ade3-candidate_final""]",True,True,False,False,True,False,True,False,False,False,False,False,False,False,False,False,False,False,False,False,False,False,False,False
llama31_8b,test,CT41,multiple_facts_partial_scope,3,SR1,"[""fdcc5558654ce532ade3-g_draft"", ""fdcc5558654ce532ade3-sr_feedback"", ""fdcc5558654ce532ade3-sr_refine""]",True,True,True,False,False,False,False,True,False,False,True,True,True,False,False,False,False,False,False,False,False,False,False,False
llama31_8b,test,CT42,multiple_facts_partial_scope,1,D,"[""1e6c40d2cfcf0e3de50b-g_draft""]",True,True,True,False,False,False,False,False,True,True,True,True,True,True,True,False,False,False,False,True,False,False,False,False
llama31_8b,test,CT42,multiple_facts_partial_scope,1,G,"[""1e6c40d2cfcf0e3de50b-g_draft"", ""1e6c40d2cfcf0e3de50b-g_final""]",True,True,True,False,False,False,False,True,True,True,True,True,True,True,True,True,True,False,False,False,False,False,False,False
llama31_8b,test,CT42,multiple_facts_partial_scope,1,B,"[""1e6c40d2cfcf0e3de50b-candidate_extract"", ""1e6c40d2cfcf0e3de50b-candidate_final""]",True,True,False,False,True,False,True,False,False,False,False,False,False,False,False,False,False,False,False,False,False,False,False,False
llama31_8b,test,CT42,multiple_facts_partial_scope,1,C,"[""1e6c40d2cfcf0e3de50b-candidate_extract"", ""1e6c40d2cfcf0e3de50b-candidate_final""]",True,True,False,False,True,False,True,False,False,False,False,False,False,False,False,False,False,False,False,False,False,False,False,False
llama31_8b,test,CT42,multiple_facts_partial_scope,1,R,"[""1e6c40d2cfcf0e3de50b-candidate_extract"", ""1e6c40d2cfcf0e3de50b-candidate_final""]",True,True,False,False,True,False,True,False,False,False,False,False,False,False,False,False,False,False,False,False,False,False,False,False
llama31_8b,test,CT42,multiple_facts_partial_scope,1,CR,"[""1e6c40d2cfcf0e3de50b-candidate_extract"", ""1e6c40d2cfcf0e3de50b-candidate_final""]",True,True,False,False,True,False,True,False,False,False,False,False,False,False,False,False,False,False,False,False,False,False,False,False
llama31_8b,test,CT42,multiple_facts_partial_scope,1,SR1,"[""1e6c40d2cfcf0e3de50b-g_draft"", ""1e6c40d2cfcf0e3de50b-sr_feedback"", ""1e6c40d2cfcf0e3de50b-sr_refine""]",True,True,True,False,False,False,False,False,True,True,True,True,True,True,True,False,False,False,False,True,False,False,False,False
llama31_8b,test,CT42,multiple_facts_partial_scope,2,D,"[""945ba92e4f4a44c0a391-g_draft""]",True,True,True,False,False,False,False,False,False,False,True,True,True,False,False,False,False,False,False,True,False,False,False,False
llama31_8b,test,CT42,multiple_facts_partial_scope,2,G,"[""945ba92e4f4a44c0a391-g_draft"", ""945ba92e4f4a44c0a391-g_final""]",True,True,True,False,False,False,False,True,True,True,True,True,True,True,True,True,True,False,False,False,False,False,False,False
llama31_8b,test,CT42,multiple_facts_partial_scope,2,B,"[""945ba92e4f4a44c0a391-candidate_extract"", ""945ba92e4f4a44c0a391-candidate_final""]",True,True,False,False,True,False,True,False,False,False,False,False,False,False,False,False,False,False,False,False,False,False,False,False
llama31_8b,test,CT42,multiple_facts_partial_scope,2,C,"[""945ba92e4f4a44c0a391-candidate_extract"", ""945ba92e4f4a44c0a391-candidate_final""]",True,True,False,False,True,False,True,False,False,False,False,False,False,False,False,False,False,False,False,False,False,False,False,False
llama31_8b,test,CT42,multiple_facts_partial_scope,2,R,"[""945ba92e4f4a44c0a391-candidate_extract"", ""945ba92e4f4a44c0a391-candidate_final""]",True,True,False,False,True,False,True,False,False,False,False,False,False,False,False,False,False,False,False,False,False,False,False,False
llama31_8b,test,CT42,multiple_facts_partial_scope,2,CR,"[""945ba92e4f4a44c0a391-candidate_extract"", ""945ba92e4f4a44c0a391-candidate_final""]",True,True,False,False,True,False,True,False,False,False,False,False,False,False,False,False,False,False,False,False,False,False,False,False
llama31_8b,test,CT42,multiple_facts_partial_scope,2,SR1,"[""945ba92e4f4a44c0a391-g_draft"", ""945ba92e4f4a44c0a391-sr_feedback"", ""945ba92e4f4a44c0a391-sr_refine""]",True,True,True,False,False,False,False,False,True,True,True,True,True,True,True,False,False,False,False,True,False,False,False,False
llama31_8b,test,CT42,multiple_facts_partial_scope,3,D,"[""57b60ec9c951f55dfca3-g_draft""]",True,True,True,False,False,False,False,False,False,False,True,True,True,False,False,False,False,False,False,True,False,False,False,False
llama31_8b,test,CT42,multiple_facts_partial_scope,3,G,"[""57b60ec9c951f55dfca3-g_draft"", ""57b60ec9c951f55dfca3-g_final""]",True,True,True,False,False,False,False,True,True,True,True,True,True,True,True,True,True,False,False,False,False,False,False,False
llama31_8b,test,CT42,multiple_facts_partial_scope,3,B,"[""57b60ec9c951f55dfca3-candidate_extract"", ""57b60ec9c951f55dfca3-candidate_final""]",True,True,False,False,True,False,True,False,False,False,False,False,False,False,False,False,False,False,False,False,False,False,False,False
llama31_8b,test,CT42,multiple_facts_partial_scope,3,C,"[""57b60ec9c951f55dfca3-candidate_extract"", ""57b60ec9c951f55dfca3-candidate_final""]",True,True,False,False,True,False,True,False,False,False,False,False,False,False,False,False,False,False,False,False,False,False,False,False
llama31_8b,test,CT42,multiple_facts_partial_scope,3,R,"[""57b60ec9c951f55dfca3-candidate_extract"", ""57b60ec9c951f55dfca3-candidate_final""]",True,True,False,False,True,False,True,False,False,False,False,False,False,False,False,False,False,False,False,False,False,False,False,False
llama31_8b,test,CT42,multiple_facts_partial_scope,3,CR,"[""57b60ec9c951f55dfca3-candidate_extract"", ""57b60ec9c951f55dfca3-candidate_final""]",True,True,False,False,True,False,True,False,False,False,False,False,False,False,False,False,False,False,False,False,False,False,False,False
llama31_8b,test,CT42,multiple_facts_partial_scope,3,SR1,"[""57b60ec9c951f55dfca3-g_draft"", ""57b60ec9c951f55dfca3-sr_feedback"", ""57b60ec9c951f55dfca3-sr_refine""]",True,True,True,False,False,False,False,False,False,False,True,True,True,False,False,False,False,False,False,True,False,False,False,False
llama31_8b,test,CT43,multiple_facts_partial_scope,1,D,"[""3932060ada1fd1b1dfe3-g_draft""]",True,True,True,False,False,False,False,False,False,False,True,True,True,False,False,False,False,False,False,True,False,False,False,False
llama31_8b,test,CT43,multiple_facts_partial_scope,1,G,"[""3932060ada1fd1b1dfe3-g_draft"", ""3932060ada1fd1b1dfe3-g_final""]",True,True,True,False,False,False,False,True,False,False,True,True,True,False,False,False,False,False,False,False,False,False,False,False
llama31_8b,test,CT43,multiple_facts_partial_scope,1,B,"[""3932060ada1fd1b1dfe3-candidate_extract"", ""3932060ada1fd1b1dfe3-candidate_final""]",True,True,True,False,False,False,False,False,False,False,True,True,True,False,False,False,False,False,False,True,False,False,False,False
llama31_8b,test,CT43,multiple_facts_partial_scope,1,C,"[""3932060ada1fd1b1dfe3-candidate_extract"", ""3932060ada1fd1b1dfe3-candidate_final""]",True,True,True,False,False,False,False,False,False,False,True,True,True,False,False,False,False,False,False,True,False,False,False,False
llama31_8b,test,CT43,multiple_facts_partial_scope,1,R,"[""3932060ada1fd1b1dfe3-candidate_extract"", ""3932060ada1fd1b1dfe3-candidate_final""]",True,True,True,False,False,False,False,False,False,False,True,True,True,False,False,False,False,False,False,True,False,False,False,False
llama31_8b,test,CT43,multiple_facts_partial_scope,1,CR,"[""3932060ada1fd1b1dfe3-candidate_extract"", ""3932060ada1fd1b1dfe3-candidate_final""]",True,True,True,False,False,False,False,False,False,False,True,True,True,False,False,False,False,False,False,True,False,False,False,False
llama31_8b,test,CT43,multiple_facts_partial_scope,1,SR1,"[""3932060ada1fd1b1dfe3-g_draft"", ""3932060ada1fd1b1dfe3-sr_feedback"", ""3932060ada1fd1b1dfe3-sr_refine""]",True,True,True,False,False,False,False,True,False,False,True,True,True,False,False,False,False,False,False,False,False,False,False,False
llama31_8b,test,CT43,multiple_facts_partial_scope,2,D,"[""6d4796caf3c014d652b5-g_draft""]",True,True,True,False,False,False,False,False,False,False,True,True,True,False,False,False,False,False,False,True,False,False,False,False
llama31_8b,test,CT43,multiple_facts_partial_scope,2,G,"[""6d4796caf3c014d652b5-g_draft"", ""6d4796caf3c014d652b5-g_final""]",True,True,True,False,False,False,False,True,False,False,True,True,True,False,False,False,False,False,False,False,False,False,False,False
llama31_8b,test,CT43,multiple_facts_partial_scope,2,B,"[""6d4796caf3c014d652b5-candidate_extract"", ""6d4796caf3c014d652b5-candidate_final""]",True,True,True,False,False,False,False,False,True,False,True,True,True,False,False,False,False,False,False,True,False,False,False,False
llama31_8b,test,CT43,multiple_facts_partial_scope,2,C,"[""6d4796caf3c014d652b5-candidate_extract"", ""6d4796caf3c014d652b5-candidate_final""]",True,True,True,False,False,False,False,False,True,False,True,True,True,False,False,False,False,False,False,True,False,False,False,False
llama31_8b,test,CT43,multiple_facts_partial_scope,2,R,"[""6d4796caf3c014d652b5-candidate_extract"", ""6d4796caf3c014d652b5-candidate_final""]",True,True,True,False,False,False,False,False,True,False,True,True,True,False,False,False,False,False,False,True,False,False,True,False
llama31_8b,test,CT43,multiple_facts_partial_scope,2,CR,"[""6d4796caf3c014d652b5-candidate_extract"", ""6d4796caf3c014d652b5-candidate_final""]",True,True,True,False,False,False,False,False,True,False,True,True,True,False,False,False,False,False,False,True,False,False,True,False
llama31_8b,test,CT43,multiple_facts_partial_scope,2,SR1,"[""6d4796caf3c014d652b5-g_draft"", ""6d4796caf3c014d652b5-sr_feedback"", ""6d4796caf3c014d652b5-sr_refine""]",True,True,True,False,False,False,False,False,False,False,True,True,True,False,False,False,False,False,False,True,False,False,False,False
llama31_8b,test,CT43,multiple_facts_partial_scope,3,D,"[""6d36c825a152cbbdd995-g_draft""]",True,True,True,False,False,False,False,True,False,False,True,True,True,False,False,False,False,False,False,False,False,False,False,False
llama31_8b,test,CT43,multiple_facts_partial_scope,3,G,"[""6d36c825a152cbbdd995-g_draft"", ""6d36c825a152cbbdd995-g_final""]",True,True,True,False,False,False,False,True,False,False,True,True,True,False,False,False,False,False,False,False,False,False,False,False
llama31_8b,test,CT43,multiple_facts_partial_scope,3,B,"[""6d36c825a152cbbdd995-candidate_extract"", ""6d36c825a152cbbdd995-candidate_final""]",True,True,True,False,False,False,False,False,True,False,True,True,True,False,False,False,False,False,False,True,False,False,False,False
llama31_8b,test,CT43,multiple_facts_partial_scope,3,C,"[""6d36c825a152cbbdd995-candidate_extract"", ""6d36c825a152cbbdd995-candidate_final""]",True,True,True,False,False,False,False,False,True,False,True,True,True,False,False,False,False,False,False,True,False,False,False,False
llama31_8b,test,CT43,multiple_facts_partial_scope,3,R,"[""6d36c825a152cbbdd995-candidate_extract"", ""6d36c825a152cbbdd995-candidate_final""]",True,True,True,False,False,False,False,False,True,False,True,True,True,False,False,False,False,False,False,True,False,False,True,False
llama31_8b,test,CT43,multiple_facts_partial_scope,3,CR,"[""6d36c825a152cbbdd995-candidate_extract"", ""6d36c825a152cbbdd995-candidate_final""]",True,True,True,False,False,False,False,False,True,False,True,True,True,False,False,False,False,False,False,True,False,False,True,False
llama31_8b,test,CT43,multiple_facts_partial_scope,3,SR1,"[""6d36c825a152cbbdd995-g_draft"", ""6d36c825a152cbbdd995-sr_feedback"", ""6d36c825a152cbbdd995-sr_refine""]",True,True,True,False,True,False,False,True,False,False,True,True,True,False,False,False,False,False,False,False,False,False,False,False
llama31_8b,test,CT44,multiple_facts_partial_scope,1,D,"[""1305c2dd0d3151142691-g_draft""]",True,False,True,False,False,False,False,True,True,True,True,True,True,True,True,True,False,False,False,False,False,False,False,False
llama31_8b,test,CT44,multiple_facts_partial_scope,1,G,"[""1305c2dd0d3151142691-g_draft"", ""1305c2dd0d3151142691-g_final""]",True,False,True,False,False,False,False,True,True,True,True,True,True,True,True,True,False,False,False,False,False,False,False,False
llama31_8b,test,CT44,multiple_facts_partial_scope,1,B,"[""1305c2dd0d3151142691-candidate_extract"", ""1305c2dd0d3151142691-candidate_final""]",True,False,True,False,False,False,False,True,False,True,True,True,True,True,False,False,False,False,False,False,False,False,False,False
llama31_8b,test,CT44,multiple_facts_partial_scope,1,C,"[""1305c2dd0d3151142691-candidate_extract"", ""1305c2dd0d3151142691-candidate_final""]",True,False,True,False,False,False,False,True,False,True,True,True,True,True,False,False,False,False,False,False,False,False,False,False
llama31_8b,test,CT44,multiple_facts_partial_scope,1,R,"[""1305c2dd0d3151142691-candidate_extract"", ""1305c2dd0d3151142691-candidate_final""]",True,False,True,False,False,False,False,True,False,True,True,True,True,True,False,False,False,False,False,False,False,False,False,False
llama31_8b,test,CT44,multiple_facts_partial_scope,1,CR,"[""1305c2dd0d3151142691-candidate_extract"", ""1305c2dd0d3151142691-candidate_final""]",True,False,True,False,False,False,False,True,False,True,True,True,True,True,False,False,False,False,False,False,False,False,False,False
llama31_8b,test,CT44,multiple_facts_partial_scope,1,SR1,"[""1305c2dd0d3151142691-g_draft"", ""1305c2dd0d3151142691-sr_feedback"", ""1305c2dd0d3151142691-sr_refine""]",True,False,True,False,False,False,False,True,True,True,True,True,True,True,True,True,False,False,False,False,False,False,False,False
llama31_8b,test,CT44,multiple_facts_partial_scope,2,D,"[""6f2d226ba3e2dac5abc2-g_draft""]",True,False,True,False,False,False,False,True,True,True,True,True,True,True,True,True,False,False,False,False,False,False,False,False
llama31_8b,test,CT44,multiple_facts_partial_scope,2,G,"[""6f2d226ba3e2dac5abc2-g_draft"", ""6f2d226ba3e2dac5abc2-g_final""]",True,False,True,False,False,False,False,True,True,True,True,True,True,True,True,True,False,False,False,False,False,False,False,False
llama31_8b,test,CT44,multiple_facts_partial_scope,2,B,"[""6f2d226ba3e2dac5abc2-candidate_extract"", ""6f2d226ba3e2dac5abc2-candidate_final""]",True,False,True,False,False,False,False,False,False,True,True,True,True,True,False,False,False,False,False,True,False,False,False,False
llama31_8b,test,CT44,multiple_facts_partial_scope,2,C,"[""6f2d226ba3e2dac5abc2-candidate_extract"", ""6f2d226ba3e2dac5abc2-candidate_final""]",True,False,True,False,False,False,False,False,False,True,True,True,True,True,False,False,False,False,False,True,False,False,False,False
llama31_8b,test,CT44,multiple_facts_partial_scope,2,R,"[""6f2d226ba3e2dac5abc2-candidate_extract"", ""6f2d226ba3e2dac5abc2-candidate_final""]",True,False,True,False,False,False,False,False,False,True,True,True,True,True,False,False,False,False,False,True,False,False,False,False
llama31_8b,test,CT44,multiple_facts_partial_scope,2,CR,"[""6f2d226ba3e2dac5abc2-candidate_extract"", ""6f2d226ba3e2dac5abc2-candidate_final""]",True,False,True,False,False,False,False,False,False,True,True,True,True,True,False,False,False,False,False,True,False,False,False,False
llama31_8b,test,CT44,multiple_facts_partial_scope,2,SR1,"[""6f2d226ba3e2dac5abc2-g_draft"", ""6f2d226ba3e2dac5abc2-sr_feedback"", ""6f2d226ba3e2dac5abc2-sr_refine""]",True,False,True,False,False,False,False,True,True,True,True,True,True,True,True,True,False,False,False,False,False,False,False,False
llama31_8b,test,CT44,multiple_facts_partial_scope,3,D,"[""820ada422fb95e3a9bab-g_draft""]",True,False,True,False,False,False,False,True,True,True,True,True,True,True,True,True,False,False,False,False,False,False,False,False
llama31_8b,test,CT44,multiple_facts_partial_scope,3,G,"[""820ada422fb95e3a9bab-g_draft"", ""820ada422fb95e3a9bab-g_final""]",True,False,True,False,False,False,False,True,True,True,True,True,True,True,True,True,False,False,False,False,False,False,False,False
llama31_8b,test,CT44,multiple_facts_partial_scope,3,B,"[""820ada422fb95e3a9bab-candidate_extract"", ""820ada422fb95e3a9bab-candidate_final""]",True,False,True,False,False,False,False,False,False,True,True,True,True,True,False,False,False,False,False,True,False,False,False,False
llama31_8b,test,CT44,multiple_facts_partial_scope,3,C,"[""820ada422fb95e3a9bab-candidate_extract"", ""820ada422fb95e3a9bab-candidate_final""]",True,False,True,False,False,False,False,False,False,True,True,True,True,True,False,False,False,False,False,True,False,False,False,False
llama31_8b,test,CT44,multiple_facts_partial_scope,3,R,"[""820ada422fb95e3a9bab-candidate_extract"", ""820ada422fb95e3a9bab-candidate_final""]",True,False,True,False,False,False,False,False,False,True,True,True,True,True,False,False,False,False,False,True,False,False,False,False
llama31_8b,test,CT44,multiple_facts_partial_scope,3,CR,"[""820ada422fb95e3a9bab-candidate_extract"", ""820ada422fb95e3a9bab-candidate_final""]",True,False,True,False,False,False,False,False,False,True,True,True,True,True,False,False,False,False,False,True,False,False,False,False
llama31_8b,test,CT44,multiple_facts_partial_scope,3,SR1,"[""820ada422fb95e3a9bab-g_draft"", ""820ada422fb95e3a9bab-sr_feedback"", ""820ada422fb95e3a9bab-sr_refine""]",True,False,True,False,False,False,False,True,True,True,True,True,True,True,True,True,False,False,False,False,False,False,False,False
llama31_8b,test,CT45,self_repair_contextual_ellipsis,1,D,"[""97ce1c5215ff62b11a6c-g_draft""]",True,True,True,False,False,False,False,False,False,False,True,True,True,False,False,False,False,False,False,True,False,False,False,False
llama31_8b,test,CT45,self_repair_contextual_ellipsis,1,G,"[""97ce1c5215ff62b11a6c-g_draft"", ""97ce1c5215ff62b11a6c-g_final""]",True,True,True,False,False,False,False,True,True,False,True,True,True,False,False,False,False,False,False,False,False,False,False,False
llama31_8b,test,CT45,self_repair_contextual_ellipsis,1,B,"[""97ce1c5215ff62b11a6c-candidate_extract"", ""97ce1c5215ff62b11a6c-candidate_final""]",True,True,True,False,False,False,False,False,False,True,True,True,False,True,False,False,False,False,False,True,True,True,False,False
llama31_8b,test,CT45,self_repair_contextual_ellipsis,1,C,"[""97ce1c5215ff62b11a6c-candidate_extract"", ""97ce1c5215ff62b11a6c-candidate_final""]",True,True,True,False,False,False,False,False,False,True,True,True,False,True,False,False,False,False,False,True,True,True,False,False
llama31_8b,test,CT45,self_repair_contextual_ellipsis,1,R,"[""97ce1c5215ff62b11a6c-candidate_extract"", ""97ce1c5215ff62b11a6c-candidate_final""]",True,True,True,False,False,False,False,False,False,True,True,True,False,True,False,False,False,False,False,True,True,True,True,False
llama31_8b,test,CT45,self_repair_contextual_ellipsis,1,CR,"[""97ce1c5215ff62b11a6c-candidate_extract"", ""97ce1c5215ff62b11a6c-candidate_final""]",True,True,True,False,False,False,False,False,False,True,True,True,False,True,False,False,False,False,False,True,True,True,True,False
llama31_8b,test,CT45,self_repair_contextual_ellipsis,1,SR1,"[""97ce1c5215ff62b11a6c-g_draft"", ""97ce1c5215ff62b11a6c-sr_feedback"", ""97ce1c5215ff62b11a6c-sr_refine""]",True,True,True,False,False,False,False,False,False,False,True,True,True,False,False,False,False,False,False,True,False,False,False,False
llama31_8b,test,CT45,self_repair_contextual_ellipsis,2,D,"[""2ac6966a20bad6c7a823-g_draft""]",True,True,True,False,False,False,False,False,False,False,True,True,True,False,False,False,False,False,False,True,False,False,False,False
llama31_8b,test,CT45,self_repair_contextual_ellipsis,2,G,"[""2ac6966a20bad6c7a823-g_draft"", ""2ac6966a20bad6c7a823-g_final""]",True,True,True,False,False,False,False,True,False,False,True,True,True,False,False,False,False,False,False,False,False,False,False,False
llama31_8b,test,CT45,self_repair_contextual_ellipsis,2,B,"[""2ac6966a20bad6c7a823-candidate_extract"", ""2ac6966a20bad6c7a823-candidate_final""]",True,True,True,False,False,False,False,False,False,True,True,True,False,True,False,False,False,False,False,True,True,True,False,False
llama31_8b,test,CT45,self_repair_contextual_ellipsis,2,C,"[""2ac6966a20bad6c7a823-candidate_extract"", ""2ac6966a20bad6c7a823-candidate_final""]",True,True,True,False,False,False,False,False,False,True,True,True,False,True,False,False,False,False,False,True,True,True,False,False
llama31_8b,test,CT45,self_repair_contextual_ellipsis,2,R,"[""2ac6966a20bad6c7a823-candidate_extract"", ""2ac6966a20bad6c7a823-candidate_final""]",True,True,True,False,False,False,False,False,False,True,True,True,False,True,False,False,False,False,False,True,True,True,True,False
llama31_8b,test,CT45,self_repair_contextual_ellipsis,2,CR,"[""2ac6966a20bad6c7a823-candidate_extract"", ""2ac6966a20bad6c7a823-candidate_final""]",True,True,True,False,False,False,False,False,False,True,True,True,False,True,False,False,False,False,False,True,True,True,True,False
llama31_8b,test,CT45,self_repair_contextual_ellipsis,2,SR1,"[""2ac6966a20bad6c7a823-g_draft"", ""2ac6966a20bad6c7a823-sr_feedback"", ""2ac6966a20bad6c7a823-sr_refine""]",True,True,True,False,False,False,False,False,False,False,True,True,True,False,False,False,False,False,False,True,False,False,False,False
llama31_8b,test,CT45,self_repair_contextual_ellipsis,3,D,"[""bd600cff386f40b46157-g_draft""]",True,True,True,False,False,False,False,False,True,True,True,True,True,True,True,False,False,False,False,True,False,False,False,False
llama31_8b,test,CT45,self_repair_contextual_ellipsis,3,G,"[""bd600cff386f40b46157-g_draft"", ""bd600cff386f40b46157-g_final""]",True,True,True,False,False,False,False,True,True,True,True,True,True,True,True,True,True,False,False,False,False,False,False,False
llama31_8b,test,CT45,self_repair_contextual_ellipsis,3,B,"[""bd600cff386f40b46157-candidate_extract"", ""bd600cff386f40b46157-candidate_final""]",True,True,True,False,False,False,False,False,False,True,True,True,False,True,False,False,False,False,False,True,True,True,False,False
llama31_8b,test,CT45,self_repair_contextual_ellipsis,3,C,"[""bd600cff386f40b46157-candidate_extract"", ""bd600cff386f40b46157-candidate_final""]",True,True,True,False,False,False,False,False,False,True,True,True,False,True,False,False,False,False,False,True,True,True,False,False
llama31_8b,test,CT45,self_repair_contextual_ellipsis,3,R,"[""bd600cff386f40b46157-candidate_extract"", ""bd600cff386f40b46157-candidate_final""]",True,True,True,False,False,False,False,False,False,True,True,True,False,True,False,False,False,False,False,True,True,True,True,False
llama31_8b,test,CT45,self_repair_contextual_ellipsis,3,CR,"[""bd600cff386f40b46157-candidate_extract"", ""bd600cff386f40b46157-candidate_final""]",True,True,True,False,False,False,False,False,False,True,True,True,False,True,False,False,False,False,False,True,True,True,True,False
llama31_8b,test,CT45,self_repair_contextual_ellipsis,3,SR1,"[""bd600cff386f40b46157-g_draft"", ""bd600cff386f40b46157-sr_feedback"", ""bd600cff386f40b46157-sr_refine""]",True,True,True,False,False,False,False,False,True,True,True,True,True,True,True,False,False,False,False,True,False,False,False,False
llama31_8b,test,CT46,self_repair_contextual_ellipsis,1,D,"[""84a0954baa508594e42f-g_draft""]",True,True,True,False,False,False,False,True,False,False,True,True,True,False,False,False,False,False,False,False,False,False,False,False
llama31_8b,test,CT46,self_repair_contextual_ellipsis,1,G,"[""84a0954baa508594e42f-g_draft"", ""84a0954baa508594e42f-g_final""]",True,True,True,False,False,False,False,True,False,False,True,True,True,False,False,False,False,False,False,False,False,False,False,False
llama31_8b,test,CT46,self_repair_contextual_ellipsis,1,B,"[""84a0954baa508594e42f-candidate_extract"", ""84a0954baa508594e42f-candidate_final""]",True,True,False,False,True,False,True,False,False,False,False,False,False,False,False,False,False,False,False,False,False,False,False,False
llama31_8b,test,CT46,self_repair_contextual_ellipsis,1,C,"[""84a0954baa508594e42f-candidate_extract"", ""84a0954baa508594e42f-candidate_final""]",True,True,False,False,True,False,True,False,False,False,False,False,False,False,False,False,False,False,False,False,False,False,False,False
llama31_8b,test,CT46,self_repair_contextual_ellipsis,1,R,"[""84a0954baa508594e42f-candidate_extract"", ""84a0954baa508594e42f-candidate_final""]",True,True,False,False,True,False,True,False,False,False,False,False,False,False,False,False,False,False,False,False,False,False,False,False
llama31_8b,test,CT46,self_repair_contextual_ellipsis,1,CR,"[""84a0954baa508594e42f-candidate_extract"", ""84a0954baa508594e42f-candidate_final""]",True,True,False,False,True,False,True,False,False,False,False,False,False,False,False,False,False,False,False,False,False,False,False,False
llama31_8b,test,CT46,self_repair_contextual_ellipsis,1,SR1,"[""84a0954baa508594e42f-g_draft"", ""84a0954baa508594e42f-sr_feedback"", ""84a0954baa508594e42f-sr_refine""]",True,True,True,False,False,False,False,True,False,False,True,True,True,False,False,False,False,False,False,False,False,False,False,False
llama31_8b,test,CT46,self_repair_contextual_ellipsis,2,D,"[""99db8d21a024ad4bf429-g_draft""]",True,True,True,False,False,False,False,False,False,False,True,True,True,False,False,False,False,False,False,True,False,False,False,False
llama31_8b,test,CT46,self_repair_contextual_ellipsis,2,G,"[""99db8d21a024ad4bf429-g_draft"", ""99db8d21a024ad4bf429-g_final""]",True,True,True,False,False,False,False,True,True,False,True,True,True,False,False,False,False,False,False,False,False,False,False,False
llama31_8b,test,CT46,self_repair_contextual_ellipsis,2,B,"[""99db8d21a024ad4bf429-candidate_extract"", ""99db8d21a024ad4bf429-candidate_final""]",True,True,False,False,True,False,True,False,False,False,False,False,False,False,False,False,False,False,False,False,False,False,False,False
llama31_8b,test,CT46,self_repair_contextual_ellipsis,2,C,"[""99db8d21a024ad4bf429-candidate_extract"", ""99db8d21a024ad4bf429-candidate_final""]",True,True,False,False,True,False,True,False,False,False,False,False,False,False,False,False,False,False,False,False,False,False,False,False
llama31_8b,test,CT46,self_repair_contextual_ellipsis,2,R,"[""99db8d21a024ad4bf429-candidate_extract"", ""99db8d21a024ad4bf429-candidate_final""]",True,True,False,False,True,False,True,False,False,False,False,False,False,False,False,False,False,False,False,False,False,False,False,False
llama31_8b,test,CT46,self_repair_contextual_ellipsis,2,CR,"[""99db8d21a024ad4bf429-candidate_extract"", ""99db8d21a024ad4bf429-candidate_final""]",True,True,False,False,True,False,True,False,False,False,False,False,False,False,False,False,False,False,False,False,False,False,False,False
llama31_8b,test,CT46,self_repair_contextual_ellipsis,2,SR1,"[""99db8d21a024ad4bf429-g_draft"", ""99db8d21a024ad4bf429-sr_feedback"", ""99db8d21a024ad4bf429-sr_refine""]",True,True,True,False,False,False,False,False,True,False,True,True,True,False,False,False,False,False,False,True,False,False,False,False
llama31_8b,test,CT46,self_repair_contextual_ellipsis,3,D,"[""3aea63f0197ffb9716f0-g_draft""]",True,True,True,False,False,False,False,False,False,False,True,True,True,False,False,False,False,False,False,True,False,False,False,False
llama31_8b,test,CT46,self_repair_contextual_ellipsis,3,G,"[""3aea63f0197ffb9716f0-g_draft"", ""3aea63f0197ffb9716f0-g_final""]",True,True,True,False,False,False,False,True,True,False,True,True,True,False,False,False,False,False,False,False,False,False,False,False
llama31_8b,test,CT46,self_repair_contextual_ellipsis,3,B,"[""3aea63f0197ffb9716f0-candidate_extract"", ""3aea63f0197ffb9716f0-candidate_final""]",True,True,False,False,True,False,True,False,False,False,False,False,False,False,False,False,False,False,False,False,False,False,False,False
llama31_8b,test,CT46,self_repair_contextual_ellipsis,3,C,"[""3aea63f0197ffb9716f0-candidate_extract"", ""3aea63f0197ffb9716f0-candidate_final""]",True,True,False,False,True,False,True,False,False,False,False,False,False,False,False,False,False,False,False,False,False,False,False,False
llama31_8b,test,CT46,self_repair_contextual_ellipsis,3,R,"[""3aea63f0197ffb9716f0-candidate_extract"", ""3aea63f0197ffb9716f0-candidate_final""]",True,True,False,False,True,False,True,False,False,False,False,False,False,False,False,False,False,False,False,False,False,False,False,False
llama31_8b,test,CT46,self_repair_contextual_ellipsis,3,CR,"[""3aea63f0197ffb9716f0-candidate_extract"", ""3aea63f0197ffb9716f0-candidate_final""]",True,True,False,False,True,False,True,False,False,False,False,False,False,False,False,False,False,False,False,False,False,False,False,False
llama31_8b,test,CT46,self_repair_contextual_ellipsis,3,SR1,"[""3aea63f0197ffb9716f0-g_draft"", ""3aea63f0197ffb9716f0-sr_feedback"", ""3aea63f0197ffb9716f0-sr_refine""]",True,True,True,False,False,False,False,True,False,False,True,True,True,False,False,False,False,False,False,False,False,False,False,False
llama31_8b,test,CT47,self_repair_contextual_ellipsis,1,D,"[""f4b193424f4dc33b734c-g_draft""]",True,True,True,False,False,False,False,False,False,False,True,True,True,False,False,False,False,False,False,True,False,False,False,False
llama31_8b,test,CT47,self_repair_contextual_ellipsis,1,G,"[""f4b193424f4dc33b734c-g_draft"", ""f4b193424f4dc33b734c-g_final""]",True,True,True,False,False,False,False,True,False,False,True,True,True,False,False,False,False,False,False,False,False,False,False,False
llama31_8b,test,CT47,self_repair_contextual_ellipsis,1,B,"[""f4b193424f4dc33b734c-candidate_extract"", ""f4b193424f4dc33b734c-candidate_final""]",True,True,True,False,False,False,False,False,False,False,True,True,True,False,False,False,False,False,False,True,False,False,False,False
llama31_8b,test,CT47,self_repair_contextual_ellipsis,1,C,"[""f4b193424f4dc33b734c-candidate_extract"", ""f4b193424f4dc33b734c-candidate_final""]",True,True,True,False,False,False,False,False,False,False,True,True,True,False,False,False,False,False,False,True,False,False,False,False
llama31_8b,test,CT47,self_repair_contextual_ellipsis,1,R,"[""f4b193424f4dc33b734c-candidate_extract"", ""f4b193424f4dc33b734c-candidate_final""]",True,True,True,False,False,False,False,False,False,False,True,True,True,False,False,False,False,False,False,True,False,False,False,False
llama31_8b,test,CT47,self_repair_contextual_ellipsis,1,CR,"[""f4b193424f4dc33b734c-candidate_extract"", ""f4b193424f4dc33b734c-candidate_final""]",True,True,True,False,False,False,False,False,False,False,True,True,True,False,False,False,False,False,False,True,False,False,False,False
llama31_8b,test,CT47,self_repair_contextual_ellipsis,1,SR1,"[""f4b193424f4dc33b734c-g_draft"", ""f4b193424f4dc33b734c-sr_feedback"", ""f4b193424f4dc33b734c-sr_refine""]",True,True,True,False,False,False,False,False,False,False,True,True,True,False,False,False,False,False,False,True,False,False,False,False
llama31_8b,test,CT47,self_repair_contextual_ellipsis,2,D,"[""613c3d0eabc9d625f264-g_draft""]",True,True,True,False,False,False,False,False,False,False,True,True,True,False,False,False,False,False,False,True,False,False,False,False
llama31_8b,test,CT47,self_repair_contextual_ellipsis,2,G,"[""613c3d0eabc9d625f264-g_draft"", ""613c3d0eabc9d625f264-g_final""]",True,True,True,False,False,False,False,True,False,False,True,True,True,False,False,False,False,False,False,False,False,False,False,False
llama31_8b,test,CT47,self_repair_contextual_ellipsis,2,B,"[""613c3d0eabc9d625f264-candidate_extract"", ""613c3d0eabc9d625f264-candidate_final""]",True,True,True,False,False,False,False,False,False,False,True,True,True,False,False,False,False,False,False,True,False,False,False,False
llama31_8b,test,CT47,self_repair_contextual_ellipsis,2,C,"[""613c3d0eabc9d625f264-candidate_extract"", ""613c3d0eabc9d625f264-candidate_final""]",True,True,True,False,False,False,False,False,False,False,True,True,True,False,False,False,False,False,False,True,False,False,False,False
llama31_8b,test,CT47,self_repair_contextual_ellipsis,2,R,"[""613c3d0eabc9d625f264-candidate_extract"", ""613c3d0eabc9d625f264-candidate_final""]",True,True,True,False,False,False,False,False,False,False,True,True,True,False,False,False,False,False,False,True,False,False,False,False
llama31_8b,test,CT47,self_repair_contextual_ellipsis,2,CR,"[""613c3d0eabc9d625f264-candidate_extract"", ""613c3d0eabc9d625f264-candidate_final""]",True,True,True,False,False,False,False,False,False,False,True,True,True,False,False,False,False,False,False,True,False,False,False,False
llama31_8b,test,CT47,self_repair_contextual_ellipsis,2,SR1,"[""613c3d0eabc9d625f264-g_draft"", ""613c3d0eabc9d625f264-sr_feedback"", ""613c3d0eabc9d625f264-sr_refine""]",True,True,True,False,False,False,False,False,True,True,True,True,True,True,True,False,False,False,False,True,False,False,False,False
llama31_8b,test,CT47,self_repair_contextual_ellipsis,3,D,"[""d65ffc61b2f21efc26d3-g_draft""]",True,True,True,False,False,False,False,False,False,False,True,True,True,False,False,False,False,False,False,True,False,False,False,False
llama31_8b,test,CT47,self_repair_contextual_ellipsis,3,G,"[""d65ffc61b2f21efc26d3-g_draft"", ""d65ffc61b2f21efc26d3-g_final""]",True,True,True,False,False,False,False,True,False,False,True,True,True,False,False,False,False,False,False,False,False,False,False,False
llama31_8b,test,CT47,self_repair_contextual_ellipsis,3,B,"[""d65ffc61b2f21efc26d3-candidate_extract"", ""d65ffc61b2f21efc26d3-candidate_final""]",True,True,False,False,True,False,True,False,False,False,False,False,False,False,False,False,False,False,False,False,False,False,False,False
llama31_8b,test,CT47,self_repair_contextual_ellipsis,3,C,"[""d65ffc61b2f21efc26d3-candidate_extract"", ""d65ffc61b2f21efc26d3-candidate_final""]",True,True,False,False,True,False,True,False,False,False,False,False,False,False,False,False,False,False,False,False,False,False,False,False
llama31_8b,test,CT47,self_repair_contextual_ellipsis,3,R,"[""d65ffc61b2f21efc26d3-candidate_extract"", ""d65ffc61b2f21efc26d3-candidate_final""]",True,True,False,False,True,False,True,False,False,False,False,False,False,False,False,False,False,False,False,False,False,False,False,False
llama31_8b,test,CT47,self_repair_contextual_ellipsis,3,CR,"[""d65ffc61b2f21efc26d3-candidate_extract"", ""d65ffc61b2f21efc26d3-candidate_final""]",True,True,False,False,True,False,True,False,False,False,False,False,False,False,False,False,False,False,False,False,False,False,False,False
llama31_8b,test,CT47,self_repair_contextual_ellipsis,3,SR1,"[""d65ffc61b2f21efc26d3-g_draft"", ""d65ffc61b2f21efc26d3-sr_feedback"", ""d65ffc61b2f21efc26d3-sr_refine""]",True,True,True,False,False,False,False,False,False,False,True,True,True,False,False,False,False,False,False,True,False,False,False,False
llama31_8b,test,CT48,self_repair_contextual_ellipsis,1,D,"[""b3289444f128166e5033-g_draft""]",True,True,True,False,False,False,False,False,False,False,True,True,True,False,False,False,False,False,False,True,False,False,False,False
llama31_8b,test,CT48,self_repair_contextual_ellipsis,1,G,"[""b3289444f128166e5033-g_draft"", ""b3289444f128166e5033-g_final""]",True,True,True,False,False,False,False,True,False,False,True,True,True,False,False,False,False,False,False,False,False,False,False,False
llama31_8b,test,CT48,self_repair_contextual_ellipsis,1,B,"[""b3289444f128166e5033-candidate_extract"", ""b3289444f128166e5033-candidate_final""]",True,True,False,False,True,False,True,False,False,False,False,False,False,False,False,False,False,False,False,False,False,False,False,False
llama31_8b,test,CT48,self_repair_contextual_ellipsis,1,C,"[""b3289444f128166e5033-candidate_extract"", ""b3289444f128166e5033-candidate_final""]",True,True,False,False,True,False,True,False,False,False,False,False,False,False,False,False,False,False,False,False,False,False,False,False
llama31_8b,test,CT48,self_repair_contextual_ellipsis,1,R,"[""b3289444f128166e5033-candidate_extract"", ""b3289444f128166e5033-candidate_final""]",True,True,False,False,True,False,True,False,False,False,False,False,False,False,False,False,False,False,False,False,False,False,False,False
llama31_8b,test,CT48,self_repair_contextual_ellipsis,1,CR,"[""b3289444f128166e5033-candidate_extract"", ""b3289444f128166e5033-candidate_final""]",True,True,False,False,True,False,True,False,False,False,False,False,False,False,False,False,False,False,False,False,False,False,False,False
llama31_8b,test,CT48,self_repair_contextual_ellipsis,1,SR1,"[""b3289444f128166e5033-g_draft"", ""b3289444f128166e5033-sr_feedback"", ""b3289444f128166e5033-sr_refine""]",True,True,True,False,False,False,False,False,False,False,True,True,True,False,False,False,False,False,False,True,False,False,False,False
llama31_8b,test,CT48,self_repair_contextual_ellipsis,2,D,"[""4662889733bf6a707e77-g_draft""]",True,True,True,False,False,False,False,False,False,False,True,True,True,False,False,False,False,False,False,True,False,False,False,False
llama31_8b,test,CT48,self_repair_contextual_ellipsis,2,G,"[""4662889733bf6a707e77-g_draft"", ""4662889733bf6a707e77-g_final""]",True,True,True,False,False,False,False,True,False,False,True,True,True,False,False,False,False,False,False,False,False,False,False,False
llama31_8b,test,CT48,self_repair_contextual_ellipsis,2,B,"[""4662889733bf6a707e77-candidate_extract"", ""4662889733bf6a707e77-candidate_final""]",True,True,False,False,True,False,True,False,False,False,False,False,False,False,False,False,False,False,False,False,False,False,False,False
llama31_8b,test,CT48,self_repair_contextual_ellipsis,2,C,"[""4662889733bf6a707e77-candidate_extract"", ""4662889733bf6a707e77-candidate_final""]",True,True,False,False,True,False,True,False,False,False,False,False,False,False,False,False,False,False,False,False,False,False,False,False
llama31_8b,test,CT48,self_repair_contextual_ellipsis,2,R,"[""4662889733bf6a707e77-candidate_extract"", ""4662889733bf6a707e77-candidate_final""]",True,True,False,False,True,False,True,False,False,False,False,False,False,False,False,False,False,False,False,False,False,False,False,False
llama31_8b,test,CT48,self_repair_contextual_ellipsis,2,CR,"[""4662889733bf6a707e77-candidate_extract"", ""4662889733bf6a707e77-candidate_final""]",True,True,False,False,True,False,True,False,False,False,False,False,False,False,False,False,False,False,False,False,False,False,False,False
llama31_8b,test,CT48,self_repair_contextual_ellipsis,2,SR1,"[""4662889733bf6a707e77-g_draft"", ""4662889733bf6a707e77-sr_feedback"", ""4662889733bf6a707e77-sr_refine""]",True,True,True,False,False,False,False,False,True,False,True,True,True,False,False,False,False,False,False,True,False,False,False,False
llama31_8b,test,CT48,self_repair_contextual_ellipsis,3,D,"[""2bf9a58098805c2d5668-g_draft""]",True,True,True,False,False,False,False,False,False,False,True,True,True,False,False,False,False,False,False,True,False,False,False,False
llama31_8b,test,CT48,self_repair_contextual_ellipsis,3,G,"[""2bf9a58098805c2d5668-g_draft"", ""2bf9a58098805c2d5668-g_final""]",True,True,True,False,False,False,False,True,False,False,True,True,True,False,False,False,False,False,False,False,False,False,False,False
llama31_8b,test,CT48,self_repair_contextual_ellipsis,3,B,"[""2bf9a58098805c2d5668-candidate_extract"", ""2bf9a58098805c2d5668-candidate_final""]",True,True,False,False,True,False,True,False,False,False,False,False,False,False,False,False,False,False,False,False,False,False,False,False
llama31_8b,test,CT48,self_repair_contextual_ellipsis,3,C,"[""2bf9a58098805c2d5668-candidate_extract"", ""2bf9a58098805c2d5668-candidate_final""]",True,True,False,False,True,False,True,False,False,False,False,False,False,False,False,False,False,False,False,False,False,False,False,False
llama31_8b,test,CT48,self_repair_contextual_ellipsis,3,R,"[""2bf9a58098805c2d5668-candidate_extract"", ""2bf9a58098805c2d5668-candidate_final""]",True,True,False,False,True,False,True,False,False,False,False,False,False,False,False,False,False,False,False,False,False,False,False,False
llama31_8b,test,CT48,self_repair_contextual_ellipsis,3,CR,"[""2bf9a58098805c2d5668-candidate_extract"", ""2bf9a58098805c2d5668-candidate_final""]",True,True,False,False,True,False,True,False,False,False,False,False,False,False,False,False,False,False,False,False,False,False,False,False
llama31_8b,test,CT48,self_repair_contextual_ellipsis,3,SR1,"[""2bf9a58098805c2d5668-g_draft"", ""2bf9a58098805c2d5668-sr_feedback"", ""2bf9a58098805c2d5668-sr_refine""]",True,True,True,False,False,False,False,False,False,False,True,True,True,False,False,False,False,False,False,True,False,False,False,False
